{"type":"FeatureCollection","_readme":"State outlines for the region gate. buildplaces uses these to tell 'this point stands in a state we do not map' from 'this point is over water', which is the difference between another state's park and one of our own islands \u2014 the municipality snap alone cannot tell them apart, because both are 'outside every town polygon and nearby'.","_source":"US Census TIGERweb State_County MapServer layer 0, fetched 2026-08-13","_simplify":"0.0005 degrees, about 50 m. Coarser tolerances move the NY/NJ line far enough to put Sterling Forest State Park, which is 2 m inside it, on the wrong side.","features":[{"type":"Feature","properties":{"state":"NH","name":"New Hampshire"},"geometry":{"type":"Polygon","coordinates":[[[-70.83872200012337,43.24312400020834],[-70.83814200016523,43.24602999996728],[-70.838476999901,43.24732700028492],[-70.84108700016176,43.24812900027326],[-70.839470000311,43.25108200009353],[-70.84282700003617,43.25422499979249],[-70.85208899982304,43.25672700029826],[-70.85510999998755,43.25505699999312],[-70.85745999995733,43.25581200001898],[-70.85971899969051,43.2576890000497],[-70.86084799964465,43.26264799982484],[-70.8628930000159,43.26479899998781],[-70.86495199973254,43.265722000075755],[-70.87006500012397,43.2661340002131],[-70.87273499976088,43.26862200014637],[-70.87272399989024,43.27002699986744],[-70.87429100041061,43.27185600019855],[-70.88218099967075,43.27253500025996],[-70.88334099958703,43.273230000143144],[-70.88381299959013,43.277159000090684],[-70.88265400039708,43.27891299971629],[-70.88507999963653,43.279776000294184],[-70.88584299989279,43.280813000033525],[-70.88361500012174,43.28343799976437],[-70.88720000035086,43.28271999981071],[-70.89673800032223,43.28534500030967],[-70.89931699972257,43.28788699993447],[-70.89811099977554,43.29126499997528],[-70.89632599969526,43.29210400020001],[-70.89731800028038,43.2927219998638],[-70.90099499967269,43.29138000003747],[-70.90349699997844,43.2923709997048],[-70.90435200029619,43.291211999754005],[-70.90656400017372,43.29203599996985],[-70.907435000385,43.29364599987339],[-70.9061680003386,43.293973999945194],[-70.90393999966922,43.29678100026806],[-70.90055299980683,43.29744499998846],[-70.89776000014625,43.29672000032397],[-70.8963409997639,43.29855099977818],[-70.89885899996315,43.29923799968343],[-70.89953000015788,43.30107699983894],[-70.90204800035715,43.30135900023172],[-70.90143700043689,43.30284699981121],[-70.90255200014731,43.30421200020771],[-70.90258200028455,43.305586000296884],[-70.90372600030729,43.30628700014138],[-70.9048250001242,43.306416999715374],[-70.90703700000172,43.30466199998576],[-70.91260700032765,43.307583999939595],[-70.91381300027467,43.30940800023533],[-70.91170699980405,43.309431000201045],[-70.9112950000754,43.310438000057204],[-70.9153999999882,43.3154119999162],[-70.91179800004065,43.315733000160115],[-70.91355399980858,43.318189000321524],[-70.91202800019441,43.31857800030731],[-70.91141700027414,43.31972300031292],[-70.91636099971285,43.31969200012259],[-70.91680400030197,43.32207199988398],[-70.92035900039386,43.321210000078004],[-70.91825399974815,43.323056999920254],[-70.91915400027173,43.324445000157745],[-70.9228619996262,43.32326999982105],[-70.92438700031376,43.323849999849244],[-70.92483000000456,43.32501699992686],[-70.92292299972556,43.32616200013473],[-70.92621900024969,43.32597100031858],[-70.92420400001566,43.32729899982191],[-70.93040000033048,43.32914499968286],[-70.93165099958505,43.330860999700135],[-70.93123899985638,43.333326000017976],[-70.93395500042239,43.33536299993781],[-70.93114799961978,43.33559899967335],[-70.93117799975703,43.33654499988285],[-70.93749500044565,43.337536999953535],[-70.94005799995246,43.33544700022568],[-70.94468300044724,43.335118999811655],[-70.94618899996993,43.3360259999592],[-70.94675700023251,43.334714000182814],[-70.95014499991983,43.33570600010954],[-70.952479999821,43.33461500015316],[-70.95250999995822,43.33335600006695],[-70.95585199961478,43.33399699968549],[-70.95692000036787,43.33473699971784],[-70.95762099980152,43.338336999734516],[-70.95949899976819,43.34097800019616],[-70.9624289996961,43.34179400017714],[-70.96339000031907,43.340909000163236],[-70.96430599983786,43.3432209998401],[-70.96667000005137,43.34322900020607],[-70.96795299999127,43.34457900015087],[-70.96879200041549,43.34641000026726],[-70.96650299964676,43.34780600030744],[-70.96744900020111,43.34923999986897],[-70.97094300019364,43.35049899983566],[-70.97141400037185,43.34876899981348],[-70.97304899976595,43.34881299975149],[-70.97346100039292,43.3498889998298],[-70.97272900009881,43.350346999801566],[-70.97202699994193,43.354633999918505],[-70.97402600028245,43.35580200023862],[-70.9760239998997,43.35836499980061],[-70.97816100033248,43.35866300009165],[-70.97486499980835,43.362301999730306],[-70.97459000034705,43.36357599981801],[-70.97648199965911,43.36720700014114],[-70.98104500022963,43.37072500018801],[-70.98101400026749,43.37336399987097],[-70.9835490001852,43.376332999820356],[-70.98270999976098,43.377806000037744],[-70.9856680001763,43.37917800002264],[-70.98626300020305,43.3822299999321],[-70.98546999980957,43.38634899989319],[-70.98788099987873,43.38993499970597],[-70.98717899972186,43.393536000002904],[-70.98266299990532,43.39457400009588],[-70.98229700020744,43.398281999967125],[-70.98556199987108,43.401585000263246],[-70.98650800042545,43.403980999789184],[-70.98591300039868,43.410480999834725],[-70.98708800038357,43.41195000011865],[-70.9868430001612,43.41378399998749],[-70.98127299983528,43.42087199990225],[-70.97561200017107,43.42188699970336],[-70.96970700010938,43.42690699968266],[-70.96851700005588,43.4292800000114],[-70.96938700044225,43.433170000178016],[-70.96879200041549,43.4345970003084],[-70.96302399972285,43.4364889997129],[-70.96097900024992,43.438389000179924],[-70.96153599974352,43.44318099981598],[-70.96589599992446,43.4477939996915],[-70.96662599967043,43.45127399987264],[-70.96033800019241,43.466182999997635],[-70.96111599961895,43.46918800031713],[-70.96458000037258,43.47331600023992],[-70.96567599981641,43.472769999844395],[-70.96720399997872,43.473842000065346],[-70.96755499960801,43.47321700024418],[-70.96876200027828,43.473811999752265],[-70.97033300009828,43.47313299976507],[-70.97301899962874,43.475170000307564],[-70.97239299963982,43.47553600010016],[-70.9737209997856,43.476398000082696],[-70.97368999982346,43.47717600007997],[-70.97544399994158,43.476978000188026],[-70.97603999979324,43.47842799988767],[-70.97214800031577,43.47832799985667],[-70.96982900030812,43.47967099995228],[-70.97027199999891,43.4801749999971],[-70.96956999984205,43.480677999851636],[-70.96839499985715,43.48019699986709],[-70.96752600019401,43.4809449998056],[-70.96857800015525,43.4822500000922],[-70.96720499980364,43.482455999900445],[-70.96792200002913,43.48250900003177],[-70.96885299961654,43.48404299973292],[-70.96824199969626,43.48432499996631],[-70.96859400004878,43.48538500007135],[-70.96941800040439,43.48563000024086],[-70.96795200016636,43.4884750003245],[-70.96828899955194,43.489451999747736],[-70.9644280000366,43.49347999985918],[-70.96433599997509,43.49714200017848],[-70.95884299964206,43.499369999678485],[-70.95974300016566,43.50026300019111],[-70.9585070000814,43.50166599975954],[-70.95797300015401,43.50803700024834],[-70.95466099973636,43.50930299996599],[-70.95495100016458,43.51132499990173],[-70.95679800016913,43.51278200001593],[-70.95386800024123,43.519144999877646],[-70.9539440004092,43.52227299998951],[-70.95679800016913,43.5241040001286],[-70.95682900013126,43.52835400031528],[-70.95829399964607,43.530055000164786],[-70.95775899989377,43.53149699985443],[-70.96247399990195,43.5342049998297],[-70.96297799969209,43.53834000004058],[-70.96380200004772,43.53937099993218],[-70.9614210001158,43.54019399992115],[-70.9621540002348,43.5410870000492],[-70.95879699961131,43.54059899989156],[-70.95591299971416,43.54209400003746],[-70.9550649999674,43.54058999997965],[-70.95350400019313,43.54060300006902],[-70.95363300006457,43.544166999988775],[-70.9525090001333,43.54535600015101],[-70.95203499958207,43.549793999759274],[-70.95063199999154,43.55131299981352],[-70.9549029995857,43.55404500008487],[-70.95559899989479,43.55891300016223],[-70.95725299955548,43.561338000097656],[-70.9628299995541,43.56339399987109],[-70.96671199988415,43.569437000161685],[-70.96989600025528,43.568554000272286],[-70.97277400030465,43.57051200022883],[-70.97667400017806,43.640134000273825],[-70.9817470003865,43.699110000256056],[-70.98346100032167,43.73417699992527],[-70.98903999997009,43.790138000058185],[-70.99019599968841,43.84667599978775],[-70.9923080000068,43.88671099973361],[-70.993328000181,43.9297930000125],[-71.00472900005043,44.16418200023854],[-71.00574599985158,44.20267500002743],[-71.01822399979662,44.431671999905156],[-71.02616199963566,44.549267999721],[-71.02910199960934,44.62505700008253],[-71.03352399971453,44.69763699976558],[-71.04311799976242,44.82689100029191],[-71.05824699997612,44.99051499973217],[-71.0645489996978,45.08280099977496],[-71.07448599987737,45.20428800007103],[-71.07717300013104,45.25004800024404],[-71.08392799958928,45.305483999973255],[-71.0857160000426,45.30577800020018],[-71.08678700027039,45.304722999765886],[-71.09254699966881,45.30391899988149],[-71.09468199955343,45.302470999875204],[-71.09820099966032,45.301672999708074],[-71.09825199971394,45.300224000221746],[-71.10527999988197,45.29487499971958],[-71.10418899956267,45.29151700027593],[-71.10655500032428,45.29108699972362],[-71.10903900018836,45.286117999976554],[-71.11098900012507,45.28437700000179],[-71.10917399990758,45.28234699983803],[-71.1054439999135,45.28279899983197],[-71.10643800014842,45.281572000237105],[-71.10636500035349,45.28000899999366],[-71.10718899981077,45.27834699972728],[-71.10971200003291,45.27693800006705],[-71.11009600017248,45.27570900005488],[-71.11631000003064,45.27408499998956],[-71.1164339998792,45.26943999987953],[-71.11916600033871,45.267129999780664],[-71.1202009996832,45.26514199996368],[-71.12031600020923,45.26366699997252],[-71.11922300024011,45.26306700008102],[-71.11954499955709,45.261619999972105],[-71.12389800006532,45.258390999824606],[-71.12411700034845,45.25513799972917],[-71.1279440004269,45.253690000104235],[-71.12972100011123,45.25140900024519],[-71.12988500014278,45.24852499968433],[-71.13092799988317,45.24655000016697],[-71.13290999960692,45.244512000062464],[-71.13925200040991,45.24278899992959],[-71.14351100030851,45.24255100015113],[-71.14578000008744,45.24121200028762],[-71.14625899976323,45.23972599991918],[-71.14756000014481,45.2394349996876],[-71.14830999998227,45.23972199972614],[-71.14733900021189,45.24090500027155],[-71.14857000027327,45.24287000004402],[-71.15597599983475,45.2464530000999],[-71.15701299972739,45.24819000027275],[-71.15985200031703,45.24878300004224],[-71.16233100015823,45.25034600016592],[-71.16882200002583,45.2462719998644],[-71.17320300012314,45.246315000129826],[-71.17681599994137,45.244045999752686],[-71.18010099969652,45.23993700021573],[-71.18239600031302,45.24063499980123],[-71.18249099984926,45.24249900020497],[-71.18397299998082,45.24358100002822],[-71.18396499958492,45.24494100007103],[-71.18688700001522,45.24438699999893],[-71.18777800031798,45.24505999982231],[-71.18773300011213,45.247618000001296],[-71.19103100028609,45.24788100020791],[-71.19118500027186,45.24940399969474],[-71.1951370000238,45.25126599980959],[-71.19486500003724,45.25186800012622],[-71.19642900018457,45.25405200015178],[-71.1986360000392,45.25425399969932],[-71.20000099999487,45.25327999995041],[-71.20250300030064,45.25431900008654],[-71.20528300044072,45.25240899971203],[-71.20718700034668,45.25305800003854],[-71.20963500022573,45.25059800006817],[-71.21265700021515,45.2501190002103],[-71.21697899986295,45.25042499990424],[-71.21766699977611,45.251103000160896],[-71.22062799966616,45.25073499989721],[-71.22210300012503,45.253362999899664],[-71.2282609999067,45.249379000212635],[-71.23061400024953,45.24941700000294],[-71.23310999980917,45.25152200005167],[-71.23132999975178,45.253902999990615],[-71.23559100019851,45.26090700006824],[-71.23941999992678,45.261666999911874],[-71.2391870002983,45.26333500025558],[-71.2456150004167,45.26879899973548],[-71.24947000008424,45.26802000023353],[-71.25030000028765,45.2696240000779],[-71.25541199995585,45.271968999992886],[-71.25640500036586,45.273195999902626],[-71.25939200019518,45.27203300021887],[-71.25962700037181,45.27457400001535],[-71.26229600018382,45.27599500008866],[-71.26297499987618,45.27743200024402],[-71.26374200033038,45.28478600007996],[-71.26617699979064,45.291441000145056],[-71.26444399958893,45.293228999786024],[-71.2649480002774,45.293791999913125],[-71.27268799974972,45.296571999991095],[-71.2757769996863,45.295046999965614],[-71.28051699980885,45.2945879997201],[-71.28270500029524,45.29710999983915],[-71.28200800016123,45.299117000143866],[-71.28358999985188,45.30001099974207],[-71.28308000021394,45.30092300020561],[-71.2842240002367,45.302358999964035],[-71.28579199968365,45.30036300020714],[-71.2879130002229,45.30090799984894],[-71.29096699999937,45.29871099995945],[-71.2962340003766,45.29914399974021],[-71.29878600001274,45.29703699989715],[-71.30053000008512,45.296648999874776],[-71.3030089999263,45.29297599977432],[-71.30448299966196,45.292429999974345],[-71.30639999998668,45.2900100002898],[-71.30758800039037,45.287485000271744],[-71.311294000095,45.28654199987985],[-71.31542400012216,45.28659399994788],[-71.3208329998913,45.28191999973959],[-71.3308019998579,45.28027899975529],[-71.33244800002096,45.27821700016455],[-71.33303100035215,45.275855999796995],[-71.33641200036678,45.272741999701594],[-71.34234699966737,45.271259000210975],[-71.34768199981664,45.27201600021524],[-71.35031600036687,45.26950300027228],[-71.35345499963385,45.26860500020101],[-71.35568199957997,45.26859999997288],[-71.36027799976247,45.270331999799446],[-71.36321299971326,45.26673799983315],[-71.35933399975625,45.26209400003108],[-71.35871199996532,45.25946300028623],[-71.35661600043875,45.256579999968565],[-71.35653900044586,45.2538969999335],[-71.35881200042274,45.250910999935854],[-71.36277199967229,45.24830200026187],[-71.36691500011824,45.24738900006811],[-71.36801899995803,45.24638900012796],[-71.37238099978877,45.2462400001017],[-71.37834100010204,45.24349199980752],[-71.38034299991727,45.23870799989565],[-71.38413700038377,45.233509000115156],[-71.38591599971792,45.23309199990279],[-71.38926300029568,45.23495400015141],[-71.3927020000366,45.23870599976331],[-71.39247699990572,45.23942799994625],[-71.39635599986272,45.241852000057705],[-71.40214499957344,45.242598000061456],[-71.40744600028584,45.241216999765236],[-71.40851599979044,45.23929200010146],[-71.41192199991941,45.23872499975251],[-71.4130049998428,45.23584099980158],[-71.4168210000506,45.235780999731965],[-71.42105099963689,45.23220300000198],[-71.42361300021709,45.23362099994829],[-71.42912699956818,45.233960999987396],[-71.42963299990649,45.23596900003365],[-71.43422200041627,45.23841500000077],[-71.43966999964513,45.23909899974433],[-71.44281800003127,45.23829199995303],[-71.44351199979222,45.23479899968937],[-71.44049999984854,45.235004999913066],[-71.43826200003174,45.23251000022108],[-71.43574899985535,45.23134099971232],[-71.43528600007308,45.23173899969908],[-71.43172099993544,45.22859999982827],[-71.426395000007,45.22619600005387],[-71.42639300035718,45.22517900027685],[-71.42073799964244,45.22384700017694],[-71.41895699976014,45.222038999688955],[-71.41741199987939,45.22174599990415],[-71.41581099992214,45.21835700011117],[-71.40312200008992,45.21529899992111],[-71.40173700004276,45.21336900003713],[-71.40156700016344,45.2114169998458],[-71.39894699985692,45.208753000154324],[-71.39734199970172,45.203517999764884],[-71.40022899997193,45.20158100015642],[-71.3999739997038,45.20032499990595],[-71.40218700030455,45.20035100018917],[-71.40332899977915,45.19870599996234],[-71.40585600019926,45.19770100029742],[-71.4041980003406,45.19496699992394],[-71.40742100017148,45.19156199987173],[-71.40693999994754,45.189948000226074],[-71.41002999970904,45.18665400019429],[-71.41441599982925,45.18478599991056],[-71.41574599962483,45.1806849999207],[-71.41455800011946,45.180347000077646],[-71.41410299983478,45.17898899990227],[-71.4173700000466,45.17486299969582],[-71.4178970003013,45.172130999690374],[-71.41881500036823,45.171227000029056],[-71.41845200014507,45.17053000007598],[-71.42306900024396,45.1663950000482],[-71.4249310003171,45.165836999920096],[-71.42432600024462,45.164645999727256],[-71.42343699959167,45.16463999974785],[-71.42437200027537,45.16310699980881],[-71.4234940003914,45.160673999852115],[-71.42439300019176,45.16053700021885],[-71.42365800042292,45.159677999911224],[-71.4257270001853,45.157750999710274],[-71.42484400027847,45.156732000146576],[-71.42624199984611,45.156008999945676],[-71.42639900020497,45.152674999817],[-71.43326599981619,45.14831300027776],[-71.43331900041794,45.14527999992715],[-71.43422599971592,45.14560200005446],[-71.43539200037829,45.14187199974365],[-71.4376040002558,45.14187599984991],[-71.43578400001546,45.13959399978057],[-71.43242300009233,45.13800400010703],[-71.43087099964056,45.13506700021259],[-71.42874999999965,45.13353099995447],[-71.42724699995168,45.1298660003043],[-71.42609600025625,45.12946599973389],[-71.42652800007637,45.12700999993426],[-71.42907600041288,45.124714999787734],[-71.42838500012665,45.123672000290064],[-71.43177199998908,45.120465999893625],[-71.43560300026549,45.11913699988334],[-71.43546500017322,45.11811799969576],[-71.43861600003409,45.117265000231654],[-71.44070499988796,45.114815999888165],[-71.44033400016718,45.11368900015112],[-71.44411100001693,45.112538000046314],[-71.44601999994575,45.113515999965934],[-71.44878699966704,45.11256699972044],[-71.44846600017499,45.11140999993221],[-71.45022100011802,45.11050099979504],[-71.45060899955723,45.10917099992514],[-71.44913399999669,45.10922500028416],[-71.44869799997858,45.10788600010755],[-71.45039900039326,45.10706999982088],[-71.449896000428,45.10632999989911],[-71.45107999973541,45.10510499989301],[-71.4495430002506,45.10512599987908],[-71.44929200018042,45.10446899991603],[-71.45845199986002,45.09882600000354],[-71.45943799969903,45.096549999965596],[-71.45834899992786,45.09515800028338],[-71.46050300007907,45.09489799987296],[-71.46207899992196,45.09308999980525],[-71.46438899970876,45.093350000203046],[-71.46635600026221,45.08880999998384],[-71.4654339999973,45.08751000014974],[-71.4662009995532,45.08663600009974],[-71.46735399979677,45.086703000288026],[-71.46715700015328,45.085246000239295],[-71.46844599994098,45.0843030001969],[-71.46787799967842,45.08365099975365],[-71.47516399958931,45.084236999974905],[-71.47698499965458,45.08292199988801],[-71.47811899963159,45.08434200014806],[-71.47850000029639,45.08354999996978],[-71.48118900019989,45.082906999683466],[-71.47996399998628,45.08162700007126],[-71.48114599964387,45.08030299988782],[-71.48218099988668,45.080353000296036],[-71.48263000032358,45.07899899984859],[-71.48728599988218,45.078674000129205],[-71.48636600016543,45.07563599994043],[-71.48928199984964,45.07372299995929],[-71.48911399962016,45.07233600003694],[-71.48775700006038,45.071373000202634],[-71.48969600012643,45.070650999949684],[-71.49443000040115,45.071313999757095],[-71.4941650000873,45.069893999897495],[-71.49566999978506,45.06884700021478],[-71.49649599979051,45.07000799978308],[-71.49804200039448,45.07018700025216],[-71.4976080000262,45.06676699986889],[-71.49566700031035,45.06475399988629],[-71.4974459996445,45.061219999893666],[-71.49710300041113,45.0601160000801],[-71.49920300013567,45.05836000022097],[-71.50126600005026,45.0587249997007],[-71.50092600029163,45.057526999740325],[-71.49756100017053,45.057486999811815],[-71.49908000011202,45.056430999828834],[-71.49720200014534,45.055800999749195],[-71.49857799997167,45.053991000139085],[-71.50019800019548,45.05407199991988],[-71.49902700040856,45.05286799988923],[-71.49959099957488,45.05248100000384],[-71.50438799959879,45.05237399997185],[-71.50535400024464,45.04892300007908],[-71.50644999968848,45.04848200016434],[-71.50660600022242,45.047554999775706],[-71.50461399955459,45.0470900002223],[-71.50399000011386,45.047419000307],[-71.50474900017214,45.04790499980566],[-71.50316300028351,45.04811000025214],[-71.50288899974882,45.04709700013576],[-71.50451499982042,45.04607800009094],[-71.50311899990258,45.045203999763714],[-71.50180699965034,45.046108000154156],[-71.50114100037679,45.04508900026319],[-71.49813600010582,45.04456199993723],[-71.4932760003327,45.04577299971879],[-71.49095399995198,45.043167000095394],[-71.49310399990522,45.03448300014978],[-71.49254900006144,45.03354800002205],[-71.49481199999258,45.03306500005438],[-71.4935669996875,45.03199299977341],[-71.49414699964564,45.031491999956025],[-71.49627200038285,45.03174899971828],[-71.49774600011847,45.03002200023603],[-71.49715600011459,45.02863499972962],[-71.49868599992672,45.028304000283825],[-71.49797500044733,45.02654400024509],[-71.4995920002981,45.02670799992756],[-71.50013700009613,45.026079000077175],[-71.49927199973264,45.02546399970646],[-71.49947500012222,45.02456100014494],[-71.49711299955858,45.02360100022236],[-71.5001560003627,45.02348599984304],[-71.49962400008515,45.02235300019361],[-71.50007400034693,45.02008799976222],[-71.49855899970511,45.02023499983137],[-71.50087199986497,45.019348000191705],[-71.49956600035884,45.01909900027175],[-71.49935600029654,45.01832299984632],[-71.5013959997466,45.017510999685946],[-71.49953500039668,45.014868999726104],[-71.50108199992725,45.01334700017625],[-71.46504999985775,45.01363800026322],[-71.46506499992637,45.012917999891435],[-71.4676309998062,45.01128899990466],[-71.47634799979502,45.009426000251196],[-71.47845799956528,45.00748600012237],[-71.48055200034034,45.00233399994976],[-71.48649500003684,45.00213100020788],[-71.48828099994202,45.00073900020509],[-71.4908910002028,45.00242500006054],[-71.49418400035388,45.00309699977494],[-71.49534300044525,45.004601999976074],[-71.4984170003132,45.00394399971834],[-71.5008810000858,45.006694999960274],[-71.50437000005546,45.00827300021629],[-71.50878399976474,45.00784400003129],[-71.51403600007335,45.004384000166105],[-71.5211780000442,45.00208799969463],[-71.52445399957853,45.00206699994928],[-71.53040300002112,44.99936400022625],[-71.5317470000604,44.99732499987451],[-71.53490100029433,44.99574099983165],[-71.53715199963158,44.99325199968331],[-71.5368010000023,44.99240499986183],[-71.53353499961541,44.99165000025897],[-71.53313799995536,44.99085700004814],[-71.5384329999217,44.98970399984613],[-71.53864700018194,44.987256000068726],[-71.54151600001047,44.98476800000649],[-71.54092099998373,44.98365500005286],[-71.5378229998263,44.98439400005098],[-71.53675499997155,44.98389899983404],[-71.53719699983743,44.98073199993918],[-71.53297100044911,44.97989300004541],[-71.53117899979785,44.97501499977647],[-71.52744700015394,44.97318699972571],[-71.52552499980634,44.96962399972582],[-71.52219700039348,44.96945599980393],[-71.52184599986587,44.96870099982662],[-71.52311399973719,44.96794399997254],[-71.52291999956842,44.96615599977047],[-71.51795500021332,44.96765499989088],[-71.52370899976394,44.96427700024597],[-71.51978499960111,44.96349100017426],[-71.5163209997458,44.964477999731216],[-71.51500099999596,44.958596999717976],[-71.51585700013861,44.95275800022402],[-71.51924099962798,44.94961999995253],[-71.5167579995888,44.94841700019025],[-71.51779500037975,44.944993999835475],[-71.51479000010875,44.94369499987899],[-71.51706800010852,44.93911699983001],[-71.51989599992919,44.938487999699326],[-71.520959999586,44.93891899998304],[-71.52129699986988,44.94062499992339],[-71.52283799955265,44.93991500009581],[-71.51998200014292,44.93690999981756],[-71.51622799985938,44.93515800001827],[-71.51586800000928,44.931714999865015],[-71.51322199976349,44.92921099984599],[-71.5154400003871,44.92814699987504],[-71.51572300024432,44.927231999685446],[-71.51249600021548,44.926203000270796],[-71.5043800001012,44.91918300025429],[-71.50070000033583,44.91462800029532],[-71.4999449995772,44.91117400019229],[-71.49460299975523,44.91187899996863],[-71.49316900020256,44.91137000009292],[-71.49308200016391,44.91039400004116],[-71.4960170001147,44.908897999777906],[-71.49595099999246,44.90735999988244],[-71.49469099961877,44.905546000206435],[-71.49490999990189,44.90429900001666],[-71.49660899976841,44.903603000237716],[-71.5005229998855,44.904713000205014],[-71.50327700008633,44.901503999692096],[-71.50737199995339,44.89948899992786],[-71.5082730003019,44.89652000019656],[-71.51388299991248,44.89431100012727],[-71.51326699996932,44.892230000086045],[-71.51066900030243,44.890430000255314],[-71.5151240000196,44.88703700028386],[-71.51608499974425,44.88452299972447],[-71.51895600012094,44.884663999799905],[-71.52257700033506,44.879643000308775],[-71.52837199989358,44.877712000075114],[-71.52875100001026,44.87349399968691],[-71.53291100017465,44.870221999982256],[-71.53596999997399,44.86874299992655],[-71.53992799957372,44.868477999836294],[-71.54592300004708,44.86593200008428],[-71.54945100037479,44.86208400011812],[-71.54974699975249,44.85969600000015],[-71.54731300011711,44.85638100024443],[-71.54745200003428,44.85539799998863],[-71.55382999992398,44.851366999692345],[-71.55579400010438,44.848566999953604],[-71.55548199993486,44.847006000181814],[-71.55157700003859,44.84275699978669],[-71.55070400017749,44.83929300024338],[-71.5511140002563,44.83696500030335],[-71.55332799978365,44.83516399978051],[-71.55725399959631,44.83387300016582],[-71.5618360004334,44.82362500024223],[-71.56377600032437,44.82294600013432],[-71.56531399963409,44.82410000023947],[-71.57315100008913,44.820823000307406],[-71.57686500018968,44.81519699994443],[-71.57641699957769,44.812730000143574],[-71.572903000392,44.81124099968741],[-71.56838400020241,44.80704000004349],[-71.57279999956152,44.79920600007158],[-71.5726299996822,44.79677300015662],[-71.57116000014454,44.79431399999119],[-71.57281700017828,44.79087099982585],[-71.57586199973393,44.789257999816016],[-71.57918199964918,44.78493600022784],[-71.58307999987275,44.78518200025956],[-71.59248599959965,44.782668999946814],[-71.59564099965846,44.77931200026702],[-71.59584400004806,44.77823899979317],[-71.59466400004028,44.77647699976835],[-71.59509900023347,44.77540500007531],[-71.60054700036068,44.77293400025591],[-71.602873000041,44.76926099981707],[-71.60621300004773,44.76681899995916],[-71.61135499985318,44.76532900023763],[-71.61310099957537,44.76119999971604],[-71.6128560002513,44.7589979998219],[-71.61666900008605,44.75629899976274],[-71.62115700031349,44.755772000041325],[-71.62518900043138,44.75384299997303],[-71.62991899960984,44.753578000264476],[-71.6320200000576,44.752058999887964],[-71.63149600017594,44.74883500005272],[-71.62733000016378,44.747331000079875],[-71.625092000347,44.74336099972923],[-71.62641100027193,44.74050999980873],[-71.62493599981308,44.73681100022516],[-71.62600399966784,44.73369399998606],[-71.62609300025461,44.728543000153905],[-71.62358299955295,44.72731600002337],[-71.61907900033029,44.72903500026831],[-71.61710699975397,44.72871199971942],[-71.61864400013711,44.72219300017957],[-71.61254800027973,44.71918599990273],[-71.61251200029471,44.716673000235744],[-71.6085200003598,44.7139560002074],[-71.60501399977339,44.70840999968797],[-71.59939199956895,44.70531500014723],[-71.59858900002804,44.703241000150264],[-71.60088700011927,44.700100999696716],[-71.60076999994341,44.69901700004422],[-71.59386099960108,44.69641499994482],[-71.5941080003716,44.69526699982279],[-71.59649699980113,44.6946090002623],[-71.59793700009988,44.69222199990339],[-71.59656399974828,44.687323999837226],[-71.59395900040869,44.68342499985727],[-71.5941500002044,44.68153300016747],[-71.59662300019782,44.679055999783124],[-71.59661499980191,44.67808799990612],[-71.59322999958931,44.67667200012317],[-71.59083100011405,44.67662000027546],[-71.58774800002526,44.67447900009661],[-71.58304399988774,44.67441599999153],[-71.58146300002198,44.673204000243224],[-71.58256600003686,44.671608999907896],[-71.58787699989668,44.66993199976851],[-71.58542599964456,44.666621000095894],[-71.58493299972505,44.66405400002085],[-71.5853710002913,44.66276699977297],[-71.58766799965932,44.66109900029138],[-71.5873649997106,44.65971500016538],[-71.58272199967246,44.65589099970555],[-71.57992599963885,44.65535599969164],[-71.57741199963753,44.656145999874305],[-71.57521499982863,44.65582999994255],[-71.57442999983107,44.654203000245026],[-71.57525900020956,44.65310200014657],[-71.58007100030211,44.65209899992334],[-71.57708100009974,44.650686000188145],[-71.57331599994555,44.64996099997253],[-71.56902500025993,44.65028999989512],[-71.56705299968361,44.653348999703965],[-71.56579400003312,44.65385200024588],[-71.5628060003789,44.65235599973037],[-71.56199999956662,44.65057900005115],[-71.5619619999318,44.64718899980102],[-71.55879000015453,44.64421900029616],[-71.55779000007185,44.64195999982623],[-71.55970400002352,44.63929799995612],[-71.56377499960114,44.638942999799234],[-71.56372100007277,44.637247000148975],[-71.55818699973186,44.63427500029211],[-71.55375600030413,44.63042599988329],[-71.55214000027827,44.630082000097566],[-71.54950999992602,44.63090300009279],[-71.54681900037272,44.629756000217974],[-71.54693099962738,44.628550000125784],[-71.55210400029327,44.62731400031891],[-71.5515710001908,44.62775399999812],[-71.55448600005009,44.62953199998063],[-71.557019000318,44.629485999864855],[-71.55692700025648,44.62741800019538],[-71.5531129996985,44.62700599983762],[-71.55151099991633,44.625197999795084],[-71.54800100003028,44.62513699972114],[-71.54633700032385,44.622955000075606],[-71.5467339999839,44.6222140000203],[-71.54786299993803,44.62224500031662],[-71.55044200023667,44.62313000016373],[-71.55299100039808,44.625183000086786],[-71.55512700010762,44.62524400011239],[-71.55654599959165,44.61774400027084],[-71.55376899982461,44.609144999805665],[-71.55363099973236,44.60613199997727],[-71.55585900040171,44.6037060000846],[-71.56176399956507,44.6031340002118],[-71.5621309999862,44.601180999769724],[-71.56042100024901,44.59976900002337],[-71.55727899971066,44.599381000060525],[-71.55094600002683,44.60101999989443],[-71.55060999956785,44.599693000201704],[-71.55415100031435,44.59796100000931],[-71.55421099969048,44.59535199997655],[-71.55518800020698,44.59334600006028],[-71.55285300030582,44.593307000272134],[-71.54597199955256,44.597130000100954],[-71.54528500036261,44.59502399991379],[-71.54740600000353,44.59219400030534],[-71.54689299999255,44.590837000032636],[-71.54412500044634,44.591048999948306],[-71.53849400002105,44.594170000243],[-71.53786899985707,44.592262000138746],[-71.54005099959736,44.5899129998554],[-71.54005099959736,44.58852399976716],[-71.53806700022379,44.58742800009385],[-71.53490899979192,44.58789800018244],[-71.5368920002389,44.585731000153395],[-71.53738099996043,44.58335899973943],[-71.53846399988383,44.5821309999817],[-71.54578800032786,44.57793399989558],[-71.54966399991181,44.57832299982709],[-71.55167900014584,44.58077999996481],[-71.55025899993856,44.58379399972583],[-71.55236500040917,44.584392999991174],[-71.55483699967938,44.58077300016478],[-71.55480599971725,44.57936899983363],[-71.5526549999391,44.575844000118266],[-71.54844399972107,44.572982999944735],[-71.54772599967067,44.571380999708275],[-71.5493740003819,44.56964099976007],[-71.55131199972472,44.56911499989875],[-71.55771100042911,44.57040400004537],[-71.55915599985242,44.56813799992972],[-71.55822500026501,44.56537699975472],[-71.55971700044232,44.56397500024505],[-71.56823500023948,44.56275999981816],[-71.57612399967475,44.565078999901104],[-71.58277699992405,44.56488800002115],[-71.58957800031136,44.56573700012766],[-71.59493799967669,44.56291999970532],[-71.59696799997931,44.55947100018657],[-71.59858599965499,44.55479499996402],[-71.58688100001194,44.547149999929616],[-71.5766419997086,44.542359000294745],[-71.57186700032427,44.53791900018371],[-71.57349900024366,44.53314300011335],[-71.58074699962141,44.52459800009849],[-71.5862859999852,44.52234699985101],[-71.59258699988197,44.52326099984111],[-71.59411400021939,44.52155399987722],[-71.59193199958078,44.51790700024183],[-71.58630199987871,44.514672000110785],[-71.58285300009203,44.50817999983535],[-71.57694800003034,44.50431200024123],[-71.57702400019832,44.50206099986164],[-71.57974099969091,44.501503999828785],[-71.58292900026002,44.50219800018278],[-71.58471500016518,44.50318999978641],[-71.58576799995134,44.50618799994845],[-71.58813299998971,44.506585000167014],[-71.58828500032568,44.505189000181744],[-71.58623999995444,44.50344900019021],[-71.58695800000483,44.501770999869066],[-71.58592000028729,44.49936000017382],[-71.58706500013496,44.49842199988107],[-71.58943000017335,44.49822300008649],[-71.59101699988689,44.50110700024622],[-71.59388499989053,44.50103100026637],[-71.59460999961361,44.500035999939925],[-71.5952130000363,44.49340900006886],[-71.59779099961169,44.48976200013133],[-71.59860099972362,44.48682499980245],[-71.60063000020133,44.485680999777315],[-71.6095260002903,44.484200000212475],[-71.61558399961451,44.485977999992826],[-71.61784300024604,44.485841000014396],[-71.62112299997831,44.48174400025244],[-71.6245569996964,44.475183000088066],[-71.6262050004076,44.474466000141426],[-71.63178900007892,44.47402299973645],[-71.63450499974658,44.47562500007325],[-71.6349630004043,44.4766999997221],[-71.63423000028529,44.4788439998668],[-71.63343699989183,44.47821100024387],[-71.62763800013535,44.47967599998146],[-71.62466300000159,44.48174400025244],[-71.62505999966163,44.48299500006165],[-71.62686099963543,44.48402499971436],[-71.6327819995906,44.48379600017395],[-71.63461500024977,44.4804620002755],[-71.63585100033403,44.48047099969159],[-71.63896700003478,44.477467999970585],[-71.64230799986642,44.47650100016044],[-71.64683700010177,44.47320200029861],[-71.64761700007645,44.4716289999244],[-71.64697699984384,44.46994499979046],[-71.63962700035886,44.46635100017672],[-71.63898600030136,44.464410999938295],[-71.64426600019904,44.460250000241984],[-71.65169299967692,44.46087200014395],[-71.65421699972399,44.458823000081175],[-71.65637099987516,44.455159000249644],[-71.65775599992234,44.44555199983723],[-71.66088300039208,44.43993699968091],[-71.66554599962339,44.43671199993418],[-71.67796199964415,44.43525500007517],[-71.67928200029232,44.43433700014405],[-71.67595099960808,44.428905999709585],[-71.67696699958432,44.426848000185174],[-71.67785299986421,44.42648600005262],[-71.6803309998805,44.42771400024166],[-71.68270099994177,44.4273400000356],[-71.68428500018057,44.42364500028499],[-71.69413000029861,44.41939100008644],[-71.70258000032374,44.413542000301724],[-71.714279000119,44.40954499968348],[-71.72574299973763,44.410963999750656],[-71.7354129999535,44.410004999881274],[-71.7382159996598,44.40817100003921],[-71.74202799966965,44.40165000004235],[-71.74372599971127,44.401026999869124],[-71.74846099981092,44.40143799972566],[-71.75609099967839,44.40640099979411],[-71.76196599960284,44.40702700001131],[-71.76738299976789,44.40572499987886],[-71.77844600042685,44.39983500000729],[-71.7908210004397,44.40024699984781],[-71.79448299976342,44.39900400014003],[-71.80220499969239,44.39354900013306],[-71.80348799963232,44.39188999970192],[-71.80342499988313,44.39027600022592],[-71.79988499985986,44.38607200017814],[-71.80057199994812,44.38402799987244],[-71.80307400025384,44.38327999999822],[-71.8091319995781,44.383760000216284],[-71.81442700044272,44.38192200026372],[-71.81567799969729,44.37502499973796],[-71.8123209999721,44.37163699969116],[-71.8158769998889,44.36859299993363],[-71.81628899961757,44.367403000013574],[-71.81241300003362,44.357324999968576],[-71.81299299999175,44.355714999759535],[-71.81474700010986,44.354493999985145],[-71.8186229996938,44.35304500032059],[-71.82329199967123,44.35281599981121],[-71.83370000002897,44.35004599983587],[-71.84302299991519,44.34470600003288],[-71.85284999959157,44.3409220001879],[-71.86313400010074,44.339898999998304],[-71.87145100005648,44.336695000155444],[-71.8777529997782,44.33844999994563],[-71.88654199973703,44.342524000302014],[-71.89330200011645,44.343775000132545],[-71.89952799967018,44.34674299971884],[-71.90511300006473,44.3481919997356],[-71.91062099956805,44.3483759997952],[-71.91721299971799,44.346635999891255],[-71.92522500007519,44.341852999781345],[-71.92909999983422,44.337626000048594],[-71.93404400017126,44.33600099998328],[-71.93921699993884,44.33586299993471],[-71.94559499982851,44.337709999882016],[-71.95713100031548,44.337495999824505],[-71.96303700020208,44.33651199981218],[-71.98142400040673,44.33736599995461],[-71.98465899993319,44.33601599968962],[-71.98647499997558,44.331491999790416],[-71.98813799985709,44.330064999847814],[-72.0090890002918,44.322222000055014],[-72.01925200042716,44.320193000308265],[-72.02930699970916,44.32234500008248],[-72.03280200042492,44.32048999992246],[-72.03362599988222,44.31805699988361],[-72.03329000032156,44.31640100017659],[-72.03141300017978,44.31524899972793],[-72.03255800002745,44.310304999756625],[-72.03229899956136,44.30398000030754],[-72.03287799969459,44.30216499969774],[-72.03852400018849,44.296443000158696],[-72.0440019995546,44.295337000111985],[-72.04638300038482,44.291995000200885],[-72.05346300043139,44.290354999820536],[-72.05863600019896,44.286501999848916],[-72.06438899992467,44.27932299971928],[-72.06785199995508,44.27340199983063],[-72.06847799994395,44.27080099971527],[-72.06689100023043,44.268091999701845],[-72.06574600038276,44.26865700028012],[-72.06463099977401,44.267694000044024],[-72.06296000039488,44.26911899997525],[-72.05833099970212,44.27008300026785],[-72.060054999683,44.26758900005029],[-72.05881899959876,44.2671159998605],[-72.05860500023682,44.26505600008879],[-72.05964299995436,44.26396499971253],[-72.05948999979348,44.26576500017056],[-72.06098600016875,44.26323299981487],[-72.06165700036347,44.26355299991768],[-72.0607719999085,44.26185099991599],[-72.05945999965626,44.261997000181346],[-72.06152000009612,44.261072999720724],[-72.0602720003163,44.26070299994005],[-72.05970400005373,44.256365999776534],[-72.05472999957948,44.24787499981185],[-72.05012099987653,44.24431199988114],[-72.04766399977662,44.23895600023932],[-72.05363099976256,44.22534500014354],[-72.05381400006065,44.222857999778995],[-72.05257799997639,44.217829999851894],[-72.05536999981207,44.21283299984706],[-72.05839199980149,44.211788000060096],[-72.05947499972487,44.21056000020295],[-72.0598560003897,44.20978100027039],[-72.05816199964772,44.20819400008724],[-72.05874300032909,44.20724099977897],[-72.05775099974399,44.20583700005028],[-72.05874300032909,44.20202999970788],[-72.06037500024847,44.19982499999227],[-72.0643270000004,44.197573999774114],[-72.0661580001114,44.19012799996984],[-72.05833099970212,44.18132400012587],[-72.05182999978878,44.166499999739905],[-72.04894599989163,44.16524100027669],[-72.0471909999486,44.16163300017128],[-72.04229299964231,44.16204500021596],[-72.04391100021631,44.158053999685286],[-72.04308699986069,44.156551999876584],[-72.03899700001651,44.156796000020485],[-72.04223200044127,44.152790000126515],[-72.0428269995697,44.15096699986419],[-72.04186599984506,44.14713700027025],[-72.04195700008167,44.13699800007659],[-72.0374400004402,44.13339600024602],[-72.03326000018431,44.131680000275715],[-72.03571700028422,44.12897100000035],[-72.03730300017286,44.12491299981312],[-72.0412559997497,44.125347999906936],[-72.04513100040704,44.12469099987824],[-72.0507469998654,44.12015999996781],[-72.05314299986593,44.1195110001539],[-72.05326400023976,44.11469000017131],[-72.05536999981207,44.110760000281736],[-72.05298999970506,44.104939000200964],[-72.05213500028563,44.10015600009821],[-72.04787999968669,44.096585999724205],[-72.04391000039139,44.096599999929055],[-72.04304099982994,44.09737899988429],[-72.04226300040341,44.10135300013689],[-72.0394549997759,44.10351999973693],[-72.03304599992408,44.101780999701184],[-72.03130600004967,44.10043000014077],[-72.03068099988569,44.09771400007587],[-72.03200800020655,44.09225199991395],[-72.03326000018431,44.09047399987833],[-72.03710499980612,44.08863600024116],[-72.04348299969581,44.08890199996875],[-72.0452839996696,44.087308000041645],[-72.04438300021941,44.085996000138486],[-72.03866200028075,44.08321099997087],[-72.03324500011571,44.081510000315944],[-72.03197800006932,44.08041899993127],[-72.03167299957246,44.078968999697835],[-72.03281099974744,44.07774399994807],[-72.03695199964524,44.07650500021025],[-72.03930199961503,44.07690100024865],[-72.04151500021578,44.07897699989361],[-72.04305599989856,44.07926600003016],[-72.05286800040463,44.07630599985371],[-72.0522730003779,44.074299999777324],[-72.04922100025125,44.07228600030397],[-72.04830499983412,44.069706999930226],[-72.05370699993054,44.064153000207405],[-72.05729299998458,44.058338999741274],[-72.05933800035585,44.05768299985851],[-72.0655940000468,44.0583010002357],[-72.06809600035253,44.057377999777124],[-72.06893599970336,44.054280999872226],[-72.06312199987828,44.05219799985627],[-72.06203800013,44.051083999952574],[-72.06190099986263,44.04959600031652],[-72.06611299990556,44.04900900020688],[-72.0760919999179,44.045034000278775],[-72.07831999968894,44.04337800009167],[-72.07935800030481,44.04138699990989],[-72.07914400004455,44.03950200022185],[-72.07481099962781,44.03240700004832],[-72.07667199987605,44.030522999939556],[-72.08134199967837,44.028364000277925],[-72.08164700017521,44.024167999774924],[-72.08266899999923,44.021803000216615],[-72.0854769997284,44.02126100024627],[-72.09150399998882,44.02441200022557],[-72.09402200018808,44.02343500023547],[-72.09542599960352,44.0217569997036],[-72.09594500036062,44.018757999691594],[-72.09534899961064,44.016462000304294],[-72.09097000006143,44.011915000025944],[-72.09052700037064,44.009923999748516],[-72.09168700028692,44.00918400006618],[-72.0934880002607,44.009442999809934],[-72.09354900036007,44.012861000317315],[-72.09693700004739,44.01503500015069],[-72.09980500005102,44.015425000172534],[-72.10276500011616,44.014577999881155],[-72.10577100021207,44.012281000054394],[-72.10363499960421,44.00398799967734],[-72.10412300039917,44.00237100022618],[-72.10921999999877,44.0003559999488],[-72.11253099969318,43.99679399972339],[-72.11686499993485,43.99446700031749],[-72.11663599960599,43.99197200018227],[-72.11285200008355,43.98809600018493],[-72.11204299979654,43.98595200017764],[-72.11317199975069,43.98101599969948],[-72.11277500009065,43.97561500025858],[-72.11460700002658,43.969793999808374],[-72.11437799969772,43.96805399971824],[-72.11085299974305,43.966993999901476],[-72.1059999996426,43.97002200017176],[-72.09194699967959,43.96698600009687],[-72.0909399999242,43.9657800002582],[-72.10067500043738,43.96300400032102],[-72.10114800026541,43.960852000121555],[-72.09919499995567,43.95916600014192],[-72.09899599976403,43.95756400019083],[-72.10574000024994,43.94982900029389],[-72.11037999991504,43.94779799985362],[-72.11651400030556,43.947577000147696],[-72.11834500041657,43.94653199978632],[-72.11927600000399,43.94374699992828],[-72.1169109999656,43.933843999761265],[-72.1180859999505,43.929784999728206],[-72.11814700004986,43.92360599980072],[-72.12045099998889,43.91955500027287],[-72.12542499956483,43.91622000018308],[-72.13241400027312,43.913321000153616],[-72.13606100042652,43.90917099990707],[-72.1505269999431,43.90209899997246],[-72.15716400029885,43.8949500000773],[-72.15859899967643,43.89254699984444],[-72.15972799963056,43.88766400007923],[-72.16300900008606,43.88645099979298],[-72.17056199996064,43.886183999975174],[-72.17210299964344,43.884985999994356],[-72.17314100025929,43.883329999711016],[-72.17358399995008,43.87961499987756],[-72.16790700039236,43.86910899978716],[-72.17541400023619,43.86639299976256],[-72.18183899998155,43.86590500003908],[-72.18461599974857,43.86414300005301],[-72.18511899971382,43.86100700031513],[-72.18803399957314,43.85515499982885],[-72.1830900001344,43.84468000031648],[-72.18356299996242,43.841163000110456],[-72.18244900007691,43.83412100023544],[-72.18363900013041,43.830444000037986],[-72.18879699982936,43.822844999899274],[-72.18894999999024,43.821189999872225],[-72.18344099976369,43.81044799975051],[-72.18405099985905,43.80640399980529],[-72.18572999963409,43.80386400013772],[-72.19099399963827,43.800483999876356],[-72.19375600023503,43.79418200005269],[-72.19618200037276,43.79091699987552],[-72.19865399964297,43.78885699998401],[-72.20434600016762,43.78607199972997],[-72.20553600022113,43.78458400021106],[-72.20553600022113,43.781531999791994],[-72.20393400043899,43.77940399984204],[-72.20527699975504,43.77677900013472],[-72.20522999989939,43.770930000204125],[-72.21035800035943,43.76798999970838],[-72.2185370002229,43.76546499969148],[-72.22247399990621,43.75964399998704],[-72.23069899980045,43.75003899971784],[-72.23094300019791,43.74819200028037],[-72.23417799972435,43.74596499981265],[-72.24665999986735,43.742485999905924],[-72.26446700011388,43.73389499969474],[-72.27110500029457,43.733918000023365],[-72.27402000015388,43.73040100016492],[-72.27534699957641,43.72744099995876],[-72.2820609999251,43.72348100011171],[-72.29217800002968,43.711068000317745],[-72.29956400039801,43.70627700027426],[-72.30177600027554,43.699654999726626],[-72.30513300000072,43.69532099996579],[-72.30601799955738,43.683350999794385],[-72.30253899963346,43.6795059998046],[-72.30267599990081,43.67619500015905],[-72.30142499974794,43.67576000003597],[-72.3013949996107,43.67443199982468],[-72.30273700000018,43.67367699985255],[-72.30314899972882,43.66861900000844],[-72.30554499972936,43.667206999764865],[-72.30673499978286,43.664453000226516],[-72.31363300025454,43.656937999791936],[-72.31488400040742,43.64867600028426],[-72.31381499982943,43.64422799968675],[-72.31469400043663,43.64185799994994],[-72.31595200026219,43.640725999724395],[-72.3228799999728,43.638703999975995],[-72.32913599966373,43.63553000029907],[-72.32976199965263,43.633447000098045],[-72.32738099972073,43.63066299992031],[-72.32951700032856,43.62793899975753],[-72.32916599980098,43.62682500007725],[-72.33278299981714,43.624361000043976],[-72.33482700036349,43.61795199976235],[-72.33514799985554,43.61615899982968],[-72.3331950004441,43.61028499978442],[-72.32841900033657,43.60705799994164],[-72.32832700027507,43.60111400016259],[-72.33333199981314,43.599099999855895],[-72.34964400040765,43.58781699979768],[-72.35622099959066,43.58661099973645],[-72.35828100003053,43.58513899983719],[-72.37248799997933,43.57995099992273],[-72.38023699967248,43.5734349997656],[-72.38014700015911,43.56497399987163],[-72.38071200004865,43.564608000008946],[-72.38133800003752,43.56566099972912],[-72.38298599985043,43.56341800031778],[-72.38071200004865,43.550707999800835],[-72.38149000037349,43.54689299995887],[-72.38069699998002,43.54035500028504],[-72.384251000247,43.53394899984555],[-72.38765499982786,43.5296349997411],[-72.39041700042459,43.527560000166986],[-72.39426200004641,43.52739999993493],[-72.39609200033249,43.52341600021261],[-72.39606300002018,43.52084600015765],[-72.39887099974936,43.512653000281766],[-72.39729900010444,43.508997999861094],[-72.38510599966645,43.50069799983877],[-72.38106299967791,43.4940369998392],[-72.37994700014256,43.49068499988043],[-72.38147500030487,43.480029999853684],[-72.3830319998812,43.47513900001311],[-72.39256900002765,43.4668839999829],[-72.39037100039383,43.45090900028759],[-72.39331600039036,43.44506500020303],[-72.39581600014797,43.43748999980196],[-72.3962759995572,43.4269369997841],[-72.39993899960413,43.41513500025706],[-72.4001060000087,43.408612000189976],[-72.40205900031845,43.39865500002304],[-72.4033720003956,43.39603099982795],[-72.40350899976464,43.39158300026663],[-72.41339700043869,43.383480999962515],[-72.41602199986977,43.37716399977818],[-72.41473999975477,43.37008399982457],[-72.4152279996514,43.365605000278045],[-72.41264900025108,43.362279000188245],[-72.40729400001031,43.36041000027998],[-72.40308199996738,43.35774700006864],[-72.39223299956868,43.35793000014108],[-72.38986800042859,43.35657200003193],[-72.39421600001563,43.35114000007638],[-72.40070100003547,43.34604399999115],[-72.41055899967398,43.33112099994842],[-72.40897199996044,43.32788599990314],[-72.40264000010148,43.320469999926075],[-72.39722299993645,43.3170069999926],[-72.39531499983256,43.31269599972285],[-72.40279200043746,43.302442000098075],[-72.40259400007074,43.300855000278816],[-72.4049130000784,43.291982000021406],[-72.4088909997696,43.28196699978101],[-72.41603699993838,43.27023100022736],[-72.42092000017605,43.265524000075054],[-72.42156100023355,43.26337300001676],[-72.43547699992921,43.257726999994425],[-72.43713999981074,43.25605599995486],[-72.43860500022386,43.25242400027806],[-72.4394749997119,43.24413900024974],[-72.43798000005988,43.23910400013568],[-72.43416499967698,43.231909000285086],[-72.43491299986461,43.229514000229365],[-72.43913900015123,43.22338700001665],[-72.44104700025514,43.21819199990273],[-72.44078699996415,43.21367499971533],[-72.43877299955501,43.209104999817754],[-72.43822399955903,43.20291800027882],[-72.43884899972299,43.20118600032667],[-72.45050800023361,43.19261099970304],[-72.44953099971713,43.189002000291715],[-72.44422099968222,43.18264700001824],[-72.4439310001523,43.179778000013876],[-72.44490699994556,43.17810699995344],[-72.45151499998902,43.174490999953534],[-72.45278100021052,43.172767000179654],[-72.45188099968692,43.16548900024508],[-72.45211000001578,43.15322799980817],[-72.45656499973293,43.149467000175065],[-72.45740499998209,43.147537000201936],[-72.45209499994716,43.13857999986562],[-72.44744000021345,43.13703099968339],[-72.44426699971297,43.13780199999096],[-72.44080299985767,43.13662699996571],[-72.44069599972754,43.13366700015112],[-72.44249599987641,43.13182800000703],[-72.442298000408,43.1293029999771],[-72.44045200022838,43.126876999849365],[-72.43393600024643,43.121703999991425],[-72.43250199979546,43.11889599969069],[-72.43233399956596,43.11442600032357],[-72.43347799958872,43.110587999838806],[-72.43669799994487,43.10811600012919],[-72.44141299995303,43.10594899985111],[-72.44319800003328,43.10302000010745],[-72.44260300000654,43.0995410003099],[-72.43898699981528,43.09500099981119],[-72.438375999895,43.09083599969846],[-72.43451600020458,43.086617000191275],[-72.43398200027718,43.08445000001665],[-72.4352640003922,43.08148999988127],[-72.44434299988094,43.071618000124886],[-72.45148700039994,43.06771100020155],[-72.45548799965735,43.06262200030426],[-72.4628980003151,43.058228000067984],[-72.46784199975383,43.052749999738005],[-72.46622499990306,43.04756999986717],[-72.46108200027273,43.04329800018682],[-72.46038000011585,43.04138300024443],[-72.46120399957313,43.03440199980932],[-72.4630809997149,43.02864899995936],[-72.4626229999555,43.02578800008746],[-72.4580760001768,43.01830399995184],[-72.44506000010644,43.01109399970236],[-72.44339700022492,43.0094619997374],[-72.44325900013266,43.007576999822696],[-72.44504500003782,43.0038850002883],[-72.44940900041672,43.00032200028091],[-72.45220100025237,43.000054999934065],[-72.45629100009656,43.001237000300975],[-72.45870200016572,43.00086300021185],[-72.46251599982538,42.997445000141795],[-72.46457700009016,42.99377600027027],[-72.46541599961607,42.98963299976641],[-72.46431699979917,42.98657400020885],[-72.46181399966852,42.98421599995555],[-72.46169999986569,42.982870999990965],[-72.46535500041502,42.978821999734656],[-72.47371699967826,42.97212400026734],[-72.47631100004553,42.97149800026515],[-72.47933200021004,42.973489000085095],[-72.48163600014907,42.973954999846434],[-72.48707500005543,42.97167200003576],[-72.49218000005092,42.96767599987057],[-72.50406700016717,42.96590600024605],[-72.50647800023633,42.96442600018082],[-72.51836500035256,42.963137000160785],[-72.52645299997944,42.957712000095405],[-72.5317930001516,42.95512600002047],[-72.53380800038563,42.952584999908744],[-72.53418900015214,42.94884700001511],[-72.53214399978089,42.94696199985318],[-72.5285279995896,42.945505000236686],[-72.52694099987608,42.94137800009202],[-72.52628499974995,42.93562499992808],[-72.52707800014342,42.928346999765104],[-72.52431600044501,42.91900099974823],[-72.52449899984478,42.91514800003743],[-72.52880299994922,42.912958999879024],[-72.53035899970062,42.91107399981241],[-72.53159499978487,42.9070990002635],[-72.53133600021711,42.89818800000958],[-72.53337999986515,42.89531200030388],[-72.5407200002027,42.889284999877425],[-72.55262200038754,42.88504300001401],[-72.55280499978734,42.88170900026228],[-72.55541500004811,42.874667000301024],[-72.55556700038409,42.867487999927654],[-72.55427000020046,42.86061399978294],[-72.55707799992963,42.85286300029007],[-72.55243900008945,42.845721999756314],[-72.54902100026491,42.842883000285056],[-72.54735800038338,42.83954900011462],[-72.54658000005853,42.8251990001113],[-72.54242900011498,42.81564699977056],[-72.54151299969786,42.80709400000258],[-72.51625800005702,42.787971999855976],[-72.51223099996203,42.78432900010763],[-72.5087369999695,42.77952199987482],[-72.50838600034021,42.7776910000122],[-72.5092859999655,42.775012999699115],[-72.51552699958785,42.77058799967229],[-72.5164730001422,42.769123000300894],[-72.5154660003868,42.765629000070504],[-72.51307000038626,42.76407299996112],[-72.5083700004467,42.76440099978157],[-72.50650900019846,42.76572099972637],[-72.5015339998993,42.76723900004162],[-72.49958099958954,42.76881100007124],[-72.4989710003925,42.7720989996922],[-72.4977040003461,42.77336499986921],[-72.4953240002391,42.77367000003587],[-72.49054700030663,42.772746999671895],[-72.48531400026461,42.766278000244725],[-72.47936300017217,42.763332999818694],[-72.47695200010304,42.76076899995671],[-72.47537999955979,42.75658800008456],[-72.473366000049,42.74623499975274],[-72.46768899959294,42.74153599983372],[-72.46683499999843,42.73959800026918],[-72.46422499973764,42.737308999787906],[-72.45963199992822,42.730785999998886],[-72.45841199973748,42.72693300027202],[-71.69650500038276,42.70572200027061],[-71.294636999719,42.697041999738616],[-71.27894900036188,42.711350000114756],[-71.26787300018245,42.72602600000637],[-71.25509999978631,42.73659199986558],[-71.24542600027081,42.74254599973771],[-71.23743200035526,42.74489499994652],[-71.22382999958064,42.74648399979196],[-71.18178600021767,42.73734100016633],[-71.18613999965251,42.79093500010305],[-71.16664699995823,42.808881000230166],[-71.13280500002493,42.8214759998798],[-71.06441599962844,42.80627499979891],[-71.05400499979596,42.83328199971637],[-71.0449199995611,42.8486669999432],[-71.03120100040726,42.8590869998415],[-70.9670180002059,42.86880000016689],[-70.92959400041653,42.88503199993913],[-70.91463099988418,42.886647999970165],[-70.90353299996345,42.886778000316056],[-70.88560199986836,42.88283399989744],[-70.84771799977145,42.860866999724095],[-70.83672500033101,42.864679999735536],[-70.82969299996502,42.86872499992364],[-70.82023799983433,42.871786999801124],[-70.79249500013148,42.87329099990939],[-70.73500500036238,42.87468500021481],[-70.72872399965875,42.888723999884995],[-70.72730299962657,42.89361699987834],[-70.72636700001628,42.90215399979975],[-70.72694100012663,42.90569800027888],[-70.7256499997908,42.90968699991885],[-70.72475400036348,42.91768899999272],[-70.7260239998846,42.92852399987909],[-70.7194340002828,42.93153600014479],[-70.70899300031311,42.93814600007885],[-70.70030100043864,42.947089000175566],[-70.69439499965375,42.9567539999842],[-70.69054699965889,42.94823899999913],[-70.68093300041784,42.936873999895774],[-70.67285999996126,42.93041899970214],[-70.66777699970706,42.92746399971098],[-70.65510899979122,42.9220989998882],[-70.64574400007221,42.919496000210295],[-70.63602199997783,42.91816700003876],[-70.62167100008898,42.91409700010826],[-70.61065900038197,42.91252900016829],[-70.59287899989961,42.91300099991638],[-70.5750940002927,42.91712599993515],[-70.58185499959872,42.938318999854495],[-70.58759300015413,42.94918800024181],[-70.5959820000799,42.961360000112755],[-70.61115200030146,42.97899000013694],[-70.62403399957923,42.98208999987766],[-70.63071399959273,42.98528599991779],[-70.70119699986597,43.045240000071075],[-70.7063100002574,43.075338999831914],[-70.73796899972717,43.073728000179635],[-70.74078599967719,43.0767740002622],[-70.7430329997148,43.07797300024438],[-70.75641200000834,43.08017700027311],[-70.76355999982697,43.0903910001039],[-70.76589200025339,43.09249500014174],[-70.76873900034064,43.094002999706916],[-70.77968800029846,43.096248000190016],[-70.78386400035639,43.100959000153836],[-70.79746600023267,43.10886600024613],[-70.80672800001953,43.115916999902026],[-70.82457700009887,43.125068999770974],[-70.82708000022953,43.127395000108145],[-70.82913499974819,43.13148500030839],[-70.8299160004461,43.13813099998989],[-70.83360999955686,43.14610599980147],[-70.83292400019182,43.15006999994392],[-70.82865400042259,43.15983000001684],[-70.82778200038639,43.17043200020373],[-70.82356899962022,43.1742390000186],[-70.82514199998838,43.181028999766085],[-70.82825500021441,43.187788999851485],[-70.82598100041261,43.19014600001326],[-70.82036500005593,43.191748999736085],[-70.81928200013255,43.19299199994475],[-70.81905899965147,43.19511899986858],[-70.82067100037767,43.199491999914585],[-70.8187780003424,43.206687000052064],[-70.81656599956656,43.211318000258935],[-70.81691700009416,43.21452999968347],[-70.81261399981464,43.2177190002134],[-70.81354500030037,43.21996900000723],[-70.81098100007034,43.2223269998414],[-70.80951599965722,43.225165000107765],[-70.81226300018535,43.22867400026298],[-70.81720699962406,43.229345999984076],[-70.8174200000594,43.23030700011485],[-70.81548199981827,43.23351899998976],[-70.81782599994025,43.23815600031212],[-70.82332500012106,43.24001900013613],[-70.82428699967063,43.24179699998211],[-70.82721599977364,43.24333000019326],[-70.8347539995796,43.24318500023201],[-70.83744000000837,43.24230799975785],[-70.83872200012337,43.24312400020834]]]}},{"type":"Feature","properties":{"state":"NJ","name":"New Jersey"},"geometry":{"type":"Polygon","coordinates":[[[-74.4828179999275,39.284134999687154],[-74.46161499959773,39.301022999997],[-74.45771399989943,39.302410999863206],[-74.43060100038342,39.308355999692886],[-74.41139900004397,39.30966600021189],[-74.39219599987959,39.31228599996356],[-74.37459100019773,39.317525999837116],[-74.36875399990812,39.320681000031556],[-74.36251300028579,39.32578100006635],[-74.35465900011233,39.335407000003066],[-74.35004700003633,39.34576799993056],[-74.34423900005902,39.34868699993645],[-74.32541500001135,39.36233899970929],[-74.28727099962343,39.39825199965303],[-74.26591800040416,39.42241499985719],[-74.24958499989324,39.45259999982085],[-74.21274199988694,39.50011700009494],[-74.21118000028775,39.50011700009494],[-74.18318899998945,39.53299400026687],[-74.12458000031198,39.61513900022968],[-74.09653100028737,39.64994900031353],[-74.08331600002536,39.6695620003076],[-74.06219499971135,39.707035000053885],[-74.04948900016068,39.72378499992701],[-74.03815799971315,39.75011999987939],[-74.03461500021511,39.7624270003247],[-74.0304819998149,39.78668200014519],[-74.02478500016569,39.829586000142235],[-74.01989899955497,39.87511899977096],[-73.99957700038053,39.97679799994903],[-73.98917999989345,40.01332399985982],[-73.9860290000326,40.02112599980654],[-73.97329099979656,40.075142000024215],[-73.96614499962776,40.09057699992517],[-73.96507900032113,40.10089199977905],[-73.96626500017668,40.10859699992497],[-73.9652750001397,40.112950000256234],[-73.96051300027587,40.125113999940574],[-73.94688000043742,40.15438100016762],[-73.9325300003735,40.19228999996637],[-73.90686300010572,40.25011099986611],[-73.89820800004118,40.27435299971376],[-73.89079099971073,40.310690000159944],[-73.88708199963304,40.345009000182394],[-73.88674600007236,40.42422699984257],[-73.88505999972632,40.45277599985387],[-73.88674699989728,40.47589200014045],[-73.88843400006826,40.484048999772014],[-73.88964500003816,40.486510999918224],[-73.90213999970162,40.49212100024769],[-73.97787399956025,40.519095000327916],[-74.22533100016004,40.4765780002232],[-74.25303600022808,40.48666000014258],[-74.25884300038047,40.49887499999904],[-74.2581289996297,40.5087169999171],[-74.254094999862,40.51566100018921],[-74.2460199997556,40.52095800033075],[-74.25028399967708,40.54230000013674],[-74.24748400034382,40.549376999861444],[-74.23141500032189,40.559182000119634],[-74.21800300041636,40.557057999926236],[-74.21457499964777,40.56053299989416],[-74.21014400022004,40.57372399965953],[-74.2072419998812,40.587914999974714],[-74.19958900044752,40.59784599992768],[-74.19958900044752,40.60038199970998],[-74.2048330003602,40.606062000232335],[-74.20388900035398,40.614275999824876],[-74.20242499976578,40.616770000289485],[-74.203925000339,40.624370000136466],[-74.20228099982575,40.62878100006379],[-74.20239999965143,40.63159199976999],[-74.19816400021737,40.634786999905145],[-74.19624699989265,40.63768899997528],[-74.1914299997772,40.642024999746795],[-74.1856410000665,40.64604200002757],[-74.1816499999565,40.64652800004766],[-74.14310999973347,40.6419899997715],[-74.13292099965885,40.64368400015368],[-74.12601800006259,40.6421510000512],[-74.1098479997583,40.64806400010058],[-74.09344200035079,40.648064999970195],[-74.08698599974498,40.6515060002768],[-74.0557490000496,40.65147600027673],[-74.02639000032089,40.700102999681974],[-74.02363699994498,40.71806900001664],[-74.0140289996534,40.757550999706794],[-73.96357700009808,40.82664200000648],[-73.95282899998172,40.851106000262064],[-73.92982100037852,40.88868200023685],[-73.9142529997737,40.92795999976817],[-73.90846300023804,40.947879999699914],[-73.89614400030167,40.981872999729994],[-73.89362799975223,40.997165000085786],[-73.9027149996369,40.99732700032531],[-74.15173800003383,41.108109999786194],[-74.23490299956829,41.14326900025046],[-74.33067499981756,41.18545699999806],[-74.36210099965882,41.20042299971836],[-74.39710900025449,41.218721999884494],[-74.45786200003742,41.24842700016014],[-74.49126299992975,41.26346900001377],[-74.5398359996935,41.28673300026996],[-74.69557999992607,41.357607000098184],[-74.70009699956752,41.35465499974619],[-74.70726100017801,41.35321999968309],[-74.71914800029424,41.34796000006911],[-74.72595100033138,41.34619200012317],[-74.75428200038827,41.34619999978247],[-74.75609199968459,41.34519000029336],[-74.76032700019204,41.34032800030391],[-74.76300799969961,41.33195700020374],[-74.76728199966682,41.32774399967151],[-74.77347100030894,41.324519999828375],[-74.78413900005937,41.324285000180836],[-74.79158399997891,41.323019000084166],[-74.79557199971586,41.320342000201286],[-74.79610700036648,41.31836799977068],[-74.79199900008061,41.31344199985469],[-74.79217099960975,41.31084100025404],[-74.80742799986996,41.302811999869505],[-74.81203300027329,41.29815800004884],[-74.81560599990853,41.29607299995968],[-74.82247699971772,41.29359500015907],[-74.83002700011757,41.28744100020502],[-74.8330929995896,41.28260899973356],[-74.83836099979173,41.277293999821815],[-74.84060000033175,41.2715849998162],[-74.84608400044394,41.26341899976275],[-74.84645099996675,41.26201100028513],[-74.84491000028397,41.25759399988583],[-74.84709299984915,41.25284099984687],[-74.8491230001518,41.2512270002831],[-74.85635800000908,41.249748999749954],[-74.86111700039817,41.243644999836064],[-74.86214000004709,41.237789000260996],[-74.86657399984787,41.232070999971285],[-74.86763400020504,41.228620000032],[-74.86633299982344,41.2258210000528],[-74.86013599968373,41.221641000274396],[-74.8592109999441,41.22007199992191],[-74.85947299988491,41.218772999935894],[-74.87479299989432,41.19723899997625],[-74.87819800019838,41.19046900000293],[-74.87902500002873,41.18651099997247],[-74.88335300042262,41.1795609997858],[-74.88998800023026,41.17321699986603],[-74.89994299995315,41.16630999988169],[-74.9031149997304,41.158747000281544],[-74.90525600036113,41.15566799973042],[-74.91670800028419,41.144832999857364],[-74.92037899982873,41.142287000070354],[-74.92377900010992,41.13801099986892],[-74.93195999962322,41.13340800032295],[-74.94449799984271,41.12997399966337],[-74.94756900023593,41.126705000154374],[-74.94741100005218,41.123732999994964],[-74.96323300020191,41.11467599985561],[-74.97358999960773,41.11318600016185],[-74.9795430002483,41.1108239999826],[-74.98200000034821,41.10849000004425],[-74.98886699995944,41.09601999980939],[-74.99138699980851,41.09315500006704],[-74.991815000329,41.0891320002385],[-74.98826299971184,41.088222000121405],[-74.98332099992297,41.08899599980779],[-74.9752979996951,41.09407300033063],[-74.9694339996413,41.09607400033376],[-74.96746399961312,41.09532700030998],[-74.96675899998152,41.09342499980357],[-74.96740800043493,41.0901169996945],[-74.969123000195,41.08680300003664],[-74.98259000035208,41.07917200012253],[-74.98933200028985,41.07831900026204],[-74.99484700036417,41.076555999665516],[-75.00078000001493,41.073209999731944],[-75.00685599978085,41.06759600031566],[-75.01241000021322,41.067263999691136],[-75.01624099959133,41.06016400000041],[-75.01757200011015,41.05585299977104],[-75.02714600006655,41.045253999736985],[-75.0273400002353,41.043827000214776],[-75.02612699971725,41.04190499976777],[-75.02710199968563,41.03952900029701],[-75.033493999819,41.03766599995229],[-75.04178900003345,41.03169999994037],[-75.0487350001857,41.02922199982299],[-75.07053199981901,41.01862000030361],[-75.07499900013005,41.017130000230345],[-75.08449500026865,41.01592000015498],[-75.09352299970377,41.00944200025932],[-75.1091130000499,41.00410199972948],[-75.11059500018146,41.002173999730346],[-75.12719599958267,40.9939539998307],[-75.13109600035436,40.99046400028405],[-75.13252200040942,40.98123499993549],[-75.13552099993431,40.97686500015285],[-75.13553099998005,40.97380300006547],[-75.13470099977664,40.972038000141005],[-75.13262199996852,40.97000500009248],[-75.13016599969353,40.96896100022156],[-75.12260299977322,40.97015199988392],[-75.12023199988705,40.968702000151474],[-75.11954200032405,40.96606000014153],[-75.12081000019535,40.96288400006385],[-75.11776700028955,40.953013000222896],[-75.1116889999755,40.94812700010577],[-75.1061479999619,40.939670000252065],[-75.10480899994548,40.935246999763585],[-75.09552799989204,40.92414799972211],[-75.07929499983857,40.91387999996059],[-75.07608999955104,40.90703900022571],[-75.07519800032169,40.90017600017086],[-75.07597999994617,40.89569200031949],[-75.07534499973646,40.894166000227074],[-75.07392500042751,40.892176999687415],[-75.06544000024228,40.885675000012036],[-75.0586549997485,40.87765399995782],[-75.05366399955581,40.87365999987459],[-75.05150799975478,40.8702239999754],[-75.05102900007898,40.86566199966461],[-75.05177800009153,40.86382599996773],[-75.05846200030297,40.860706000274504],[-75.0638019995768,40.85559299991845],[-75.06431399976287,40.85393099996855],[-75.06325199975589,40.85019199996273],[-75.06432800000658,40.848338000301155],[-75.06600799960653,40.84759400007355],[-75.07082999974483,40.84739199992347],[-75.07668399975289,40.849875000251544],[-75.0909619998468,40.84918699991583],[-75.09578399998509,40.847082000325614],[-75.09758599978376,40.84304199998393],[-75.09700599982564,40.83933600008243],[-75.08551700009265,40.830085000208655],[-75.08382200042409,40.827804999908494],[-75.08392899965588,40.82447100004867],[-75.09051800033107,40.8159130000682],[-75.09668600015848,40.81189399984732],[-75.10021399958791,40.807663999733016],[-75.10080000029214,40.79979700025126],[-75.10850499960436,40.79109400003635],[-75.11119400040617,40.78991299978807],[-75.11685400024547,40.7893479997028],[-75.12308800019512,40.7867459996609],[-75.12586699961197,40.78402600014216],[-75.13146500042531,40.77594999989762],[-75.13440000037609,40.77377000030115],[-75.14937800007873,40.7747859998865],[-75.16364799977673,40.778385999966254],[-75.16952299970116,40.778473000090145],[-75.171587000339,40.77774499976364],[-75.17562000028178,40.77292299987718],[-75.17747700033205,40.76422499994431],[-75.17903999975614,40.76189700009302],[-75.18303699971392,40.759344000094444],[-75.19179600043384,40.755830000109235],[-75.19653499983315,40.75163100017074],[-75.19667700012336,40.74812900030921],[-75.19534899997761,40.74547299966105],[-75.18578000004409,40.73726599981087],[-75.18280400008541,40.73364999970488],[-75.1820840003852,40.73152200031234],[-75.1825000003118,40.72992200016779],[-75.18605200003066,40.725682000255496],[-75.18574800025704,40.72155400008838],[-75.18673999994382,40.7194899999944],[-75.19442000004001,40.71401799990018],[-75.19582000015579,40.70979800004598],[-75.19871999994648,40.70529799986798],[-75.20392100020146,40.69149799977434],[-75.20092199977826,40.68550099978813],[-75.19692099962253,40.68129699984567],[-75.19058000044107,40.67937899982854],[-75.18451600037073,40.67997099981949],[-75.18056399972049,40.67936299988471],[-75.17758699993692,40.67773099974713],[-75.17680299976428,40.67571500032264],[-75.17749099967745,40.67259500016724],[-75.18275200020688,40.66597399970204],[-75.19085200042764,40.66193800028337],[-75.19574399998781,40.65621200028947],[-75.19797799960664,40.654739000198695],[-75.19785999960585,40.65204999993732],[-75.2004520003233,40.64921899967027],[-75.2004680002168,40.64689900007358],[-75.19535099962742,40.643043999687485],[-75.19351600021677,40.639269999703146],[-75.19069099987084,40.63589100028109],[-75.18857899955243,40.6246280002922],[-75.18928300025743,40.62149199968542],[-75.19068800039611,40.619957000133226],[-75.19789099956802,40.61933199968356],[-75.20181200025611,40.61718799993225],[-75.20134799975061,40.614628000204604],[-75.19229100000317,40.602675999951906],[-75.19144300025643,40.595491999863654],[-75.18939799988519,40.59099899988656],[-75.18969199961303,40.58767099987214],[-75.19414999970328,40.5828430002105],[-75.195221999756,40.58030300026703],[-75.19549600029069,40.57862699978281],[-75.19410500039574,40.57607900002351],[-75.18490700018299,40.56830800004971],[-75.17736299963093,40.56553600026318],[-75.17045199963876,40.56416499979174],[-75.15904099972357,40.564845999883666],[-75.14841999982883,40.57202100024976],[-75.14017200036837,40.57537000008221],[-75.13499500040284,40.575662000100905],[-75.11553600014544,40.57286000009449],[-75.0998269999736,40.5673979997545],[-75.07804700005875,40.54787599979533],[-75.06809999983346,40.5414880001594],[-75.06510200013348,40.52641300005726],[-75.06568499956634,40.521677000072664],[-75.06484199984249,40.50350299990593],[-75.06330000033478,40.4997280001551],[-75.0625760004366,40.49407399982863],[-75.06266400030016,40.480439000221615],[-75.06479499998682,40.476475000174815],[-75.067714999869,40.47366900020205],[-75.06701600008518,40.46530800003551],[-75.07067800030717,40.45679400011246],[-75.06594599968226,40.445266000253284],[-75.06416499979997,40.438156000017386],[-75.0643799998851,40.43639599965847],[-75.06229100003125,40.43010799981631],[-75.06183499992166,40.42410400015617],[-75.05857500028087,40.418192999772],[-75.0548250001953,40.416058999788994],[-75.0455259997002,40.41367900018132],[-75.04231100026526,40.41099899987895],[-75.03550400003016,40.40744300000615],[-75.03442699995456,40.406066000133244],[-75.02863300022098,40.40397099970239],[-75.02302799973496,40.40369300009812],[-75.00744300030999,40.407597000044646],[-75.00404899987656,40.407524000247996],[-74.99999699966722,40.409776000096805],[-74.99585999996735,40.410384000022766],[-74.98841300039798,40.4084940002741],[-74.98313099995214,40.40459899979363],[-74.96655200029227,40.39815399995441],[-74.96397299999364,40.39520399987817],[-74.96147800025891,40.38893500026032],[-74.95578499990934,40.380028000053315],[-74.94890099968134,40.36505500023659],[-74.9458279996383,40.35507200009339],[-74.94451700010929,40.345062999978175],[-74.94284300035712,40.34150599979584],[-74.9397109998645,40.338006000134],[-74.91741000044107,40.32240599967362],[-74.90831000013759,40.316906999794035],[-74.90330999972407,40.315606999764405],[-74.89640899977765,40.31510700025426],[-74.89160900027899,40.31300699996724],[-74.88060900026754,40.30560700009046],[-74.86820800031539,40.29520599972233],[-74.86049200023419,40.284584000151284],[-74.84230800041911,40.25050800004885],[-74.83630700009796,40.24620799971115],[-74.82390699997073,40.24150799993284],[-74.81950699960683,40.238508000047226],[-74.79530599957707,40.229408000046746],[-74.77143699980836,40.21517600032993],[-74.76727499999414,40.20707600026671],[-74.76060500002639,40.19890900006284],[-74.75690500016952,40.18940900020088],[-74.7543049999545,40.185208999992305],[-74.75170499973947,40.183309000203806],[-74.74410500000923,40.181008999844266],[-74.73720499988772,40.17760900002272],[-74.73380399978161,40.17450900011892],[-74.72232500009436,40.160727000296625],[-74.72151900018041,40.15856800013472],[-74.72157600008182,40.154039999728944],[-74.72255000022525,40.14908199996109],[-74.7243689997424,40.146411999771246],[-74.74118400030213,40.13516500025303],[-74.74509699969602,40.13439399968242],[-74.75418399958068,40.13496799971707],[-74.75972100029465,40.133803999937506],[-74.7841680003717,40.120477000143985],[-74.79942100043395,40.12270299998471],[-74.81547600021219,40.12769399981733],[-74.82253100014438,40.12684400011013],[-74.82553300004233,40.12485300027849],[-74.8294029997785,40.119192000119185],[-74.83310299963533,40.1119719997552],[-74.83426400027486,40.1065039999863],[-74.83586799970682,40.10346600025982],[-74.84221499963436,40.098502000114344],[-74.85460899991382,40.09327000015493],[-74.85763400027629,40.09021500028621],[-74.85972099958204,40.085311000140365],[-74.86175599990754,40.08346200017494],[-74.87753299985143,40.07995700010818],[-74.9073179995525,40.07080000025529],[-74.9111890000119,40.07026200019914],[-74.9240729998378,40.07123499972864],[-74.93064200042151,40.069536999946486],[-74.93889699955464,40.06609900020168],[-74.96689100022598,40.05271599971013],[-74.9739810003183,40.04859499980482],[-74.9747839998592,40.04931600004262],[-74.97664000008456,40.04740799987311],[-74.98059100001157,40.045943999781144],[-74.99875899993314,40.030281000015265],[-75.0148639999401,40.01989499998524],[-75.02041499999945,40.01770499994636],[-75.03658100010577,40.01495399970555],[-75.048023999808,40.009720000252486],[-75.05235600039984,40.00638500008277],[-75.05516199958089,40.002395000137405],[-75.06261400007143,39.988155999706564],[-75.06577400015313,39.98477899980076],[-75.07323099976824,39.97955900032996],[-75.08121800001109,39.97667299977051],[-75.09637200033914,39.973981000031515],[-75.10507699973408,39.97159599987158],[-75.1194479997144,39.96567499968175],[-75.12908799979304,39.960708999946824],[-75.13107999956252,39.958908999869976],[-75.13369800021923,39.95461999970051],[-75.13576100013381,39.94945200025755],[-75.1363159999776,39.94584100010088],[-75.13578000040039,39.93157199983308],[-75.13034999981654,39.9174039999709],[-75.12938300024412,39.91232399995458],[-75.1293959997646,39.906629000096935],[-75.13136800034093,39.90044299999174],[-75.13585300019533,39.89126600023934],[-75.142343000238,39.885209999711236],[-75.14616399957038,39.88410399969752],[-75.15997200020932,39.88319200027444],[-75.1721439998326,39.88128700021237],[-75.18766100038381,39.88045800003657],[-75.20509600018637,39.871969999889714],[-75.21197500039148,39.86746400022409],[-75.2114630002054,39.86700400025558],[-75.22137100007262,39.86154300008399],[-75.22947700014116,39.858291999818725],[-75.24614899968746,39.85398199995544],[-75.27220199974462,39.8490760002021],[-75.29337599976208,39.84878200028897],[-75.30967400011288,39.850178000212885],[-75.32323099978333,39.8498129996647],[-75.33043200020373,39.84901299968629],[-75.34176600012601,39.846081999693915],[-75.35440100042989,39.839917000342616],[-75.37172999992723,39.82755899996021],[-75.3984170003692,39.81046700030591],[-75.41502199996835,39.8020039997799],[-75.40541399967677,39.79639600027121],[-75.4382999999083,39.78440199979942],[-75.45068800033995,39.77506399988425],[-75.44929499989686,39.774435999842225],[-75.45233899962759,39.76901300002234],[-75.45943999959056,39.765810999691546],[-75.4639210001453,39.76076300034258],[-75.46355000042455,39.75701399971619],[-75.46801699983729,39.7458110000175],[-75.47569299973551,39.733657999804166],[-75.47507199976948,39.72948799989812],[-75.47716900001929,39.724995000245215],[-75.47629699998309,39.72401200023603],[-75.47643800044841,39.71619900015685],[-75.47936099980531,39.71370599996031],[-75.48218399960311,39.71375900025938],[-75.48534200003496,39.71589800010322],[-75.4883840001159,39.71470799986922],[-75.49182700005478,39.7108390002628],[-75.49147499970228,39.7097239998767],[-75.49391300043392,39.706842000337595],[-75.4963119999092,39.700955999902384],[-75.50653600014391,39.69726299996247],[-75.50987399960253,39.693915000008744],[-75.50916300012314,39.6920799997054],[-75.50961300038492,39.68724400014343],[-75.50908600013024,39.685806999734616],[-75.5105199996829,39.68033300023448],[-75.51037400009304,39.67793500028027],[-75.51219000013542,39.67176700024588],[-75.5155329996169,39.66632600032675],[-75.52183799971166,39.660988000108205],[-75.52557299972861,39.656599000219266],[-75.52673600001793,39.656819999955964],[-75.52729000003681,39.65607800031233],[-75.52616699993045,39.655620999952454],[-75.52709500004313,39.65381500003841],[-75.53352399998646,39.64755700023611],[-75.54197800020953,39.645425000022485],[-75.54853400037446,39.63776999996294],[-75.55414399998504,39.635690000016154],[-75.55732699963295,39.6325909997925],[-75.55877299977948,39.62998699985212],[-75.55945499984486,39.62231400007502],[-75.55656000007706,39.61153400010526],[-75.55737100001389,39.60911499975596],[-75.55339199959946,39.60266500030758],[-75.55351200014837,39.60181900000794],[-75.55021800017238,39.60070799974643],[-75.54214600043902,39.594519000261904],[-75.53750300040087,39.59362700025183],[-75.53694099998609,39.59187199992194],[-75.53364100016232,39.589269999914805],[-75.53139999997248,39.58881800013755],[-75.53049299977619,39.58679999995122],[-75.52769300044294,39.584112000286524],[-75.51963599987988,39.58332800007079],[-75.51474699979444,39.5808840001613],[-75.51277000009357,39.57828999994772],[-75.51195999998167,39.56729000003944],[-75.51906799961732,39.55543400028515],[-75.53234200032887,39.54327999988897],[-75.53401400043121,39.540701999701156],[-75.53157499987468,39.536824999847866],[-75.52767500000125,39.53527699988457],[-75.52678700007156,39.5314400000264],[-75.52665400000217,39.526638000274986],[-75.52830500018813,39.51821900002523],[-75.52739399979387,39.51744299967272],[-75.52744700039564,39.515968000273396],[-75.52974100028892,39.51204000015811],[-75.530141000322,39.50537300023811],[-75.52936800002003,39.50122900026301],[-75.52697399966931,39.49916800007501],[-75.52786099977412,39.49813900032798],[-75.5379340003961,39.49698199999339],[-75.55908999997187,39.495805999785276],[-75.56358599969694,39.483048000257796],[-75.56053799976824,39.45564499965932],[-75.4813600001458,39.38755499996983],[-75.46943600021966,39.373147000146325],[-75.44475099959291,39.35508900031892],[-75.38112999980633,39.30084500023566],[-75.32102099955566,39.2513790001993],[-75.24901699969111,39.15894499991496],[-75.2190749996312,39.11594699986457],[-75.19167099986205,39.078999999694084],[-75.1684620004174,39.05617899999779],[-75.13846099990796,39.00269700033436],[-75.13465300009608,38.99757200013736],[-75.01512300040618,38.78865700033517],[-74.99962099992358,38.802614000233184],[-74.99962099992358,38.80208399965582],[-74.91096800007895,38.87511200030127],[-74.91336599972931,38.87511200030127],[-74.90798600027249,38.87931599965433],[-74.89704599963721,38.881083000312266],[-74.8721580004175,38.88779400016552],[-74.85492100008335,38.88821399993568],[-74.84079799980016,38.89009799975663],[-74.82432899974512,38.89626200009923],[-74.81505199988965,38.90181899996998],[-74.80939299987527,38.90695699968646],[-74.80357099965427,38.91391100034163],[-74.8006790002595,38.9205829998012],[-74.79097600043168,38.92792300006737],[-74.77393800028918,38.94279400015132],[-74.76309300008843,38.94714400009716],[-74.749608000388,38.9540589999411],[-74.7334230000151,38.96765799979309],[-74.72840199968516,38.97424899979785],[-74.7248829995783,38.98330199990446],[-74.72382999979214,38.989194000156836],[-74.71741199971947,39.00011300018533],[-74.72000799973654,39.00011300018533],[-74.71557099956273,39.00921600006041],[-74.70964499958464,39.014568999793575],[-74.68219300013493,39.04982400014641],[-74.67662100015919,39.052036000265105],[-74.66161499996913,39.061283999805724],[-74.6535580003044,39.068293999789375],[-74.64687400009295,39.07621200008082],[-74.64216900013052,39.08457399981965],[-74.63986799966624,39.09465299976232],[-74.64038400005028,39.102274000111315],[-74.6442789999008,39.1148239998561],[-74.6246020000835,39.14358000002921],[-74.61323499965093,39.152693000262865],[-74.60360200014331,39.162945000303154],[-74.59534600028695,39.177752000176355],[-74.58984100025836,39.18344700018751],[-74.58373500035523,39.18722000029644],[-74.5748760000762,39.19925100012432],[-74.56524100002044,39.21064200015361],[-74.55560900033774,39.21975499974846],[-74.52395800036557,39.24025999987077],[-74.51845400016188,39.24595500033793],[-74.51200400030216,39.25575700003945],[-74.51130799999308,39.255758000300204],[-74.50847099995157,39.26097100000309],[-74.49081900041405,39.27395000005625],[-74.48969899978243,39.27730100033462],[-74.4828179999275,39.284134999687154]],[[-74.04720699996298,40.690843000275905],[-74.04388500039789,40.69018500002999],[-74.04361900025911,40.68876000021331],[-74.04624799988815,40.689319000181996],[-74.04720699996298,40.690843000275905]],[[-74.04074000038482,40.70013100006191],[-74.03893600003799,40.69965500017506],[-74.03837199997338,40.698668999999704],[-74.03993100009782,40.69859000003386],[-74.04074000038482,40.70013100006191]]]}},{"type":"Feature","properties":{"state":"PA","name":"Pennsylvania"},"geometry":{"type":"Polygon","coordinates":[[[-75.59309900030976,39.83772299995675],[-75.56933000010015,39.839369000344746],[-75.5458830001058,39.83920699974456],[-75.5226639997171,39.837297999751065],[-75.499022999554,39.833517000036856],[-75.47244499979027,39.82688400017477],[-75.45403599984431,39.82066600007499],[-75.43248400043339,39.81144800005558],[-75.41506200015132,39.80191899992594],[-75.3984170003692,39.81046700030591],[-75.37172999992723,39.82755899996021],[-75.35440100042989,39.839917000342616],[-75.34176600012601,39.846081999693915],[-75.33043200020373,39.84901299968629],[-75.32323099978333,39.8498129996647],[-75.30967400011288,39.850178000212885],[-75.29337599976208,39.84878200028897],[-75.27476199977669,39.84897799968126],[-75.25714600022418,39.851828999860146],[-75.23471799968081,39.85673199966643],[-75.22137100007262,39.86154300008399],[-75.2114630002054,39.86700400025558],[-75.21197500039148,39.86746400022409],[-75.20509600018637,39.871969999889714],[-75.18766100038381,39.88045800003657],[-75.17431100040258,39.88108499996381],[-75.15997200020932,39.88319200027444],[-75.14436699979454,39.88442400012718],[-75.14111700019949,39.88592999971516],[-75.13585300019533,39.89126600023934],[-75.13136800034093,39.90044299999174],[-75.1293959997646,39.906629000096935],[-75.12938300024412,39.91232399995458],[-75.13034999981654,39.9174039999709],[-75.13578000040039,39.93157199983308],[-75.1363159999776,39.94584100010088],[-75.13576100013381,39.94945200025755],[-75.13369800021923,39.95461999970051],[-75.13107999956252,39.958908999869976],[-75.12908799979304,39.960708999946824],[-75.1194479997144,39.96567499968175],[-75.10507699973408,39.97159599987158],[-75.09637200033914,39.973981000031515],[-75.08121800001109,39.97667299977051],[-75.07323099976824,39.97955900032996],[-75.06577400015313,39.98477899980076],[-75.06261400007143,39.988155999706564],[-75.05516199958089,40.002395000137405],[-75.05235600039984,40.00638500008277],[-75.048023999808,40.009720000252486],[-75.03658100010577,40.01495399970555],[-75.02041499999945,40.01770499994636],[-75.0148639999401,40.01989499998524],[-74.99875899993314,40.030281000015265],[-74.98059100001157,40.045943999781144],[-74.97664000008456,40.04740799987311],[-74.9747839998592,40.04931600004262],[-74.9739810003183,40.04859499980482],[-74.96689100022598,40.05271599971013],[-74.93889699955464,40.06609900020168],[-74.93064200042151,40.069536999946486],[-74.9240729998378,40.07123499972864],[-74.9111890000119,40.07026200019914],[-74.9073179995525,40.07080000025529],[-74.87753299985143,40.07995700010818],[-74.86175599990754,40.08346200017494],[-74.85972099958204,40.085311000140365],[-74.85763400027629,40.09021500028621],[-74.85460899991382,40.09327000015493],[-74.84221499963436,40.098502000114344],[-74.83586799970682,40.10346600025982],[-74.83426400027486,40.1065039999863],[-74.83310299963533,40.1119719997552],[-74.8294029997785,40.119192000119185],[-74.82553300004233,40.12485300027849],[-74.82253100014438,40.12684400011013],[-74.81547600021219,40.12769399981733],[-74.79942100043395,40.12270299998471],[-74.7841680003717,40.120477000143985],[-74.75972100029465,40.133803999937506],[-74.75312999996962,40.13503299998494],[-74.7437379995881,40.13445399996319],[-74.74055499994019,40.13549199993775],[-74.7243689997424,40.146411999771246],[-74.72204800008494,40.15031099969553],[-74.72157600008182,40.154039999728944],[-74.72151900018041,40.15856800013472],[-74.72232500009436,40.160727000296625],[-74.73380399978161,40.17450900011892],[-74.73720499988772,40.17760900002272],[-74.74410500000923,40.181008999844266],[-74.75170499973947,40.183309000203806],[-74.75560499961287,40.18670899987184],[-74.76060500002639,40.19890900006284],[-74.76727499999414,40.20707600026671],[-74.77143699980836,40.21517600032993],[-74.79530599957707,40.229408000046746],[-74.81950699960683,40.238508000047226],[-74.82390699997073,40.24150799993284],[-74.83630700009796,40.24620799971115],[-74.84230800041911,40.25050800004885],[-74.86049200023419,40.284584000151284],[-74.86820800031539,40.29520599972233],[-74.88060900026754,40.30560700009046],[-74.89160900027899,40.31300699996724],[-74.89640899977765,40.31510700025426],[-74.90330999972407,40.315606999764405],[-74.90831000013759,40.316906999794035],[-74.91741000044107,40.32240599967362],[-74.9397109998645,40.338006000134],[-74.94284300035712,40.34150599979584],[-74.94451700010929,40.345062999978175],[-74.9458279996383,40.35507200009339],[-74.94890099968134,40.36505500023659],[-74.95578499990934,40.380028000053315],[-74.96147800025891,40.38893500026032],[-74.96397299999364,40.39520399987817],[-74.96655200029227,40.39815399995441],[-74.98313099995214,40.40459899979363],[-74.98841300039798,40.4084940002741],[-74.99585999996735,40.410384000022766],[-74.99999699966722,40.409776000096805],[-75.00404899987656,40.407524000247996],[-75.00744300030999,40.407597000044646],[-75.02302799973496,40.40369300009812],[-75.02863300022098,40.40397099970239],[-75.03442699995456,40.406066000133244],[-75.03550400003016,40.40744300000615],[-75.04231100026526,40.41099899987895],[-75.0455259997002,40.41367900018132],[-75.0548250001953,40.416058999788994],[-75.05857500028087,40.418192999772],[-75.06183499992166,40.42410400015617],[-75.06229100003125,40.43010799981631],[-75.0643799998851,40.43639599965847],[-75.06416499979997,40.438156000017386],[-75.06594599968226,40.445266000253284],[-75.07067800030717,40.45679400011246],[-75.06701600008518,40.46530800003551],[-75.067714999869,40.47366900020205],[-75.06479499998682,40.476475000174815],[-75.06266400030016,40.480439000221615],[-75.0625760004366,40.49407399982863],[-75.06330000033478,40.4997280001551],[-75.06484199984249,40.50350299990593],[-75.06568499956634,40.521677000072664],[-75.06510200013348,40.52641300005726],[-75.06809999983346,40.5414880001594],[-75.07804700005875,40.54787599979533],[-75.0998269999736,40.5673979997545],[-75.11553600014544,40.57286000009449],[-75.13499500040284,40.575662000100905],[-75.14017200036837,40.57537000008221],[-75.14841999982883,40.57202100024976],[-75.15904099972357,40.564845999883666],[-75.17045199963876,40.56416499979174],[-75.17736299963093,40.56553600026318],[-75.18490700018299,40.56830800004971],[-75.19410500039574,40.57607900002351],[-75.19549600029069,40.57862699978281],[-75.195221999756,40.58030300026703],[-75.19414999970328,40.5828430002105],[-75.18969199961303,40.58767099987214],[-75.18939799988519,40.59099899988656],[-75.19144300025643,40.595491999863654],[-75.19229100000317,40.602675999951906],[-75.20134799975061,40.614628000204604],[-75.20181200025611,40.61718799993225],[-75.19789099956802,40.61933199968356],[-75.19068800039611,40.619957000133226],[-75.18928300025743,40.62149199968542],[-75.18857899955243,40.6246280002922],[-75.19069099987084,40.63589100028109],[-75.19351600021677,40.639269999703146],[-75.19535099962742,40.643043999687485],[-75.2004680002168,40.64689900007358],[-75.2004520003233,40.64921899967027],[-75.19785999960585,40.65204999993732],[-75.19797799960664,40.654739000198695],[-75.19574399998781,40.65621200028947],[-75.19085200042764,40.66193800028337],[-75.18275200020688,40.66597399970204],[-75.17749099967745,40.67259500016724],[-75.17680299976428,40.67571500032264],[-75.17758699993692,40.67773099974713],[-75.18056399972049,40.67936299988471],[-75.18451600037073,40.67997099981949],[-75.19058000044107,40.67937899982854],[-75.19692099962253,40.68129699984567],[-75.20092199977826,40.68550099978813],[-75.20392100020146,40.69149799977434],[-75.19871999994648,40.70529799986798],[-75.19582000015579,40.70979800004598],[-75.19442000004001,40.71401799990018],[-75.18673999994382,40.7194899999944],[-75.18574800025704,40.72155400008838],[-75.18605200003066,40.725682000255496],[-75.1825000003118,40.72992200016779],[-75.1820840003852,40.73152200031234],[-75.18280400008541,40.73364999970488],[-75.18578000004409,40.73726599981087],[-75.19534899997761,40.74547299966105],[-75.19667700012336,40.74812900030921],[-75.19653499983315,40.75163100017074],[-75.19179600043384,40.755830000109235],[-75.18303699971392,40.759344000094444],[-75.17903999975614,40.76189700009302],[-75.17747700033205,40.76422499994431],[-75.17562000028178,40.77292299987718],[-75.171587000339,40.77774499976364],[-75.16952299970116,40.778473000090145],[-75.16364799977673,40.778385999966254],[-75.14937800007873,40.7747859998865],[-75.13440000037609,40.77377000030115],[-75.13146500042531,40.77594999989762],[-75.12586699961197,40.78402600014216],[-75.12308800019512,40.7867459996609],[-75.11685400024547,40.7893479997028],[-75.11119400040617,40.78991299978807],[-75.10850499960436,40.79109400003635],[-75.10080000029214,40.79979700025126],[-75.10021399958791,40.807663999733016],[-75.09668600015848,40.81189399984732],[-75.09051800033107,40.8159130000682],[-75.08392899965588,40.82447100004867],[-75.08382200042409,40.827804999908494],[-75.08551700009265,40.830085000208655],[-75.09700599982564,40.83933600008243],[-75.09758599978376,40.84304199998393],[-75.09578399998509,40.847082000325614],[-75.0909619998468,40.84918699991583],[-75.07668399975289,40.849875000251544],[-75.07082999974483,40.84739199992347],[-75.06600799960653,40.84759400007355],[-75.06432800000658,40.848338000301155],[-75.06325199975589,40.85019199996273],[-75.06431399976287,40.85393099996855],[-75.0638019995768,40.85559299991845],[-75.05846200030297,40.860706000274504],[-75.05177800009153,40.86382599996773],[-75.05102900007898,40.86566199966461],[-75.05150799975478,40.8702239999754],[-75.05366399955581,40.87365999987459],[-75.0586549997485,40.87765399995782],[-75.06544000024228,40.885675000012036],[-75.07392500042751,40.892176999687415],[-75.07534499973646,40.894166000227074],[-75.07597999994617,40.89569200031949],[-75.07519800032169,40.90017600017086],[-75.07608999955104,40.90703900022571],[-75.07929499983857,40.91387999996059],[-75.09552799989204,40.92414799972211],[-75.10480899994548,40.935246999763585],[-75.1061479999619,40.939670000252065],[-75.1116889999755,40.94812700010577],[-75.11776700028955,40.953013000222896],[-75.12081000019535,40.96288400006385],[-75.11954200032405,40.96606000014153],[-75.12023199988705,40.968702000151474],[-75.12260299977322,40.97015199988392],[-75.13016599969353,40.96896100022156],[-75.13262199996852,40.97000500009248],[-75.13470099977664,40.972038000141005],[-75.13553099998005,40.97380300006547],[-75.13552099993431,40.97686500015285],[-75.13252200040942,40.98123499993549],[-75.13109600035436,40.99046400028405],[-75.12719599958267,40.9939539998307],[-75.11059500018146,41.002173999730346],[-75.1091130000499,41.00410199972948],[-75.09352299970377,41.00944200025932],[-75.08449500026865,41.01592000015498],[-75.07499900013005,41.017130000230345],[-75.07053199981901,41.01862000030361],[-75.0487350001857,41.02922199982299],[-75.04178900003345,41.03169999994037],[-75.033493999819,41.03766599995229],[-75.02710199968563,41.03952900029701],[-75.02612699971725,41.04190499976777],[-75.0273400002353,41.043827000214776],[-75.02714600006655,41.045253999736985],[-75.01757200011015,41.05585299977104],[-75.01624099959133,41.06016400000041],[-75.01241000021322,41.067263999691136],[-75.00685599978085,41.06759600031566],[-75.00078000001493,41.073209999731944],[-74.99484700036417,41.076555999665516],[-74.98933200028985,41.07831900026204],[-74.98259000035208,41.07917200012253],[-74.969123000195,41.08680300003664],[-74.96740800043493,41.0901169996945],[-74.96675899998152,41.09342499980357],[-74.96746399961312,41.09532700030998],[-74.9694339996413,41.09607400033376],[-74.9752979996951,41.09407300033063],[-74.98332099992297,41.08899599980779],[-74.98826299971184,41.088222000121405],[-74.991815000329,41.0891320002385],[-74.99138699980851,41.09315500006704],[-74.98886699995944,41.09601999980939],[-74.98200000034821,41.10849000004425],[-74.9795430002483,41.1108239999826],[-74.97358999960773,41.11318600016185],[-74.96323300020191,41.11467599985561],[-74.94741100005218,41.123732999994964],[-74.94756900023593,41.126705000154374],[-74.94449799984271,41.12997399966337],[-74.93195999962322,41.13340800032295],[-74.92377900010992,41.13801099986892],[-74.92037899982873,41.142287000070354],[-74.91670800028419,41.144832999857364],[-74.90525600036113,41.15566799973042],[-74.9031149997304,41.158747000281544],[-74.89994299995315,41.16630999988169],[-74.88998800023026,41.17321699986603],[-74.88335300042262,41.1795609997858],[-74.87902500002873,41.18651099997247],[-74.87819800019838,41.19046900000293],[-74.87479299989432,41.19723899997625],[-74.85947299988491,41.218772999935894],[-74.8592109999441,41.22007199992191],[-74.86013599968373,41.221641000274396],[-74.86633299982344,41.2258210000528],[-74.86763400020504,41.228620000032],[-74.86657399984787,41.232070999971285],[-74.86214000004709,41.237789000260996],[-74.86111700039817,41.243644999836064],[-74.85635800000908,41.249748999749954],[-74.8491230001518,41.2512270002831],[-74.84709299984915,41.25284099984687],[-74.84491000028397,41.25759399988583],[-74.84645099996675,41.26201100028513],[-74.84608400044394,41.26341899976275],[-74.84060000033175,41.2715849998162],[-74.83836099979173,41.277293999821815],[-74.8330929995896,41.28260899973356],[-74.83002700011757,41.28744100020502],[-74.82247699971772,41.29359500015907],[-74.81560599990853,41.29607299995968],[-74.81203300027329,41.29815800004884],[-74.80742799986996,41.302811999869505],[-74.79217099960975,41.31084100025404],[-74.79199900008061,41.31344199985469],[-74.79610700036648,41.31836799977068],[-74.79557199971586,41.320342000201286],[-74.79158399997891,41.323019000084166],[-74.78413900005937,41.324285000180836],[-74.77347100030894,41.324519999828375],[-74.76728199966682,41.32774399967151],[-74.76300799969961,41.33195700020374],[-74.76032700019204,41.34032800030391],[-74.75509699962475,41.34587200013172],[-74.747813000262,41.34658299968717],[-74.72837300027118,41.345866000019896],[-74.72074099985556,41.34743800029272],[-74.70849300006431,41.35279600006197],[-74.69774599977283,41.35574799976021],[-74.68995199987383,41.36149300004476],[-74.69002999969163,41.3652290000679],[-74.69410399964231,41.37010499980404],[-74.70799599994682,41.378679000240076],[-74.71096900043077,41.38371300000744],[-74.7125209999842,41.38875900004937],[-74.71635800010841,41.393020000302826],[-74.72012599973732,41.39465700006127],[-74.72902799967406,41.39533100006703],[-74.7345710002358,41.39740199991035],[-74.73681200042564,41.399318999836986],[-74.74176300043536,41.40695399978499],[-74.7410689997761,41.411277999975916],[-74.73818099968098,41.41426799978074],[-74.73466400012222,41.42299300008723],[-74.73513100010246,41.42679999983834],[-74.73873200022511,41.43078099997092],[-74.74145600028871,41.431154000017735],[-74.74477600020396,41.43037600014403],[-74.75093599963544,41.42785700019902],[-74.75447099963586,41.42495299994794],[-74.75858700031763,41.42328699993097],[-74.76240099997732,41.4233280002823],[-74.7727070002278,41.42634200013871],[-74.7890969997418,41.4214090000882],[-74.79311499961595,41.42235599978872],[-74.79509100039023,41.42371300005103],[-74.79925599967919,41.43080600024332],[-74.80113199999604,41.43830299997821],[-74.80515800026613,41.44185300026706],[-74.80824200017983,41.44291999983112],[-74.81150500019368,41.443054999779065],[-74.81799500023637,41.44050500022702],[-74.82258399984785,41.43701400011716],[-74.82634099960609,41.43164600016205],[-74.83203200030584,41.430391000132786],[-74.83747700005998,41.431896999950524],[-74.84786899962589,41.43961900014863],[-74.8539090003051,41.44314600024388],[-74.85765299964454,41.44415600000194],[-74.86314199977961,41.444386999965786],[-74.87830299978037,41.440000000163586],[-74.88900999988886,41.43816500006942],[-74.89262500025521,41.43861700022903],[-74.8956599997651,41.43968799994072],[-74.89639899973191,41.4421790001435],[-74.89485499967607,41.44619099986883],[-74.88915600037704,41.451072000004295],[-74.89016899998022,41.45555800015497],[-74.89476799963744,41.458145000120254],[-74.90655299964642,41.46087599988509],[-74.90793900041683,41.463849000135795],[-74.90918100034888,41.47243600001237],[-74.91303500019151,41.47601700020642],[-74.91796600010976,41.47717300007853],[-74.92409200010437,41.47713800020575],[-74.93312499956235,41.482576999864065],[-74.94286900029638,41.483646999925355],[-74.94604100007362,41.483086999776205],[-74.94807999969879,41.48062499992776],[-74.95537499983051,41.47717699992813],[-74.95823000031368,41.47658100009044],[-74.96698400011242,41.47703700033231],[-74.98282100033076,41.480508000184564],[-74.98485599975795,41.483190999756445],[-74.98564499995346,41.485864999984514],[-74.9849789997816,41.49063299994553],[-74.98226999978662,41.498685000299815],[-74.9842399998148,41.50650899987799],[-74.98590699989428,41.50815699970166],[-74.98800400014407,41.50887899969739],[-74.99379500040294,41.50888599987691],[-75.00025500030839,41.507374999702044],[-75.00357799969838,41.50827700026448],[-75.00366800011007,41.51180800015218],[-75.00074900005279,41.518597000156085],[-75.00321200000047,41.523480999906795],[-75.01113899996888,41.529318000115104],[-75.01679700015835,41.53219500003525],[-75.02321699988083,41.53317099989733],[-75.02454300037678,41.53459299980376],[-75.02469999983731,41.54013100012305],[-75.02222600001897,41.54175600021658],[-75.01750299961488,41.54264200030789],[-75.01597600017578,41.544205000126176],[-75.01612799961343,41.54659199995834],[-75.01880399999645,41.55243600033182],[-75.02805499991267,41.56433900023584],[-75.0335919997283,41.56523800016757],[-75.0404900002,41.569687999674926],[-75.04390399982658,41.57470199984798],[-75.04514300028387,41.57967199999192],[-75.04724600038146,41.583681999675605],[-75.05293399980984,41.587893999976096],[-75.06001200020658,41.59081299983021],[-75.06771400004408,41.60024899978173],[-75.07467799973969,41.60652699990197],[-75.07447500024843,41.608124999670146],[-75.0697209998822,41.610114000201236],[-75.06369799981972,41.6092710001219],[-75.05972799962612,41.610415000192305],[-75.06156499958493,41.61580000019783],[-75.05973099999919,41.61755599973602],[-75.05302000002357,41.61851499998364],[-75.04674500006602,41.615621000011274],[-75.04532300020892,41.61614999976879],[-75.04418099983602,41.618062999769634],[-75.04447700011201,41.62074899976867],[-75.04361000009871,41.62332200017292],[-75.04861700018492,41.63301299971295],[-75.04949699971871,41.64156199985751],[-75.0477080003388,41.645851000273304],[-75.04919200012019,41.650054999752584],[-75.04883899994276,41.65729099970887],[-75.04946400010675,41.66027700026716],[-75.05047199968706,41.663093000153054],[-75.0539959998168,41.66807399973626],[-75.05753300036537,41.668844000126015],[-75.05951599991401,41.672255000129525],[-75.05841799992204,41.674900000277724],[-75.05125199966174,41.68001799982064],[-75.05262699966318,41.68811000012442],[-75.05872300041887,41.69846899990537],[-75.0670679999637,41.70514500016266],[-75.06895699980103,41.70932700016816],[-75.0678279998469,41.71178999983843],[-75.06622199986678,41.71275999999458],[-75.05920299991959,41.71281000001383],[-75.05235899987457,41.71148399991556],[-75.05095899975879,41.71179999972806],[-75.04968699968951,41.71337200031728],[-75.04971900037488,41.71590899988715],[-75.05183099979497,41.719920999799925],[-75.05367500032476,41.72734599979178],[-75.05483000021817,41.73489599987726],[-75.05265299960244,41.74392199992072],[-75.05296899996993,41.75179300015753],[-75.06123700042018,41.764790000042424],[-75.06475800017688,41.766687000179815],[-75.07246400021234,41.76854800002095],[-75.07460999996762,41.77126999981954],[-75.07915599992141,41.771606999860275],[-75.087181999624,41.769392000171116],[-75.09463300028965,41.76836400004449],[-75.1018949999111,41.76960900024421],[-75.10349199967035,41.771237999908536],[-75.10471100003618,41.774383999923494],[-75.10387900018296,41.77604799970499],[-75.10394799977993,41.780149999676105],[-75.10172599985667,41.78750400026659],[-75.09288300036948,41.79645700018507],[-75.08849700024928,41.797707000122735],[-75.08062200015942,41.79669800005624],[-75.07847100038127,41.797296999931646],[-75.07565199988312,41.79955500015174],[-75.07234299983853,41.8066439996713],[-75.07150900033548,41.81130400022693],[-75.07224800030228,41.81413099981672],[-75.07475999975546,41.8152940000176],[-75.0787690003071,41.81521000022936],[-75.08552499959025,41.811711999900275],[-75.0898799997483,41.81170099986113],[-75.09634300002682,41.815241000036494],[-75.1005650001155,41.81892699991763],[-75.11301899977109,41.8226190000175],[-75.11506800034029,41.82754599973884],[-75.11314500016778,41.836164999896184],[-75.11340499956047,41.84214000013615],[-75.11659499977938,41.84544900010602],[-75.12011700025931,41.84621699980028],[-75.12691899957322,41.845059999875204],[-75.13099099987407,41.84526100021924],[-75.14056099963248,41.85221999984157],[-75.1456020000539,41.851462000160026],[-75.15467999971773,41.848454999982025],[-75.1576549998515,41.84869200002922],[-75.1628789996727,41.85055500008651],[-75.16522699999264,41.8527929997329],[-75.16832599997497,41.858699999732636],[-75.16842399988425,41.86933500028135],[-75.17014100019244,41.87135000005209],[-75.17246000020009,41.87228300032846],[-75.17582699997101,41.872573999781444],[-75.17803200017585,41.87091000019779],[-75.1817040004436,41.86307800007],[-75.18535800026969,41.86006300029323],[-75.18913699976927,41.861667999703215],[-75.19144699955608,41.86514099985041],[-75.19541000007696,41.86783900026492],[-75.20463699970372,41.8699280000236],[-75.2095690003452,41.86931899972587],[-75.21502400014508,41.86734999976296],[-75.21957599994663,41.861188000000325],[-75.22316600019862,41.85791599996824],[-75.22448000010068,41.857590000302444],[-75.23161200002578,41.85945900017552],[-75.24114699962412,41.86725199986086],[-75.24403800009229,41.866511999887166],[-75.25000099988029,41.86221700009753],[-75.2583160001862,41.86227400006945],[-75.2615900000707,41.864939999757155],[-75.26429499986772,41.86952300032026],[-75.26320899957128,41.87170000008425],[-75.25745900021862,41.87609300012935],[-75.2595830002326,41.88232399986407],[-75.26062299959996,41.88378300014393],[-75.26309800014151,41.88504100012558],[-75.27075499977317,41.88684299992909],[-75.271685000434,41.88844699998518],[-75.27297300039679,41.896566000196266],[-75.26777299996671,41.901971000200284],[-75.26727599984926,41.90608999990965],[-75.26924800042558,41.91068799976272],[-75.27663300007066,41.92223599985256],[-75.27694799971493,41.932885999749914],[-75.27864099973368,41.936264000238886],[-75.27876299993243,41.938713000143814],[-75.28460000022203,41.941934999906536],[-75.28951000022388,41.94320399966976],[-75.2916230003672,41.94664699999608],[-75.29146600000836,41.95244400033018],[-75.29331600038594,41.954347000045566],[-75.29751800038312,41.95468499996121],[-75.30114799991978,41.953386000026974],[-75.30173799992366,41.951657000056116],[-75.30088000013119,41.94873099995373],[-75.301326000195,41.94810500029493],[-75.31094100015927,41.94910299981679],[-75.31792999996924,41.95387100024363],[-75.31818400041246,41.95701399983243],[-75.31963800005661,41.96031199970874],[-75.32589100027283,41.96476800021417],[-75.32796900025603,41.96794299983888],[-75.33627100014316,41.97090099985053],[-75.33814300026205,41.97041799999973],[-75.34159100022383,41.97221600022458],[-75.34227499993905,41.97327000018147],[-75.341990000432,41.97500599976344],[-75.3376739997337,41.98386999983276],[-75.33751600044826,41.98682199990364],[-75.3399829996956,41.991559999914735],[-75.342166999984,41.99349700028672],[-75.35964500034258,41.99955399968695],[-75.76468300023545,41.997856000281224],[-75.98024999959014,41.99903499982754],[-76.34482699963561,41.99838300020516],[-76.828976999927,42.00201800029137],[-77.16141900030162,41.99960499967239],[-77.50398799992827,42.00010100018715],[-77.82839600020438,41.99825900026224],[-77.94035399975313,41.998469999832444],[-78.12151500000824,42.00038899972405],[-78.27927399957653,41.999099000167604],[-78.62279700015347,41.999976000221274],[-78.69880999967134,41.9986340001953],[-78.85735900015838,41.99770500013965],[-79.15841300032656,41.99967000014436],[-79.4117309997088,41.99840400008003],[-79.76195400039067,41.99884100032264],[-79.76241799999787,42.516072000324215],[-80.08022200042848,42.394161999903325],[-80.51985100026717,42.32713200000673],[-80.51870499969628,41.24981100001099],[-80.51922799975301,40.53346000018793],[-80.51899000010162,40.47366700002972],[-80.51768899972005,40.462216999786705],[-80.51921500023252,40.26834600032622],[-80.5193419995558,39.72140299998133],[-79.54846500012087,39.72077799993888],[-79.04554799968321,39.72288300027257],[-78.46156799998374,39.72286899987238],[-78.35349699988961,39.722583000156604],[-78.34594200036521,39.72200300019292],[-78.31513900013978,39.722877000200135],[-77.87471899955743,39.722217000099405],[-77.50680999990114,39.71987000000226],[-76.99090300023069,39.71979899992485],[-76.9364119999865,39.720707000105314],[-76.70636099977524,39.7211940000348],[-76.60142700019657,39.72129900033509],[-76.59546199986043,39.720449000123864],[-76.58387600004306,39.72130199974904],[-76.5513599997074,39.72137700025724],[-76.13575500034646,39.72113099977792],[-75.77378600001364,39.72220000018924],[-75.76264999955976,39.743764000230826],[-75.75503399993599,39.75488399997927],[-75.74670699993449,39.765140999875285],[-75.72803699987261,39.783489000037314],[-75.70591600037423,39.79986600031389],[-75.68132500035712,39.8135320003167],[-75.65370399995469,39.8246909998506],[-75.6243469998758,39.832694999748355],[-75.59309900030976,39.83772299995675]]]}},{"type":"Feature","properties":{"state":"ME","name":"Maine"},"geometry":{"type":"Polygon","coordinates":[[[-67.80362999968087,45.67765100017252],[-67.81800800023218,45.6938190002306],[-67.80293400027008,45.69608799973604],[-67.80962199978116,45.72957400021211],[-67.78179600023762,45.73111700009597],[-67.79287900008974,45.75007499987629],[-67.80627000007884,45.75524399977917],[-67.80931299998468,45.76735800021979],[-67.80551299967038,45.76954100007315],[-67.80385200033702,45.78110299973152],[-67.80648299961587,45.79440499991532],[-67.80211800031039,45.80303399979043],[-67.78084899985838,45.815363000215434],[-67.78068900002481,45.81775700008437],[-67.77810200022856,45.819208000115275],[-67.77217299987743,45.81943299994481],[-67.76564199982688,45.81853300017991],[-67.76417899996189,45.81998300022194],[-67.75531899985793,45.82335000002968],[-67.76377300008103,45.828839000028516],[-67.7641160002127,45.83147200010928],[-67.76549700006191,45.83209399984862],[-67.76523000009821,45.83442199973463],[-67.76680299956806,45.83482100004483],[-67.76662099999318,45.83631800023859],[-67.76927399991168,45.83821199978186],[-67.76880299973347,45.839003000174316],[-67.77193699987588,45.8415469997172],[-67.77753899998885,45.843435000217916],[-67.78728100017473,45.84955400023789],[-67.78991800019969,45.851927000128896],[-67.79465800032222,45.85850800008426],[-67.79711399969888,45.86002500022007],[-67.7959300003915,45.86180299994685],[-67.79850399976894,45.8640460002156],[-67.79615100032441,45.86524300014718],[-67.80074499995878,45.86759699990903],[-67.80201899967787,45.86741800008034],[-67.80454699992289,45.86937900020513],[-67.80322499962489,45.87033599995151],[-67.80400899979753,45.870939999967845],[-67.8035619999088,45.87216300016664],[-67.80472100000016,45.873128000289526],[-67.80480499966575,45.87528400017708],[-67.80375000022977,45.876315000053886],[-67.8043159999442,45.87791199991718],[-67.80391099988825,45.88289799989801],[-67.80295900038445,45.883841000191524],[-67.80156000009354,45.883188000070554],[-67.79886199996922,45.88432400001508],[-67.79925000030674,45.88499999974007],[-67.79797499986444,45.885407000205525],[-67.79689199994104,45.887847000117205],[-67.7961770002637,45.888334000045596],[-67.79521499981584,45.88781400001763],[-67.79328999999349,45.89042799975052],[-67.79045999962469,45.89130599976046],[-67.78972900005381,45.89204600026865],[-67.78998699979667,45.893221000086605],[-67.78751499962816,45.89468099980081],[-67.78437999966083,45.89571599987505],[-67.78241300000568,45.89447200017105],[-67.77925299992398,45.89458300008133],[-67.77893099970873,45.89687200022067],[-67.7780779999391,45.89752799975139],[-67.77710299997077,45.89763100005641],[-67.77646899958594,45.895906999832995],[-67.77268599988842,45.897736000103905],[-67.77016699986424,45.897254000279936],[-67.76805299989603,45.89811099981382],[-67.76882600019799,45.898892999917415],[-67.76864000042517,45.90034600017094],[-67.76952599980675,45.90080799993545],[-67.76834900017204,45.9023920002167],[-67.76823700001903,45.90455500018348],[-67.76754200043317,45.90543099972255],[-67.76644299971795,45.9053900001888],[-67.76605600010365,45.90709000023285],[-67.76481199962348,45.90797700019269],[-67.76532299998465,45.90975300021955],[-67.7641930002056,45.90953900010781],[-67.7639110001733,45.910638000033735],[-67.76039399971621,45.909624000087405],[-67.75793099976853,45.912248999714464],[-67.75537099973647,45.91165999980936],[-67.7542519998281,45.91397999991542],[-67.75212199996633,45.91472699994314],[-67.75246000007515,45.91642499975282],[-67.75151299969588,45.91627300014034],[-67.75166500003185,45.917283000142994],[-67.75062800013922,45.917636000183855],[-67.75265900026677,45.918985999967376],[-67.75227599995212,45.91944400003515],[-67.75384799959704,45.92132399989959],[-67.7583779996573,45.92333000015799],[-67.75892699965328,45.924080999764925],[-67.7585550001076,45.926378000296914],[-67.76037199997492,45.92666699986138],[-67.76109300039836,45.92760999988587],[-67.76623799967854,45.92803299996282],[-67.76593800010289,45.93053599983692],[-67.76808300003324,45.932164000243766],[-67.77190699973866,45.93194700009566],[-67.77347000006107,45.93482300002238],[-67.77783600008978,45.934207000035],[-67.77830100042019,45.93615099989126],[-67.78051099974957,45.93872600020802],[-67.78031300028115,45.94121700020159],[-67.78124800006655,45.943449999995636],[-67.78095900036153,46.03782999997733],[-67.78196699994186,46.26276799998096],[-67.78502699956611,46.4635430001717],[-67.78828799993013,46.60130500016687],[-67.78972400003093,46.80594300013903],[-67.79019600003404,47.06722000016147],[-67.8112160000657,47.07604700022453],[-67.81693000033168,47.081391999802165],[-67.82110999968923,47.08341399973131],[-67.8305410004288,47.084970000207896],[-67.83828299955096,47.08766099997883],[-67.84866699961925,47.093303000165044],[-67.86836500025126,47.10054300002758],[-67.87482000013384,47.1011719997704],[-67.88291600015664,47.1044030002324],[-67.8881659999171,47.109813000064875],[-67.8895600001851,47.114126999901124],[-67.88918899956603,47.1195450002351],[-67.89038399964241,47.12235200024579],[-67.88991199963931,47.12431699990373],[-67.89085599964551,47.1265579998233],[-67.89420800024614,47.13046799970252],[-67.90349099994938,47.136485000222066],[-67.90983299985406,47.147219000017344],[-67.9123970000841,47.14878400027453],[-67.92201399969818,47.151989000207415],[-67.92866299974953,47.156218999857636],[-67.93193300033437,47.16148700012183],[-67.93690199988744,47.16606399997234],[-67.93880900016644,47.17093300008033],[-67.94841400008497,47.18164399976355],[-67.95146399966347,47.183464000167135],[-67.9508720000098,47.190104999956304],[-67.95194499988742,47.194533999878615],[-67.95342000034628,47.19669200023961],[-67.95721800011242,47.19961899983613],[-67.97320299957046,47.206789999901524],[-67.98970299958764,47.21002200005557],[-67.99816400038173,47.217118000031036],[-68.00685600025618,47.22716100003058],[-68.01664600012265,47.23493199992094],[-68.0196709995868,47.238497999695795],[-68.03335200000413,47.24332799986933],[-68.05917599973243,47.25518399999922],[-68.06484499979256,47.2572519996977],[-68.07399299977659,47.25915899970886],[-68.0766330001746,47.26252800012116],[-68.07735700007278,47.26589900019763],[-68.08194400003444,47.27099299996389],[-68.09230299998836,47.27655099998416],[-68.12093600016908,47.28742999973824],[-68.127492000334,47.29399899995709],[-68.1358910003055,47.2956479997568],[-68.14125400004387,47.29955700012111],[-68.14689999963947,47.305660000058815],[-68.15221100039761,47.309670000235414],[-68.15386900025625,47.3132989999669],[-68.15233199987313,47.32205199986295],[-68.15468000019308,47.32518499986561],[-68.15998500020514,47.32717399985997],[-68.17604500000625,47.328869999761515],[-68.2023509997834,47.33941600010931],[-68.20731600003683,47.3396100000803],[-68.21135900002534,47.33884299999299],[-68.21453300035073,47.339606000019074],[-68.21933399967432,47.34161000004652],[-68.2237189999696,47.344703999821974],[-68.22471499985436,47.35024899975616],[-68.22812099998333,47.353357999970996],[-68.23446899973578,47.35530100014907],[-68.24797299970281,47.35211799970357],[-68.26490799991315,47.35221700003242],[-68.27109500000714,47.35451400029603],[-68.28057199987914,47.35962199984686],[-68.28479800016578,47.360285999927214],[-68.29034400020225,47.35991000016012],[-68.29954599971465,47.35596700016185],[-68.30326200036335,47.35523799977029],[-68.3110949997221,47.35624099997803],[-68.32236400024539,47.359426000205225],[-68.32766800043252,47.36006800029803],[-68.3355950004009,47.35973099978265],[-68.3518510000206,47.35736600020545],[-68.36312999969128,47.354657000101874],[-68.37187900036548,47.34935700011501],[-68.37772300032779,47.34355099976417],[-68.3801539995901,47.33964799973385],[-68.38151400042123,47.33175499975085],[-68.38471499961248,47.32408099990311],[-68.38084400005141,47.30822599982868],[-68.38478699958252,47.30366099971242],[-68.38389299980501,47.30115399996299],[-68.37631999983896,47.29518399982059],[-68.37472499972951,47.29101500027297],[-68.37562400042819,47.28896599981727],[-68.37785800004701,47.287375000138006],[-68.38159800008683,47.286265000192664],[-68.3899669999211,47.28598000018715],[-68.40984799995287,47.2880080002768],[-68.41509699988845,47.287454999980746],[-68.4257949997761,47.28203400026846],[-68.4298069998025,47.28125899985206],[-68.4413049997563,47.28367000008915],[-68.4487670002926,47.28200999994075],[-68.45848600001393,47.28436699978131],[-68.46561899976396,47.29460899973016],[-68.47043300040464,47.29670500005716],[-68.47502500038918,47.29713900015006],[-68.4901560002527,47.29385700017484],[-68.4966479999452,47.29400599986353],[-68.50344500013455,47.29603199973424],[-68.50826100042505,47.2964750001978],[-68.51676599980345,47.2960859996978],[-68.52395200015523,47.29450099977755],[-68.53023899980832,47.29202899972873],[-68.5387909999407,47.28528499976511],[-68.54980000017298,47.282142000084924],[-68.557918999762,47.28317099989009],[-68.57191900002154,47.28715100017833],[-68.58005000020445,47.28711499981342],[-68.58944500006069,47.28053999979029],[-68.59235700044525,47.27413400027372],[-68.5976749999778,47.270154999865404],[-68.59820200023248,47.268518000003695],[-68.59331899999482,47.26108500026599],[-68.59354599977554,47.258768999867414],[-68.59605700030211,47.2561630001519],[-68.59970600010534,47.254485000117704],[-68.607518000446,47.24698200007759],[-68.61751199962865,47.243372000199805],[-68.6254639997114,47.2421700002947],[-68.63511200018596,47.24233500022579],[-68.64627600022892,47.23948400009847],[-68.6530959999845,47.23926999982455],[-68.65541499999213,47.23885999987216],[-68.65984700014309,47.23612400005172],[-68.66319800002049,47.236279999703605],[-68.67495399971715,47.24232700001181],[-68.68435199994644,47.24288699987466],[-68.68715200017803,47.24441000013977],[-68.69170800017754,47.243836999781244],[-68.69523200030731,47.24255200023247],[-68.70226299995005,47.23828600021999],[-68.70510699966425,47.23786599977785],[-68.71226500042692,47.240255000279774],[-68.71702399991773,47.2405409997629],[-68.73014600029333,47.23567299986689],[-68.73436599983384,47.23567899986614],[-68.75189299969789,47.22635999988842],[-68.76434600042688,47.22204399999474],[-68.76894099988615,47.221148999967575],[-68.7813769999984,47.221047999958536],[-68.80426699960083,47.21536599970454],[-68.81152900012059,47.21513099976867],[-68.81518399977158,47.213476999935175],[-68.81729500026508,47.21117199974333],[-68.82655899970176,47.20712799990747],[-68.83145100016026,47.20391899983817],[-68.84996200021347,47.19625099977155],[-68.85095200025046,47.19465400008272],[-68.85743800009516,47.19034000028097],[-68.86156700029743,47.189079000035356],[-68.87103300029877,47.18906899979217],[-68.8760679999741,47.18725699983583],[-68.88215200013592,47.18290699974116],[-68.88442299956465,47.183154999938985],[-68.88908700041752,47.18201500013709],[-68.89551899983557,47.1824339997389],[-68.89879199989517,47.18025200020925],[-68.9000339998272,47.17774199997609],[-68.90487199985901,47.1804730002746],[-68.90844299984445,47.186341999728235],[-68.91195299973049,47.18646300015304],[-68.9150430003903,47.18857600030111],[-68.91977900031486,47.18992999972695],[-68.91994900019418,47.19483200017055],[-68.92374000028762,47.197376999911945],[-68.92556999967542,47.19788400026743],[-68.92657899997896,47.19680499989284],[-68.92844500025006,47.19659899983133],[-68.92994999994784,47.19759400027786],[-68.92805600008762,47.198719999996285],[-68.93411599996001,47.20014600011088],[-68.93546400019726,47.20219800019715],[-68.9410579999143,47.20607800019419],[-68.94260100014523,47.206092999717434],[-68.9507800000087,47.2020040000109],[-68.95195400016868,47.20268300000048],[-68.95210599960633,47.205832999854],[-68.95285399979396,47.206893999710225],[-68.96000300033582,47.20525500028183],[-68.9611859998183,47.2056860002052],[-68.96348399990956,47.209717999755576],[-68.96479399961366,47.21017999999705],[-68.96527499983758,47.21252499976456],[-68.97858999965871,47.217698999784076],[-68.9803990000284,47.22011300006672],[-69.02707499955889,47.239339999901006],[-69.03377300001405,47.24040300007281],[-69.03484199969371,47.24190500012463],[-69.04089999991628,47.2450109997385],[-69.05074699968412,47.25647900013866],[-69.05060199991917,47.260182999760154],[-69.04812399990288,47.26325700014067],[-69.04887100026559,47.26475700005622],[-69.0471399997137,47.26725899977323],[-69.04841299960788,47.26942100019231],[-69.04684199978787,47.27158499993641],[-69.04813899997148,47.2732370000528],[-69.04807899969704,47.27510999997424],[-69.04927499959832,47.27577800001638],[-69.05077799964627,47.27847400007744],[-69.05081000033164,47.2814259999861],[-69.04919199975765,47.283323999882406],[-69.0496960004461,47.289284000001345],[-69.05117299965647,47.29238300023485],[-69.05311099989761,47.292812999903276],[-69.05270099981878,47.29449600015239],[-69.05346499989994,47.29717999976551],[-69.0530759997375,47.29852299999529],[-69.05063299988132,47.29953800019158],[-69.05127099956579,47.30064499970116],[-69.05069900000355,47.30395599997887],[-69.04923699996348,47.30584899999525],[-69.05486599984064,47.31533100003038],[-69.05353000019727,47.34063999997991],[-69.05382499975005,47.36567700013038],[-69.05488299955907,47.3777159997667],[-69.05325999986053,47.37863499972983],[-69.05002500033409,47.37855000022943],[-69.04959900036174,47.37998099971663],[-69.05088800014944,47.38097299980709],[-69.04849799999668,47.38203300003972],[-69.04748299984537,47.38342299969841],[-69.04463699958305,47.383913999817594],[-69.04413600016593,47.38273499990243],[-69.0421429996732,47.38264499991216],[-69.0396420000907,47.38420800029018],[-69.04013800038325,47.3860119998373],[-69.04488799965321,47.38865699985963],[-69.04568500024463,47.390284999760645],[-69.04540999988502,47.39298600022312],[-69.04350900035213,47.3954799997484],[-69.04376899974481,47.39743300015888],[-69.04075299960317,47.39676199982949],[-69.04022100022392,47.39550000015995],[-69.0392060000726,47.395399999850696],[-69.03756499993239,47.39684299978263],[-69.0418520003184,47.39823499983464],[-69.0427319998522,47.401969999942],[-69.04133500010944,47.401845999725836],[-69.04002899970499,47.40025700006807],[-69.0355370001779,47.40096999982913],[-69.03523900025206,47.4018010002568],[-69.03986999969634,47.40224399974752],[-69.04249400020082,47.404746000041236],[-69.04169900015752,47.40574600022107],[-69.04032699963082,47.405689000080834],[-69.03945100029499,47.40372000021826],[-69.03237600027128,47.40222100008935],[-69.03159899977136,47.40313300025245],[-69.03340899996597,47.4044409999506],[-69.03274299979411,47.40601200006007],[-69.03059899968865,47.40742000019361],[-69.03055199983298,47.40864900006579],[-69.03128699960182,47.409056999820926],[-69.0347429999595,47.40748499984448],[-69.03659499998692,47.40767699986003],[-69.03662699977396,47.41011299985239],[-69.03514700019055,47.41123199982454],[-69.03569500036164,47.41328699988146],[-69.03451899965353,47.414565000239925],[-69.04224899997843,47.4157129999486],[-69.03919699985177,47.419655000212565],[-69.03945700014276,47.42228600018478],[-69.04225599965112,47.423586999783254],[-69.04321700027408,47.426784000124194],[-69.04407800043961,47.42752799970554],[-69.0474350001648,47.427741000222376],[-69.04796300024438,47.426664999860954],[-69.04620900012627,47.42571499972615],[-69.04654600041017,47.42427299971632],[-69.04900699980972,47.422713000043316],[-69.05215000017297,47.4221419997647],[-69.05283100041343,47.42281700000105],[-69.05231800040247,47.42327399980565],[-69.04854999987523,47.42419400016975],[-69.04931999980417,47.425798000241095],[-69.05173900026924,47.42655799979287],[-69.05324200031717,47.42853000001937],[-69.05212000003574,47.430007999740006],[-69.05381300005448,47.43038399980026],[-69.05390599994091,47.42902299977472],[-69.05448500007414,47.42909099977671],[-69.05682900019613,47.42997599998578],[-69.05681199957938,47.43085799972387],[-69.05540300014107,47.4315249998514],[-69.0556380003177,47.43217799977447],[-69.06215299957644,47.432642000111166],[-69.0622279999195,47.43374999972579],[-69.06354900039258,47.434058000215515],[-69.0637400001883,47.43189900013798],[-69.06190700042745,47.430585999812756],[-69.06451000011724,47.43107199978287],[-69.06734200013585,47.43007500001689],[-69.06828799979188,47.4294770001431],[-69.0683930002722,47.427406000145396],[-69.07117300041227,47.426825999723896],[-69.07485599965237,47.42728799979376],[-69.08136300031181,47.423739000027275],[-69.08813899968645,47.42553600028636],[-69.09013800002694,47.4241360001579],[-69.09093300007024,47.42428899981009],[-69.09126699998109,47.42682999985764],[-69.09785199956,47.426890000004484],[-69.09715699997415,47.42974000021021],[-69.09888199977993,47.431448000141664],[-69.10005000009212,47.431310999811295],[-69.09955299997468,47.43037699973478],[-69.10055899990516,47.430197000075324],[-69.10092799997611,47.430995000018065],[-69.10419199981486,47.43086499972532],[-69.10393999991979,47.42905700009058],[-69.10506100037632,47.42790199983278],[-69.10774100005898,47.427684000185664],[-69.10656400042427,47.43067499970156],[-69.10796899966462,47.43298700005661],[-69.10733299962997,47.434363000143264],[-69.10779299993752,47.43537500029522],[-69.1099959995942,47.436366999742994],[-69.1126000000072,47.43580100014774],[-69.11208699999621,47.43751700010024],[-69.1179999995555,47.43919300016584],[-69.12201499995491,47.44269800013642],[-69.1233790000857,47.442606999849495],[-69.12360900023948,47.44068699993597],[-69.12681100015395,47.443565000223224],[-69.13345000015956,47.4441940000269],[-69.13930099979454,47.446635999885515],[-69.14019299992222,47.4452689998543],[-69.13953099994832,47.444644000141295],[-69.14105599973757,47.444003000121484],[-69.1456109999122,47.448588000160036],[-69.15037199995112,47.44872699969789],[-69.15649899977063,47.45163900023207],[-69.157433999556,47.4513590000376],[-69.15902299981768,47.448419999953],[-69.16225800024246,47.447431999724316],[-69.16505599992588,47.449238000007036],[-69.16312799973049,47.450274999902085],[-69.16492799987935,47.45151499973109],[-69.16914599977008,47.45329600003157],[-69.17251799956387,47.45353999970617],[-69.17214500019328,47.45438699976569],[-69.17312000016162,47.45446699996622],[-69.17273400037224,47.45564900005839],[-69.17507299957306,47.45540499984351],[-69.17509900041064,47.456381999759266],[-69.1779899999805,47.456332000026464],[-69.17889700017679,47.45737799998133],[-69.18071999989186,47.456098999964524],[-69.18454299977238,47.45641199969756],[-69.18526099982277,47.45538699990231],[-69.18827199994155,47.45507299973426],[-69.18990800005888,47.45356300003286],[-69.19279899962874,47.455317000274846],[-69.19579399985398,47.45549299987231],[-69.20041799962556,47.45402000013332],[-69.20233699960012,47.45222699997946],[-69.20519600028123,47.45195300025193],[-69.2056160004058,47.452944999960366],[-69.20476199991296,47.453412999939644],[-69.20613299971644,47.454101000103634],[-69.21296300041605,47.45544800008305],[-69.21432699964852,47.45652000018414],[-69.21788900031142,47.45661400001091],[-69.22446100036987,47.45983299982984],[-69.42149599975495,47.26750399971834],[-69.6128539995823,47.07903300015761],[-69.81136500014946,46.88175199977028],[-69.9971109998181,46.695519999930525],[-70.05650000036859,46.41557799981316],[-70.0618530000612,46.413775000210165],[-70.06420600040404,46.414131000265634],[-70.06692200007171,46.41205000009918],[-70.0764469996243,46.40953899980913],[-70.08124700002128,46.41066699986779],[-70.0870280002344,46.40924699995741],[-70.08911700008827,46.410924999769215],[-70.09202199990182,46.40945300026972],[-70.09694399959923,46.409478000020165],[-70.09452199965943,46.40829699983972],[-70.09683900001725,46.40699699982702],[-70.09517500031082,46.406417000070675],[-70.09693299972858,46.405310999954416],[-70.10093600043245,46.40525600025107],[-70.1000250000382,46.40432800027417],[-70.09777499962755,46.40424400014859],[-70.1004190002235,46.403150000138176],[-70.09928100004855,46.40295800002848],[-70.1001220001226,46.40224199986862],[-70.09878099955803,46.40106899976507],[-70.10093600043245,46.40126399985695],[-70.10065299967692,46.39898899981761],[-70.10165600013268,46.39707499982328],[-70.10461700002273,46.39371899980314],[-70.10752799968408,46.39263900004284],[-70.10684999981665,46.390530999834525],[-70.10869699982118,46.39137500016571],[-70.10987500017912,46.39026899995928],[-70.1077610002109,46.38899699979828],[-70.1077610002109,46.387718999809074],[-70.10871699991267,46.3881309998952],[-70.1081419999774,46.38874199988313],[-70.10990000029346,46.388941999759396],[-70.11021400011285,46.387419000123955],[-70.11147500031144,46.3883829999492],[-70.1123170002104,46.38809399988523],[-70.11266700001475,46.38766699999832],[-70.11076399993374,46.386108000111555],[-70.11421100007061,46.38520299984513],[-70.11497500015176,46.38801700015251],[-70.1166470002541,46.388217000206716],[-70.11701100030218,46.38740000014205],[-70.11601100021947,46.38702500025526],[-70.11620600021315,46.385917000265025],[-70.1270249995763,46.380399999703464],[-70.12810599984986,46.378938999894046],[-70.12699199996435,46.37080799997887],[-70.1288060003569,46.37066099971682],[-70.12947199963047,46.36941400024703],[-70.13174999963022,46.36972199996563],[-70.1337330000772,46.36888299989606],[-70.13643600022439,46.36987200029045],[-70.13818100012168,46.368468999949314],[-70.13859399967524,46.366293999782634],[-70.14137499964023,46.364805999931484],[-70.14035299981623,46.363686000144405],[-70.14109400033115,46.36252200020575],[-70.1448999995949,46.36210599990231],[-70.14809200036196,46.358993999863706],[-70.15425599999139,46.36011099981606],[-70.15643299970881,46.36145000030789],[-70.15806899982616,46.3605580000923],[-70.15793599975677,46.35949200002591],[-70.15860299975354,46.35923899992061],[-70.16033299958222,46.35986399998642],[-70.15983600036307,46.36078100011661],[-70.16167199959862,46.361061000056395],[-70.16306699969155,46.359163999779476],[-70.16656400005714,46.357361000144856],[-70.17083100035164,46.35940799970428],[-70.17288599987033,46.35918600026964],[-70.17533899977225,46.35809699978092],[-70.177256000097,46.3555689999591],[-70.18110599974167,46.354161000128144],[-70.1816920004459,46.352181000101695],[-70.18431900042512,46.35196700021625],[-70.1879499997867,46.35001699996867],[-70.19118900040941,46.35021699969815],[-70.1922029998375,46.349035999961025],[-70.19148099958915,46.34756699969783],[-70.19312799957714,46.34689199998734],[-70.19577499964782,46.34328600023518],[-70.19517499959821,46.34215800029662],[-70.19569699983002,46.34083299992509],[-70.20745000005198,46.33149699998326],[-70.20894399987908,46.32949399969531],[-70.20604699956313,46.3247419997119],[-70.2071780000654,46.32217499996922],[-70.20669699984147,46.32130599990686],[-70.20729199986822,46.31955299970558],[-70.20430800041196,46.316786000015206],[-70.20298299974093,46.314361000240986],[-70.2061000001649,46.309855999805094],[-70.20654399968059,46.306286000113424],[-70.20532199984004,46.30282199983301],[-70.20673899967426,46.301193999980846],[-70.2056420004055,46.30043099981066],[-70.20588099988178,46.29972799993736],[-70.21035800023859,46.29819199969528],[-70.21237199974938,46.2985390000704],[-70.21409200043063,46.29718899970081],[-70.2135219996199,46.29639400027],[-70.21524999979876,46.29476900024973],[-70.2169000001598,46.29544400028825],[-70.21696100025916,46.29422800024654],[-70.2286859999937,46.292344000120636],[-70.22893899971369,46.29157800018505],[-70.23163299964006,46.291027999704326],[-70.2325309996155,46.28470800005304],[-70.23547200031241,46.28147200015731],[-70.23987799962576,46.27914999986502],[-70.24016399985604,46.276977999942396],[-70.23943599975989,46.27575599991801],[-70.24069199993565,46.27490300022462],[-70.24066699982127,46.272950000104274],[-70.24335300025004,46.27306900002411],[-70.24304399955524,46.27181100021808],[-70.24866099973681,46.267081000070256],[-70.24848400018483,46.26518600006738],[-70.2504969998707,46.26275799979868],[-70.24961899998674,46.26240300022089],[-70.25009199981476,46.26143100005091],[-70.2530719999714,46.25882500009229],[-70.25303900035942,46.25516699995666],[-70.2546779999515,46.25421399979485],[-70.2515029998012,46.25186900030584],[-70.25089199988092,46.24910799979071],[-70.25539199980393,46.246125000176285],[-70.25405299978752,46.245699999737056],[-70.25606700019662,46.24430000029122],[-70.25712500000564,46.24026900016998],[-70.2591970001411,46.238916999712465],[-70.25797799977528,46.237927999853575],[-70.25832199973186,46.2355420001694],[-70.26091699992402,46.231093999863276],[-70.26007199965201,46.230946999961965],[-70.2603670001031,46.23022799986209],[-70.26354399990323,46.22902799987366],[-70.26382799958535,46.22763099981924],[-70.26733599982158,46.22501700000457],[-70.26576400017667,46.223610999918186],[-70.26795000011492,46.22081399980311],[-70.26748099958655,46.21940800022411],[-70.26904200025912,46.21966100001623],[-70.26937500034506,46.218600000016515],[-70.26836400039168,46.218588999783194],[-70.26871099982301,46.21797799980521],[-70.27150000018395,46.21648099977433],[-70.27364699976413,46.21682799984338],[-70.27301400010255,46.216269000213316],[-70.27436099961658,46.21451900027028],[-70.2720190000427,46.213700000258164],[-70.27107500003649,46.21082499976555],[-70.27222499990704,46.210907999870194],[-70.2717999997596,46.20994199988989],[-70.276396999767,46.207507999874245],[-70.27753300029214,46.20369700002261],[-70.27846399987955,46.2035559997463],[-70.27991400022404,46.20150299995341],[-70.28143300016552,46.20111100027342],[-70.28106099972155,46.20010799982986],[-70.28164400005272,46.199653000290326],[-70.28541400022978,46.197571999698255],[-70.28600599988349,46.195386000304225],[-70.28816900025552,46.19528300028339],[-70.28791399998738,46.19391400021773],[-70.28916400031535,46.1936219997318],[-70.28897500016946,46.19277200010812],[-70.29269199974475,46.19146399976276],[-70.29237499955234,46.19023099984404],[-70.29116699995548,46.190205999908564],[-70.29009400007784,46.188881000117725],[-70.29060799991375,46.18513599991726],[-70.28593899993633,46.184627999996735],[-70.28583900037721,46.182599999841074],[-70.28381400009746,46.18144200013017],[-70.28425000011555,46.180921999829216],[-70.28256899979236,46.17980299971975],[-70.2824309997001,46.17869699973191],[-70.27759400039149,46.17457500010544],[-70.27539199966142,46.174357999868114],[-70.27499400017646,46.173016999825116],[-70.27113600013587,46.17203100003712],[-70.27016100016752,46.17109200014223],[-70.27068900024712,46.170719000030054],[-70.2665690002657,46.169330999844995],[-70.26470800001746,46.16753099970048],[-70.26446699999305,46.164653000266725],[-70.25964400002984,46.16321099993484],[-70.2583610000899,46.16174999977914],[-70.25906400007169,46.16129199976791],[-70.25732800039523,46.1597249998946],[-70.25566700016354,46.159399999955205],[-70.2554389996596,46.15848300000227],[-70.25261400021198,46.158155999704455],[-70.25215300007953,46.15705299980189],[-70.24953600014605,46.15551100008937],[-70.25035600030371,46.154293999763375],[-70.2476029999278,46.15312499987611],[-70.24823300011464,46.15180599976984],[-70.246827999976,46.15182500007267],[-70.24579199990828,46.15088600002168],[-70.2438219998801,46.15146099987727],[-70.24251700019887,46.14975000030082],[-70.24059400002635,46.15096899980145],[-70.24041900012416,46.14899200004868],[-70.23656699993136,46.14639699989965],[-70.23628300024922,46.14523299991725],[-70.23958100042317,46.14319399990841],[-70.23933299982772,46.14106099985916],[-70.24008600003823,46.140435999986856],[-70.23929699984272,46.139922000114304],[-70.24033899975822,46.13904199971625],[-70.2396750001345,46.13786399996624],[-70.24031899966674,46.13793599988885],[-70.24019200034346,46.13686700029096],[-70.24203599997493,46.135285999719194],[-70.24149399965162,46.13475600019346],[-70.24300300044567,46.132360999927464],[-70.24237200043392,46.13171399990079],[-70.24390300007094,46.13101100015913],[-70.24356400013724,46.128755999795764],[-70.24481100009214,46.12843100001527],[-70.24459199980903,46.12741900024192],[-70.24555000005894,46.12611100000745],[-70.24743600042153,46.12558899981683],[-70.24700600025122,46.12441399970785],[-70.24800299996089,46.1240439998661],[-70.24783899992936,46.12267500007654],[-70.24973299978956,46.12036699983416],[-70.25148299970971,46.11951099984665],[-70.25104199966874,46.1179720003043],[-70.25241400019544,46.11624999969771],[-70.2521780001939,46.11506899974261],[-70.25302500011571,46.11518900024101],[-70.25274700028137,46.11448100018643],[-70.25453099963842,46.11370300023943],[-70.25348299987512,46.112261000169156],[-70.2552610002827,46.11077800019921],[-70.25460000013369,46.11014699995347],[-70.25532200038205,46.10902500017985],[-70.25419199970469,46.107741999891346],[-70.25279400013703,46.10759199997817],[-70.25220800033112,46.10528900024785],[-70.25311399980419,46.10011900014981],[-70.2571919999528,46.099618999889636],[-70.26074100019693,46.10097900003191],[-70.2644989997801,46.10051999981782],[-70.27035399961306,46.10106999996108],[-70.27253299987859,46.10208500010663],[-70.27936699987788,46.09985999975387],[-70.28300399998555,46.10042099984469],[-70.28593700028651,46.099826000263356],[-70.2841839999933,46.09788999981671],[-70.28970599974032,46.09457399984146],[-70.29202200027323,46.08679300024911],[-70.29361400000965,46.08549400022681],[-70.30033699968082,46.08358499995023],[-70.30190900022407,46.08236000019059],[-70.30227900011992,46.08042900021049],[-70.29986100037807,46.07907100011242],[-70.29998199985359,46.07841499999366],[-70.30285900007806,46.07659099971036],[-70.30207699955525,46.0732680000843],[-70.30502499992483,46.07180299971626],[-70.30275699997081,46.07118699989425],[-70.30253100001501,46.07035799974492],[-70.30632999960606,46.06842099978225],[-70.31095599992577,46.06418200014895],[-70.30687699995224,46.061119000226554],[-70.30335500037062,46.0622590001358],[-70.30038400043482,46.06058499985705],[-70.29219399980236,46.0604409997277],[-70.28913099980505,46.062182999959965],[-70.28424599991759,46.06271800025325],[-70.28218399982788,46.06026700026511],[-70.27894199973045,46.06083799994519],[-70.27825399981728,46.05918200020205],[-70.2794029998629,46.05846199994535],[-70.27832099976443,46.05628599972051],[-70.2807760002145,46.054273999823636],[-70.28081300002442,46.05322499994612],[-70.27961399975008,46.052325999864756],[-70.28104900002597,46.05064600009926],[-70.28913599982793,46.04650199978766],[-70.29012699968982,46.04442200018101],[-70.29424199964835,46.041018999977325],[-70.29736499992013,46.04070999983956],[-70.2992560003056,46.03824199984225],[-70.29968300010286,46.0358989998381],[-70.3010940000893,46.03474999995792],[-70.30070199955381,46.03403500019149],[-70.30185300014757,46.033338000206676],[-70.30193400033842,46.031802999910596],[-70.29846000043739,46.03087899985403],[-70.30172900029902,46.02842500008163],[-70.30137399957347,46.02762000006524],[-70.31362399991286,46.02226300030359],[-70.31516299994583,46.020334000068935],[-70.31799599978937,46.0190750001987],[-70.31524999998445,46.01819699975537],[-70.31507400025735,46.016816000206454],[-70.31404700041048,46.01612999973528],[-70.31222999964486,46.0166540000134],[-70.31201600028294,46.01545000028165],[-70.31107899994942,46.015664999705535],[-70.31049599961823,46.0149249997862],[-70.3113030002554,46.012054000227685],[-70.30888399979034,46.010364000013986],[-70.3069249996328,46.010604000277525],[-70.30612100026701,46.00976599974033],[-70.30514399975051,46.006824000104416],[-70.3059379999689,46.00558399981622],[-70.30554799998156,46.00359100000723],[-70.30301999973653,46.00296699978248],[-70.30271299958987,46.00185599971325],[-70.30402499984211,46.001191999690796],[-70.3023689996333,45.998680000285404],[-70.29887600036399,45.99851199987752],[-70.29539099969399,45.997000999824984],[-70.2919219998158,45.99736099974192],[-70.29136500032222,45.99606200030003],[-70.2903519998207,45.99590199999044],[-70.29109400016056,45.99495900019238],[-70.28870900003068,45.99528899974568],[-70.28862700001491,45.994007999720615],[-70.28394200014397,45.99548800017045],[-70.28703799975324,45.993472000090556],[-70.2862750003953,45.99250400023641],[-70.29103899990898,45.989712000048165],[-70.29467099999377,45.98616299997656],[-70.29972699958546,45.98587500025283],[-70.30159899970437,45.984350000187106],[-70.30698999993014,45.98269199996335],[-70.30891099955453,45.98039800028731],[-70.30703199976293,45.97834799987433],[-70.30994300032259,45.97719300013199],[-70.31014199961591,45.97582499977605],[-70.31193400026717,45.97451800003399],[-70.31024299989825,45.972539000134304],[-70.3112399996079,45.97204599989732],[-70.3124639999966,45.96910799981395],[-70.31157000021909,45.96635899978296],[-70.31531899958144,45.96448099978825],[-70.31585900025492,45.96299099978285],[-70.31329699967472,45.96300300025981],[-70.31255100003523,45.962135000268205],[-70.30935199959546,45.96278000002627],[-70.30484599982468,45.964973000232106],[-70.30329699974597,45.96408599981816],[-70.30068099963742,45.96428900008976],[-70.29837400022367,45.962893999890994],[-70.29680900025143,45.963479000222335],[-70.28909800019309,45.96319599976809],[-70.28662100000172,45.96455300004999],[-70.2842199999783,45.96449200024188],[-70.28338599957696,45.96377699993018],[-70.28127199960873,45.96403300028921],[-70.27700400038762,45.9672510001448],[-70.27475200032714,45.96616699972489],[-70.27362300037301,45.96418399982686],[-70.27268600003949,45.9643730001568],[-70.27494200029793,45.96345799987863],[-70.27447600014261,45.96138299978451],[-70.27184699961526,45.96123099972218],[-70.26571399994795,45.964206000225495],[-70.26535599974767,45.96281200016535],[-70.26332100032047,45.962004000049525],[-70.26144400017871,45.959988000100324],[-70.25802399980603,45.95897899998261],[-70.26006599980421,45.95759099974841],[-70.25865800019083,45.9545880002897],[-70.26042599965433,45.95358800021921],[-70.26052600011177,45.95229000028588],[-70.25635099987876,45.95205800008155],[-70.25489200021174,45.95314099998112],[-70.25504199999958,45.954337999934005],[-70.25279400013703,45.955400999834424],[-70.25164099989345,45.95487599974116],[-70.2507999998194,45.95310199991092],[-70.24896500040875,45.952433000006096],[-70.2480310004483,45.94963599976186],[-70.24596500016064,45.94912499971088],[-70.24469200026647,45.94762200018011],[-70.24232499967992,45.94663899973097],[-70.24427499961664,45.94467799992213],[-70.23914200003202,45.94394399993196],[-70.24035399982685,45.94291500010946],[-70.2396259997307,45.939637999877554],[-70.24305799979895,45.9370440000885],[-70.24680200003672,45.93619100022943],[-70.25330700014803,45.93254799979283],[-70.25399699971102,45.93071600030035],[-70.25615800043322,45.92888799977431],[-70.2586630002137,45.92850100007816],[-70.25878600023736,45.92678900020285],[-70.26309000034179,45.923986999925596],[-70.2621470001605,45.92259200006876],[-70.26235100037499,45.920041999964674],[-70.26055899972373,45.92046699999695],[-70.25718299973198,45.91763899994623],[-70.25780500042123,45.917310999971484],[-70.2575640003968,45.915653999881215],[-70.25892299960638,45.91498200002999],[-70.25833099995268,45.912274000155776],[-70.25953199987684,45.90976400028475],[-70.25522899959732,45.9089939998297],[-70.25338599979074,45.907369999930886],[-70.25386700001467,45.902479999844964],[-70.26016799991147,45.89889900021779],[-70.26157100040031,45.89685900013644],[-70.2631470002432,45.89641299987487],[-70.26571800014592,45.89374899982138],[-70.25882200022237,45.891168999849555],[-70.26194399977089,45.88811900007717],[-70.2722090000135,45.8830839999499],[-70.2739260003217,45.87964200014407],[-70.27944200022094,45.87662400021675],[-70.28063700029733,45.875677999858006],[-70.28090799956067,45.87428200027995],[-70.2844579996297,45.8716980000395],[-70.28757500005366,45.870852999911406],[-70.29694300014573,45.86476700008216],[-70.30351600002909,45.8627369997347],[-70.30780599988982,45.85884699977218],[-70.31436399970458,45.857879999964915],[-70.31982400042564,45.85565600025774],[-70.32170099966909,45.8562109999886],[-70.32335699987792,45.855288000281554],[-70.32900300037181,45.85488700011234],[-70.32908799986231,45.85407700009423],[-70.33082600008692,45.854158999814004],[-70.33293599985717,45.8530780002998],[-70.34194499992404,45.852343999773346],[-70.34351599974406,45.8499779999956],[-70.34930100015514,45.847067999835886],[-70.34935100038385,45.84564800029899],[-70.35299199979114,45.84236000018464],[-70.35218599987721,45.84090300000294],[-70.35569499993834,45.83960099970138],[-70.35656199995167,45.83883600009505],[-70.35610599984207,45.837874000210775],[-70.35942599975735,45.83544999969991],[-70.36178099975,45.83578499979676],[-70.36447600039958,45.834680999954315],[-70.36712199974706,45.83483999995845],[-70.36844099967199,45.83604899999728],[-70.37082400015203,45.83519799975338],[-70.37193100036487,45.83395899974336],[-70.36933699999761,45.83117099989307],[-70.37121999998716,45.82995199968997],[-70.37224099998626,45.828003999846906],[-70.37679899963561,45.82676499992706],[-70.388027000151,45.818802999758624],[-70.38779299979926,45.81435300002566],[-70.39669300008619,45.80809599996479],[-70.39677900029992,45.805520999933165],[-70.39785100035265,45.803769999728736],[-70.39571599956969,45.80252699987102],[-70.39660400039773,45.7999110001028],[-70.39566200004134,45.799514999960024],[-70.39615999998372,45.798659000174865],[-70.39890999998657,45.79663100020443],[-70.40136700008648,45.79595800016714],[-70.40391200004993,45.796274000005695],[-70.4066700004487,45.797796000249896],[-70.416870000394,45.79553600014921],[-70.41780600000428,45.79397999986064],[-70.41662900036957,45.793534000173324],[-70.41435499966946,45.790161000230604],[-70.41573899989172,45.78534799980961],[-70.41479999990837,45.78438700004934],[-70.41018299980949,45.7842370002648],[-70.40834199965272,45.77990199976506],[-70.40562400033525,45.77651500004391],[-70.40766399978531,45.77320900003774],[-70.40546399960336,45.77000500002495],[-70.40638000002049,45.768568999999815],[-70.40702699992576,45.76252799989072],[-70.40077899973241,45.75735999997521],[-70.39587600030158,45.75663200010643],[-70.39440500004068,45.75461299980999],[-70.38842499963593,45.75020600008725],[-70.38807999985444,45.74824600017027],[-70.38914900043243,45.74700200027843],[-70.3945110003459,45.743589000217696],[-70.3945819995927,45.74246800002571],[-70.39292399973405,45.74146100002201],[-70.39389399967953,45.74008900013285],[-70.39190699993291,45.739289999824926],[-70.39199099959849,45.73806600007053],[-70.3893710001903,45.73745100007959],[-70.39036799989994,45.73696600010629],[-70.39013899957106,45.73609599972736],[-70.3854439996544,45.73626999975896],[-70.38479699974911,45.73571599992112],[-70.38586100030425,45.73461800021989],[-70.38383600002446,45.734554000165296],[-70.3856560002648,45.73352899987862],[-70.38576199967173,45.7326209999318],[-70.39010199976116,45.72849600015816],[-70.39513599961157,45.729651000002114],[-70.39650599959012,45.72908100001016],[-70.39671700037563,45.72693799987814],[-70.39761199997804,45.72635800003672],[-70.39673099972103,45.725141000143076],[-70.39768599959787,45.723086000072065],[-70.4006220002719,45.72166100013072],[-70.3995240002799,45.72081400025346],[-70.40034600008738,45.71971700019407],[-70.40621400033912,45.71788200030432],[-70.40767200018124,45.71669399984499],[-70.41296700014753,45.716568999933074],[-70.41312100013333,45.715422999976106],[-70.4176539996683,45.71338600009205],[-70.42920100002593,45.71039200017455],[-70.42885500041952,45.708002000312085],[-70.42677400006325,45.708361000243094],[-70.42540999993247,45.70752100031137],[-70.43130400012349,45.70701899982998],[-70.4391619995966,45.70387400006414],[-70.44105999965475,45.70539400021409],[-70.44447099980663,45.70375499973232],[-70.44907200001198,45.70445399993759],[-70.45091300016873,45.70393400013541],[-70.45592500027782,45.707052999847456],[-70.45983500019696,45.70650399982231],[-70.46135800033639,45.70555600024536],[-70.46546900009697,45.706529999892595],[-70.46713799982629,45.70470800030006],[-70.47053100043479,45.70305400016483],[-70.46910899967936,45.701677000159485],[-70.47495000016697,45.69861099986597],[-70.4760590000296,45.69691700003981],[-70.48077499986267,45.694305999943246],[-70.48471200044432,45.69362400025054],[-70.48635299968622,45.69177599982565],[-70.4894929996764,45.6900900001246],[-70.4943130001649,45.688658000285066],[-70.49453599974764,45.68762399997776],[-70.49706399999265,45.68621999986993],[-70.49646300011813,45.685643999801215],[-70.502390999746,45.683290000194766],[-70.50230600025552,45.68185500018435],[-70.51077899984685,45.6791549999656],[-70.51082099967965,45.678119999908496],[-70.51719899956935,45.67402100031133],[-70.51768399999123,45.67264399972555],[-70.51980800000521,45.671362999976864],[-70.51932599995637,45.669823999773186],[-70.51991099993738,45.66907300005816],[-70.52308600008769,45.66829900008257],[-70.52639199975923,45.666356000043685],[-70.53043599957266,45.669469999691806],[-70.53391100019694,45.67100599970041],[-70.53504500017394,45.66981899985857],[-70.54239100035927,45.666458000129886],[-70.54493499959952,45.6669009998556],[-70.5471809998122,45.66608699989128],[-70.55287900018466,45.66790799977942],[-70.55580099971665,45.66659500020555],[-70.55740699969675,45.667062000253374],[-70.55858900025265,45.66647600027354],[-70.56058000019723,45.66474399997593],[-70.560217999799,45.66402199991161],[-70.56370900031679,45.66274200007501],[-70.5621960002231,45.66036700001636],[-70.56326099970481,45.65821300009483],[-70.5652089999917,45.65713000013831],[-70.56494500040105,45.6548069998981],[-70.56700699959242,45.65403700027265],[-70.56831999966957,45.65220200027656],[-70.57274799962256,45.64953000018578],[-70.57283100036156,45.64877299986683],[-70.57557399979342,45.64836700025159],[-70.5795289999184,45.643582999780314],[-70.58357299973181,45.64239699990402],[-70.58402100034381,45.63887600010547],[-70.5860490000983,45.63775799996376],[-70.58671699992,45.635507999794804],[-70.58991100033685,45.63383900000959],[-70.5908710002366,45.630459000300135],[-70.59234499997223,45.62951999975918],[-70.59673100009243,45.629778000172614],[-70.6004889996756,45.62723900010546],[-70.60704499984053,45.62565399988382],[-70.60718399975771,45.62377899977686],[-70.60854000039086,45.621775000139976],[-70.61551199958409,45.618293000215914],[-70.61815100015717,45.61547999980951],[-70.61914700004192,45.612023000062436],[-70.62446899977242,45.611552999852556],[-70.62691500000165,45.61011200026072],[-70.62975899971586,45.61013100008237],[-70.63181099975981,45.60917799980456],[-70.63615599987213,45.60993300007078],[-70.64457300028528,45.60698500003602],[-70.64617000004456,45.6038530000546],[-70.65085200044076,45.59936499982778],[-70.64978299986278,45.59757400009997],[-70.65395800009578,45.59280800019374],[-70.65912300036575,45.58966800022005],[-70.65905100039572,45.58727600002461],[-70.66380499986366,45.584596999985195],[-70.66408799972088,45.58278599991299],[-70.67213699988798,45.5785210002455],[-70.67204099962852,45.576233000207594],[-70.67497899995237,45.57426199987607],[-70.67809499965313,45.570500999733945],[-70.68417299996716,45.56892800025932],[-70.68769200007404,45.56942200019302],[-70.68801199974118,45.56842099971531],[-70.68614399982025,45.568103000294755],[-70.68511899962319,45.566570999738516],[-70.6857320000916,45.56515399997543],[-70.68836099972064,45.56417799971986],[-70.689195000122,45.56218299980954],[-70.6842740002495,45.55696700030967],[-70.67709899976836,45.552211000026425],[-70.6797340001435,45.55062000022797],[-70.68485400020762,45.55088599983447],[-70.68698200041956,45.54931300030853],[-70.69224100040086,45.54286899992436],[-70.6965250004138,45.53999600012005],[-70.69647299963695,45.5385479999027],[-70.69808899966282,45.53533000025084],[-70.70091800020671,45.53248900018916],[-70.69909700014144,45.530132000300874],[-70.70645599984726,45.52791500031331],[-70.70704599985113,45.52601099988436],[-70.70920500002522,45.52483500003955],[-70.7111189999769,45.519534000139856],[-70.71575899964199,45.51885100019302],[-70.71991799998149,45.51649900011339],[-70.72257099989996,45.51367199977427],[-70.7236439997776,45.510130999756],[-70.7226920002738,45.50651199995422],[-70.71681999982407,45.50433400021971],[-70.71540200016493,45.50448400023754],[-70.71159600000287,45.50180800022544],[-70.71222899966445,45.500819000039],[-70.71136800039724,45.49923000030041],[-70.71189099955566,45.49712700030066],[-70.71784400019621,45.49023199987423],[-70.71639600039985,45.48646699998053],[-70.70473299969129,45.47886000029743],[-70.69947500043321,45.478920999769],[-70.69172099981887,45.47426599995359],[-70.69175699980389,45.469735999830334],[-70.69286800021466,45.4663639998437],[-70.69162700010754,45.46416300016746],[-70.69046700019126,45.46361200014175],[-70.68369599994118,45.462847000208335],[-70.68182200017246,45.46169100015993],[-70.68101799990833,45.45844500007842],[-70.68111400016781,45.45218300016659],[-70.67507500021183,45.4518779998698],[-70.66611999967333,45.448398000203916],[-70.66292699997967,45.44596199980269],[-70.65073199989185,45.44494399993862],[-70.65010699972787,45.442818999899856],[-70.6461659998466,45.437769999759674],[-70.64255100037856,45.436289999986165],[-70.64308899960558,45.43359300004147],[-70.64044599973285,45.4307769997409],[-70.63599000019077,45.427381000068344],[-70.62982099964013,45.4263140003113],[-70.62961099957785,45.424402999708704],[-70.62786599968057,45.42260000012006],[-70.62777399961905,45.4207030000462],[-70.62870500010479,45.41922199971613],[-70.63116800005247,45.417792999732264],[-70.63115100033403,45.415889000166885],[-70.6344369999141,45.41590300024494],[-70.63550200029414,45.414888000090954],[-70.63505100020741,45.41106899994965],[-70.63016899979468,45.40703100009921],[-70.62379799957769,45.40578899997601],[-70.62126900040607,45.4027359998067],[-70.62334099964319,45.40021699993075],[-70.62844099961583,45.39986299976186],[-70.63304299964608,45.398405000265896],[-70.63632199955349,45.395232999815676],[-70.63654900023249,45.39261300029179],[-70.63887800028589,45.38882500018725],[-70.63490200024451,45.385315999726004],[-70.63488800000081,45.38341700026393],[-70.6517839998531,45.37695799972387],[-70.66078200004931,45.37813300000656],[-70.66016100008329,45.37987699976717],[-70.66166099975818,45.386310000281966],[-70.6781709998211,45.39427400008805],[-70.68290300044602,45.39520800025695],[-70.68764699986819,45.39287600015739],[-70.69615700016777,45.392417000070985],[-70.6995020001974,45.39453699979376],[-70.70664699964297,45.39312099991449],[-70.7074640003259,45.392026999888444],[-70.7120139995793,45.39048299990401],[-70.7238470001672,45.3955710002579],[-70.72965400031957,45.399095999881986],[-70.7314379996766,45.40187400002419],[-70.73037900004267,45.404375000100394],[-70.74357300038828,45.411860000217814],[-70.74355599977153,45.41335699977266],[-70.74526300003399,45.416257000165174],[-70.74428200021784,45.41754199999094],[-70.74401199988111,45.421165999867625],[-70.75001700040022,45.42323200028315],[-70.75157099960346,45.42624699992064],[-70.75457900024752,45.428310000119644],[-70.75760100023693,45.42827400016696],[-70.76439599987813,45.42592799987761],[-70.76822700015457,45.428501999899915],[-70.77375099955142,45.428845999711704],[-70.78143900004352,45.43123000002653],[-70.78757900028184,45.42647299982855],[-70.79382099972909,45.42836299981561],[-70.7980949996963,45.42651600028319],[-70.79843700000306,45.424154000247825],[-70.80250900030391,45.41793700028854],[-70.81133400024775,45.41616600016603],[-70.81281999967895,45.41141400021936],[-70.81708000030078,45.40820999997219],[-70.81886600020594,45.4049250001553],[-70.82573700001514,45.40026500016776],[-70.82594999955215,45.39838099999321],[-70.82429300041673,45.39664499990932],[-70.8252280002021,45.39308199999847],[-70.82382100041363,45.3920609998367],[-70.82392699982053,45.39101900025583],[-70.81729200001288,45.39036100007658],[-70.81377299990599,45.387757999919735],[-70.8124640000268,45.38344099995141],[-70.80673399986732,45.377451999822426],[-70.80487400034231,45.37123600011496],[-70.80275500035121,45.36752100027972],[-70.80292199985747,45.36502599972977],[-70.80844199995468,45.363071000203995],[-70.80983600022269,45.35797000025991],[-70.81447000004,45.356680999958684],[-70.81401099955737,45.35494900029677],[-70.81164100039442,45.35211999999604],[-70.80943700001451,45.3515109996911],[-70.80980100006258,45.34867100026379],[-70.8123850003841,45.34645500023944],[-70.8158149999042,45.34593699982761],[-70.81732600034807,45.34474400019039],[-70.81990100044874,45.34019500005542],[-70.81801599991105,45.337884999956906],[-70.81905500035184,45.335448999738254],[-70.81808399968311,45.33259299977737],[-70.81640099971013,45.33077299990312],[-70.8144769997127,45.32994600018543],[-70.81291099991556,45.32803899972048],[-70.80855499993258,45.32835799986001],[-70.80758199961404,45.32766200022488],[-70.80807100023391,45.32498999979352],[-70.80609600018285,45.321209999738436],[-70.80768999956908,45.31824099991971],[-70.80879900033005,45.31350600011476],[-70.80842600006115,45.311816999735484],[-70.81462900004865,45.3081609997146],[-70.81215400040541,45.306266999998456],[-70.81154000011207,45.30376699990423],[-70.81242700021689,45.301994999830285],[-70.81597399991286,45.299371000190995],[-70.81629100010527,45.29818099987019],[-70.81932300014043,45.298947000143386],[-70.82296299972283,45.2976749999338],[-70.82500600044425,45.29789000028612],[-70.8354640001324,45.2939640002842],[-70.8325280003567,45.29114599973661],[-70.83074099972832,45.2910249996866],[-70.82994300021028,45.29017999990785],[-70.83189599962171,45.278911000284154],[-70.83646000001714,45.27597599992336],[-70.83926100007363,45.269026000255344],[-70.84125200001822,45.26701400008467],[-70.84894100033522,45.263089999954516],[-70.84809699988814,45.25893199987157],[-70.84961500000469,45.25590700004506],[-70.84653000026607,45.25301300018991],[-70.84803900016182,45.24966099998127],[-70.84862999999059,45.24517899995676],[-70.83926199989853,45.23754300008125],[-70.83663599974423,45.23730399974357],[-70.83758399994841,45.234988999707504],[-70.8404419999063,45.23406299998206],[-70.84613600008078,45.234383999738085],[-70.85323700004375,45.23172999989707],[-70.85753299975225,45.229133999837416],[-70.87482299978984,45.234148999984136],[-70.87956200008747,45.233389000049044],[-70.88082900013387,45.234277999743256],[-70.88284400036788,45.23425500021958],[-70.88335300018092,45.23511199994646],[-70.88473400003012,45.23485900016327],[-70.88931799961874,45.23870400026345],[-70.89261499996776,45.23897399978925],[-70.89694300036165,45.241864000186176],[-70.89658699981118,45.24303199992647],[-70.89776000014625,45.243162999735674],[-70.89824899986779,45.24408000006203],[-70.89795099994197,45.24632300021974],[-70.89514599968753,45.25225700018412],[-70.89833000005864,45.254852000202405],[-70.89851199963353,45.25832799974587],[-70.90333600031995,45.260664000030154],[-70.9058949996288,45.26082700005866],[-70.90669100039531,45.261561000234735],[-70.90507600019437,45.26522400004661],[-70.90749899995909,45.26844299991882],[-70.90856699981384,45.269514000092855],[-70.91130799959589,45.269990999801955],[-70.91197600031587,45.27188000000313],[-70.91626600017662,45.276123000238066],[-70.91641199976648,45.277335999845086],[-70.9213340003622,45.279226000182675],[-70.9216719995727,45.28053599999466],[-70.92075199985592,45.28095200026618],[-70.91870200036011,45.28728300014191],[-70.91489200000008,45.29057099993964],[-70.91466400039447,45.29177400016355],[-70.91380499987874,45.29186599983535],[-70.9131539997755,45.29502399977191],[-70.91200499972987,45.29631099973066],[-70.91376300004596,45.30034899994674],[-70.91961000038133,45.30526300030306],[-70.91910400004302,45.3064410000797],[-70.91995500016282,45.307726999819515],[-70.91783500034681,45.31172300012644],[-70.92023899984494,45.3133740002388],[-70.92716099970777,45.31485399996785],[-70.92753499980157,45.31589399990771],[-70.929354000217,45.31657600005778],[-70.9299659999622,45.31881099999545],[-70.9388939998382,45.31998000020747],[-70.940582999659,45.3232299999886],[-70.94346499990635,45.32387900022897],[-70.94520399995585,45.325702999758406],[-70.94446599981396,45.327367999835126],[-70.94512699996297,45.329036999817745],[-70.94948999961862,45.331316999853286],[-70.94892399990418,45.33189800008496],[-70.95092900009246,45.33479899980837],[-70.95024100017929,45.337504000078255],[-70.95237900043696,45.3391170000768],[-70.96118500011424,45.3367200001156],[-70.96732399962933,45.332220999953314],[-70.9733269996003,45.33361299987877],[-70.97662999979713,45.33336299972704],[-70.9777339996369,45.332461999837925],[-70.98297300042502,45.33263599969627],[-70.98497500024025,45.33190699979928],[-70.98567800022205,45.33298199973509],[-70.98912000033604,45.3341369997987],[-70.99084699979164,45.33809599976452],[-70.99381600007763,45.33836399976324],[-71.00043599981666,45.34203399971653],[-71.00143300042463,45.344168000308265],[-71.01065199965548,45.34767500027282],[-71.01300099980033,45.344234000085635],[-71.01247899956851,45.34125900008888],[-71.01061999986841,45.33815599968596],[-71.01145099989672,45.33785700028842],[-71.01088199980923,45.334763000254824],[-71.01211600024368,45.333869000001904],[-71.00665399987278,45.33272600002293],[-71.00187199991747,45.32842800001061],[-71.0039230001365,45.3273720001686],[-71.00824599960919,45.32131099978764],[-71.00852099996881,45.31924100001487],[-71.01607300001848,45.31633800005971],[-71.01623100020223,45.3155300001416],[-71.01940299997946,45.315428999894486],[-71.02164199962117,45.31443600008882],[-71.02400599983464,45.31541700015338],[-71.02709200029649,45.3146859997614],[-71.03083700035918,45.3125530000083],[-71.03267099994493,45.3101919997015],[-71.03611999973161,45.3106709999686],[-71.03906700027629,45.31260600026074],[-71.04150000008674,45.31310800015773],[-71.04663400039458,45.31308599972942],[-71.05316899974477,45.3114159997729],[-71.05909999974571,45.31383800005166],[-71.06121799991192,45.31284000004364],[-71.06553700008494,45.31253600014331],[-71.06594600033887,45.312042999945184],[-71.06518700028059,45.31164599986684],[-71.07497999962179,45.307051000075006],[-71.07863699982093,45.30644499999543],[-71.07993599965437,45.3070449999496],[-71.08392799958928,45.305483999973255],[-71.07717300013104,45.25004800024404],[-71.07448599987737,45.20428800007103],[-71.0645489996978,45.08280099977496],[-71.05824699997612,44.99051499973217],[-71.04311799976242,44.82689100029191],[-71.03352399971453,44.69763699976558],[-71.02910199960934,44.62505700008253],[-71.02616199963566,44.549267999721],[-71.01822399979662,44.431671999905156],[-71.00574599985158,44.20267500002743],[-71.00472900005043,44.16418200023854],[-70.993328000181,43.9297930000125],[-70.9923080000068,43.88671099973361],[-70.99019599968841,43.84667599978775],[-70.98903999997009,43.790138000058185],[-70.98346100032167,43.73417699992527],[-70.9817470003865,43.699110000256056],[-70.97667400017806,43.640134000273825],[-70.97277400030465,43.57051200022883],[-70.96989600025528,43.568554000272286],[-70.96671199988415,43.569437000161685],[-70.9628299995541,43.56339399987109],[-70.95725299955548,43.561338000097656],[-70.95559899989479,43.55891300016223],[-70.9549029995857,43.55404500008487],[-70.95063199999154,43.55131299981352],[-70.95203499958207,43.549793999759274],[-70.9525090001333,43.54535600015101],[-70.95363300006457,43.544166999988775],[-70.95350400019313,43.54060300006902],[-70.9550649999674,43.54058999997965],[-70.95591299971416,43.54209400003746],[-70.95879699961131,43.54059899989156],[-70.9621540002348,43.5410870000492],[-70.9614210001158,43.54019399992115],[-70.96380200004772,43.53937099993218],[-70.96297799969209,43.53834000004058],[-70.96247399990195,43.5342049998297],[-70.95775899989377,43.53149699985443],[-70.95829399964607,43.530055000164786],[-70.95682900013126,43.52835400031528],[-70.95679800016913,43.5241040001286],[-70.9539440004092,43.52227299998951],[-70.95386800024123,43.519144999877646],[-70.95679800016913,43.51278200001593],[-70.95495100016458,43.51132499990173],[-70.95466099973636,43.50930299996599],[-70.95797300015401,43.50803700024834],[-70.9585070000814,43.50166599975954],[-70.95974300016566,43.50026300019111],[-70.95884299964206,43.499369999678485],[-70.96433599997509,43.49714200017848],[-70.9644280000366,43.49347999985918],[-70.96828899955194,43.489451999747736],[-70.96795200016636,43.4884750003245],[-70.96941800040439,43.48563000024086],[-70.96859400004878,43.48538500007135],[-70.96824199969626,43.48432499996631],[-70.96885299961654,43.48404299973292],[-70.96792200002913,43.48250900003177],[-70.96720499980364,43.482455999900445],[-70.96857800015525,43.4822500000922],[-70.96752600019401,43.4809449998056],[-70.96839499985715,43.48019699986709],[-70.96956999984205,43.480677999851636],[-70.97027199999891,43.4801749999971],[-70.96982900030812,43.47967099995228],[-70.97214800031577,43.47832799985667],[-70.97603999979324,43.47842799988767],[-70.97544399994158,43.476978000188026],[-70.97368999982346,43.47717600007997],[-70.9737209997856,43.476398000082696],[-70.97239299963982,43.47553600010016],[-70.97301899962874,43.475170000307564],[-70.97033300009828,43.47313299976507],[-70.96876200027828,43.473811999752265],[-70.96755499960801,43.47321700024418],[-70.96720399997872,43.473842000065346],[-70.96567599981641,43.472769999844395],[-70.96458000037258,43.47331600023992],[-70.96111599961895,43.46918800031713],[-70.96033800019241,43.466182999997635],[-70.96662599967043,43.45127399987264],[-70.96589599992446,43.4477939996915],[-70.96153599974352,43.44318099981598],[-70.96097900024992,43.438389000179924],[-70.96302399972285,43.4364889997129],[-70.96879200041549,43.4345970003084],[-70.96938700044225,43.433170000178016],[-70.96851700005588,43.4292800000114],[-70.96970700010938,43.42690699968266],[-70.97561200017107,43.42188699970336],[-70.98127299983528,43.42087199990225],[-70.9868430001612,43.41378399998749],[-70.98708800038357,43.41195000011865],[-70.98591300039868,43.410480999834725],[-70.98650800042545,43.403980999789184],[-70.98556199987108,43.401585000263246],[-70.98229700020744,43.398281999967125],[-70.98266299990532,43.39457400009588],[-70.98717899972186,43.393536000002904],[-70.98788099987873,43.38993499970597],[-70.98546999980957,43.38634899989319],[-70.98626300020305,43.3822299999321],[-70.9856680001763,43.37917800002264],[-70.98270999976098,43.377806000037744],[-70.9835490001852,43.376332999820356],[-70.98101400026749,43.37336399987097],[-70.98104500022963,43.37072500018801],[-70.97648199965911,43.36720700014114],[-70.97459000034705,43.36357599981801],[-70.97486499980835,43.362301999730306],[-70.97816100033248,43.35866300009165],[-70.9760239998997,43.35836499980061],[-70.97402600028245,43.35580200023862],[-70.97202699994193,43.354633999918505],[-70.97272900009881,43.350346999801566],[-70.97346100039292,43.3498889998298],[-70.97259100000656,43.348378000210026],[-70.9710810002859,43.34904199998301],[-70.97094300019364,43.35049899983566],[-70.96744900020111,43.34923999986897],[-70.96650299964676,43.34780600030744],[-70.96879200041549,43.34641000026726],[-70.96795299999127,43.34457900015087],[-70.96667000005137,43.34322900020607],[-70.96430599983786,43.3432209998401],[-70.96339000031907,43.340909000163236],[-70.9624289996961,43.34179400017714],[-70.95949899976819,43.34097800019616],[-70.95762099980152,43.338336999734516],[-70.95692000036787,43.33473699971784],[-70.95585199961478,43.33399699968549],[-70.95250999995822,43.33335600006695],[-70.952479999821,43.33461500015316],[-70.95014499991983,43.33570600010954],[-70.94675700023251,43.334714000182814],[-70.94618899996993,43.3360259999592],[-70.94468300044724,43.335118999811655],[-70.94005799995246,43.33544700022568],[-70.93749500044565,43.337536999953535],[-70.93117799975703,43.33654499988285],[-70.93114799961978,43.33559899967335],[-70.93395500042239,43.33536299993781],[-70.93123899985638,43.333326000017976],[-70.93165099958505,43.330860999700135],[-70.93040000033048,43.32914499968286],[-70.92420400001566,43.32729899982191],[-70.92621900024969,43.32597100031858],[-70.92292299972556,43.32616200013473],[-70.92483000000456,43.32501699992686],[-70.92438700031376,43.323849999849244],[-70.9228619996262,43.32326999982105],[-70.91915400027173,43.324445000157745],[-70.91825399974815,43.323056999920254],[-70.92035900039386,43.321210000078004],[-70.91680400030197,43.32207199988398],[-70.91636099971285,43.31969200012259],[-70.91141700027414,43.31972300031292],[-70.91202800019441,43.31857800030731],[-70.91355399980858,43.318189000321524],[-70.91179800004065,43.315733000160115],[-70.9153999999882,43.3154119999162],[-70.9112950000754,43.310438000057204],[-70.91170699980405,43.309431000201045],[-70.91381300027467,43.30940800023533],[-70.91260700032765,43.307583999939595],[-70.90703700000172,43.30466199998576],[-70.9048250001242,43.306416999715374],[-70.90372600030729,43.30628700014138],[-70.90258200028455,43.305586000296884],[-70.90255200014731,43.30421200020771],[-70.90143700043689,43.30284699981121],[-70.90204800035715,43.30135900023172],[-70.89953000015788,43.30107699983894],[-70.89885899996315,43.29923799968343],[-70.8963409997639,43.29855099977818],[-70.89776000014625,43.29672000032397],[-70.90055299980683,43.29744499998846],[-70.90393999966922,43.29678100026806],[-70.9061680003386,43.293973999945194],[-70.907435000385,43.29364599987339],[-70.90656400017372,43.29203599996985],[-70.90435200029619,43.291211999754005],[-70.90366500020792,43.29237900023023],[-70.90178800006616,43.29133400016946],[-70.89782100024563,43.292684000188395],[-70.89637199972603,43.292317999793475],[-70.89811099977554,43.29126499997528],[-70.89931699972257,43.28788699993447],[-70.89695099985924,43.285489999936985],[-70.88720000035086,43.28271999981071],[-70.88355400002237,43.28337700016963],[-70.88584299989279,43.280813000033525],[-70.88507999963653,43.279776000294184],[-70.88265400039708,43.27891299971629],[-70.88381299959013,43.277159000090684],[-70.88309600026297,43.27303100030803],[-70.87429100041061,43.27185600019855],[-70.87272399989024,43.27002699986744],[-70.87273499976088,43.26862200014637],[-70.87006500012397,43.2661340002131],[-70.86495199973254,43.265722000075755],[-70.8628930000159,43.26479899998781],[-70.86084799964465,43.26264799982484],[-70.85971899969051,43.2576890000497],[-70.85745999995733,43.25581200001898],[-70.85510999998755,43.25505699999312],[-70.85208899982304,43.25672700029826],[-70.84282700003617,43.25422499979249],[-70.83957599971791,43.251341000315506],[-70.84108700016176,43.24812900027326],[-70.83840999995385,43.247208999925824],[-70.83881400018488,43.24342899971582],[-70.83792899972991,43.24243799996329],[-70.82743099985879,43.24338400013125],[-70.82428699967063,43.24179699998211],[-70.82332500012106,43.24001900013613],[-70.81782599994025,43.23815600031212],[-70.81548199981827,43.23351899998976],[-70.8174200000594,43.23030700011485],[-70.81720699962406,43.229345999984076],[-70.81226300018535,43.22867400026298],[-70.81122499956952,43.22672100031748],[-70.80982100015407,43.22588200000177],[-70.80972999991747,43.22416499995795],[-70.81354500030037,43.21996900000723],[-70.81261399981464,43.2177190002134],[-70.81691700009416,43.21452999968347],[-70.81656599956656,43.211318000258935],[-70.8187780003424,43.206687000052064],[-70.82067100037767,43.199491999914585],[-70.81905899965147,43.19511899986858],[-70.81928200013255,43.19299199994475],[-70.82036500005593,43.191748999736085],[-70.82598100041261,43.19014600001326],[-70.82825500021441,43.187788999851485],[-70.82514199998838,43.181028999766085],[-70.82356899962022,43.1742390000186],[-70.82778200038639,43.17043200020373],[-70.82865400042259,43.15983000001684],[-70.83292400019182,43.15006999994392],[-70.83360999955686,43.14610599980147],[-70.8299160004461,43.13813099998989],[-70.82913499974819,43.13148500030839],[-70.82708000022953,43.127395000108145],[-70.82457700009887,43.125068999770974],[-70.80672800001953,43.115916999902026],[-70.79746600023267,43.10886600024613],[-70.78386400035639,43.100959000153836],[-70.77968800029846,43.096248000190016],[-70.76873900034064,43.094002999706916],[-70.76589200025339,43.09249500014174],[-70.76355999982697,43.0903910001039],[-70.75641200000834,43.08017700027311],[-70.7430329997148,43.07797300024438],[-70.74078599967719,43.0767740002622],[-70.73796899972717,43.073728000179635],[-70.7063100002574,43.075338999831914],[-70.70119699986597,43.045240000071075],[-70.63071399959273,42.98528599991779],[-70.62403399957923,42.98208999987766],[-70.61115200030146,42.97899000013694],[-70.5959820000799,42.961360000112755],[-70.58759300015413,42.94918800024181],[-70.58185499959872,42.938318999854495],[-70.5750940002927,42.91712599993515],[-70.5699680003808,42.91908799991016],[-70.56305700038864,42.92259899983919],[-70.55298299994173,42.929253000249346],[-70.54459300019106,42.937678999732526],[-70.54023100036031,42.944031999989036],[-70.53598800035523,42.95617100021632],[-70.53572800006424,42.96677300020332],[-70.53640299955862,42.970886999993255],[-70.53454100038378,42.98162299975611],[-70.53415999971897,42.98650500023197],[-70.53474899989793,42.98847899969516],[-70.53148300040937,42.9941629998398],[-70.52888200036939,43.00576900001179],[-70.53015100006562,43.01420599978788],[-70.53254200004329,43.019993999679535],[-70.54217999957378,43.03403899981869],[-70.55213299964684,43.043044000085835],[-70.55835300025112,43.04726399992255],[-70.57306999983784,43.05289100031014],[-70.58422300001016,43.05527800030355],[-70.5996579996473,43.05693900001907],[-70.5906260000142,43.0673600002339],[-70.58777899992697,43.0738689997581],[-70.58326300011043,43.08917400020519],[-70.5821629995703,43.09548699976931],[-70.57316000024952,43.100530999882054],[-70.56196199987136,43.10990100024235],[-70.55742000011554,43.11465699969932],[-70.5557620002569,43.12150499976309],[-70.54012699970492,43.13054699985861],[-70.54040500043757,43.11963799989764],[-70.53742299973281,43.10585199988985],[-70.53434499966689,43.09905499973052],[-70.53019899974619,43.09373199992194],[-70.5250800004053,43.08927800019756],[-70.51043400006537,43.08011799988002],[-70.49949299960517,43.07486899987555],[-70.49301400033144,43.07304299985457],[-70.47724200041041,43.0710190003277],[-70.45907199994072,43.07147800004246],[-70.44859800035906,43.073704999803454],[-70.43977199969197,43.076541999672365],[-70.43057100000449,43.08021799974552],[-70.42107700041404,43.086653000121785],[-70.41073199980548,43.09655199967809],[-70.40624299975312,43.10209199979451],[-70.40321599974084,43.115244000114394],[-70.40339599966589,43.12509000015075],[-70.40462599990236,43.13145199978674],[-70.4072269999423,43.138438999807185],[-70.41964399978798,43.15255099997954],[-70.43119600016847,43.161166999883505],[-70.44093800035434,43.16663999979414],[-70.44620999985614,43.16814900018386],[-70.46494100001738,43.17080199990076],[-70.48636199990703,43.17026399967931],[-70.4932650004016,43.169150999765954],[-70.49949400032837,43.16685099989515],[-70.50714799958698,43.16351599996956],[-70.52167500010123,43.154882999858785],[-70.52071400037657,43.161804999909926],[-70.52085400011867,43.17456999985162],[-70.52291799985818,43.17889399974058],[-70.52048900024569,43.18105300003694],[-70.51994000024969,43.1829440003213],[-70.51925300016143,43.18669199971979],[-70.51966599971499,43.191014999697714],[-70.51347699997119,43.196075999811825],[-70.51118499972773,43.20120700009617],[-70.50632400012968,43.218829999852424],[-70.50627800009893,43.224908000260804],[-70.51238300017715,43.24271100021156],[-70.51536699963343,43.247306000038115],[-70.52083099965412,43.25210399989033],[-70.5148150001627,43.255565000037315],[-70.50218800025473,43.268125000004986],[-70.49728800029864,43.274361999713285],[-70.49323000024151,43.28682900010524],[-70.48140599987444,43.28834199990008],[-70.47327200021681,43.29100100012995],[-70.46547400011985,43.2894779999563],[-70.45531400035755,43.290346999693995],[-70.4418220000861,43.29269499987319],[-70.42180799998492,43.297494999736884],[-70.4139439997657,43.30075599998389],[-70.40093199989329,43.30829099975312],[-70.3967070003299,43.31246500020211],[-70.38537800043048,43.31528099995661],[-70.36739700010666,43.32331700024472],[-70.3583679999483,43.331152999942226],[-70.3516369998812,43.339100999920696],[-70.34678700015381,43.34962300027647],[-70.34618499955606,43.35818299969638],[-70.3384290001902,43.36550099982082],[-70.33267499974126,43.374448000320015],[-70.32177400036234,43.384957000060105],[-70.3189480001915,43.39013799975766],[-70.31188400003846,43.39190500003333],[-70.30287099977365,43.39589700018232],[-70.28760099999295,43.40352200022814],[-70.2803970000978,43.4087380002192],[-70.27399200044394,43.41515300029624],[-70.26843299998868,43.42635100019967],[-70.25966400012132,43.432013000002144],[-70.25281099985547,43.43973700020149],[-70.24359599992428,43.448373999713255],[-70.20899099973475,43.477890000247896],[-70.19974700038956,43.48422800008538],[-70.18253000014691,43.500085999945206],[-70.16414600031527,43.518563000298634],[-70.15598599982006,43.524443999803204],[-70.13660600010371,43.53346800020253],[-70.12421199982425,43.537406000019246],[-69.85521200003438,43.6469469999507],[-69.84167399973217,43.64493599973317],[-69.82752299985987,43.64495899974806],[-69.8088260000338,43.64733999968676],[-69.79358999968998,43.65313999980618],[-69.78657599976566,43.65813100015902],[-69.77579699968716,43.65558600028865],[-69.74948800043526,43.65398500010971],[-69.73712299956983,43.65553300015152],[-69.73039599970068,43.65727300010279],[-69.71920900009148,43.66174499994386],[-69.70833700012656,43.66822200031679],[-69.69922000010466,43.67586000017911],[-69.6933929998608,43.683380999827385],[-69.68886500034868,43.690727999830074],[-69.68632899970775,43.698200000210086],[-69.67326800032984,43.70418200010768],[-69.66474499961147,43.71174800021835],[-69.65558099973391,43.70720499982178],[-69.64404799962,43.703575000081315],[-69.63153700006299,43.70088499995153],[-69.61728800028139,43.69981400002582],[-69.60775600015779,43.700399999913984],[-69.59670300044291,43.70329000030019],[-69.584573999579,43.70199599998493],[-69.5666180002679,43.70282999973212],[-69.55093800040837,43.70714400015835],[-69.53530799987925,43.71453400015581],[-69.52449299981572,43.723973999720435],[-69.51908999989439,43.7321219999],[-69.51572499977328,43.741379000040446],[-69.5141620003492,43.75008500029285],[-69.51582600005563,43.76097499970061],[-69.5120929996885,43.76441399972376],[-69.50749099965823,43.77235700022677],[-69.50595099980036,43.77565100008365],[-69.505785000119,43.778456000311294],[-69.48038399999001,43.78815899979567],[-69.46986799967723,43.7939009997096],[-69.4594030003164,43.79629100015526],[-69.409269999705,43.81081700018335],[-69.40057899965545,43.80452900029391],[-69.38727899990295,43.799015999850674],[-69.39284699968071,43.78741700015085],[-69.39531300000147,43.780257000165896],[-69.3970410001803,43.772959000155915],[-69.39654800026081,43.76849699986872],[-69.39721000023472,43.763371000034326],[-69.39098700015572,43.74287999973511],[-69.38758799969942,43.73610499980603],[-69.38436099967059,43.731755999974126],[-69.36886099973613,43.71852799994472],[-69.35637799976821,43.71088000007238],[-69.335093000321,43.70448499972335],[-69.32348999988687,43.70366900004469],[-69.3089530002252,43.705012000323215],[-69.29785500030448,43.707694000118146],[-69.28294799984862,43.713766000038206],[-69.26202699955115,43.7254260002583],[-69.25247900043234,43.733239000120534],[-69.24493599970519,43.74077600020309],[-69.23809699968305,43.750084000323035],[-69.23338000002506,43.76231599989834],[-69.23262599998964,43.769363000056515],[-69.23375199957073,43.774080999736135],[-69.23327600026799,43.78096199994724],[-69.2425349996818,43.799761000094136],[-69.25702200001308,43.81210499979584],[-69.26234000044391,43.81537399996813],[-69.24949000005489,43.81914599998718],[-69.23655400035044,43.82562599981439],[-69.23282299963313,43.8192230001014],[-69.22656299974422,43.81220300016526],[-69.21807199971121,43.80633999971885],[-69.20682400000265,43.79995899990095],[-69.19719899999265,43.79599200009592],[-69.185839999956,43.793785999753524],[-69.17104200017842,43.793193999691795],[-69.1605169996448,43.79366399969914],[-69.14982499960493,43.79573500025454],[-69.14133799976987,43.79842100029911],[-69.13101499980097,43.80313399970058],[-69.12221499997148,43.80769900011272],[-69.11890000007908,43.810968000303916],[-69.10562100024298,43.81409300027971],[-69.09421199997762,43.81889899979234],[-69.08300500027693,43.82564699987392],[-69.07618200014831,43.83231399975609],[-69.07087899978607,43.83557200012744],[-69.06493500026465,43.841908000087436],[-69.0580109998537,43.852458000124194],[-69.05589400041075,43.85891099967904],[-69.0443589997487,43.85145499976723],[-69.03427199978132,43.84638200015771],[-69.02278399987324,43.84250700004715],[-69.02474399985569,43.834210999941675],[-69.02429500031712,43.819841999684726],[-69.01790900003151,43.80785400024309],[-69.00992199978866,43.79843600004459],[-68.99667899993756,43.79005700025611],[-68.99032699998713,43.78689100015139],[-68.98115999973652,43.78378599982394],[-68.9708800003236,43.78161799992939],[-68.94983600000249,43.78016999990095],[-68.94789500028662,43.77435500031013],[-68.94443599955589,43.76787000019308],[-68.93816899999428,43.760337999754825],[-68.9255179997969,43.750088000202176],[-68.91290599995753,43.744415999758516],[-68.90490299982116,43.741939000299915],[-68.89030699970994,43.73943699980945],[-68.88424199981469,43.7368990002159],[-68.87064599978618,43.73356499998985],[-68.86145000012156,43.732515000160575],[-68.84910100004795,43.73238399992752],[-68.83616600016843,43.73358400011266],[-68.82691600007713,43.73571100017722],[-68.81051399996926,43.74265900016835],[-68.80536100029316,43.74598299985628],[-68.79777800028137,43.752881999702645],[-68.78613899986225,43.768363999897005],[-68.7822440000117,43.77753700011576],[-68.78121899981464,43.78514400022055],[-68.78180999964344,43.79272399987871],[-68.78532399972744,43.80433899970803],[-68.78115400041564,43.80656999970991],[-68.76449299984168,43.81901299990954],[-68.74947300030624,43.83253099967772],[-68.73696299967582,43.83273500032086],[-68.72431499985149,43.834592000153584],[-68.71275400014848,43.83839900000393],[-68.70396000016677,43.84262099978553],[-68.68465999991803,43.85464700004972],[-68.67539499975811,43.862824999984696],[-68.66943299979505,43.86957599969762],[-68.6649870002987,43.88050200011036],[-68.66378899984926,43.89392599998406],[-68.66872099959241,43.90882600022624],[-68.67329099983564,43.91637199994441],[-68.67925799982159,43.92345500005914],[-68.6869460003137,43.929808999931],[-68.69599399984031,43.93485999996691],[-68.70699800004972,43.939182000269476],[-68.71649500001321,43.94198399975309],[-68.7261950003663,43.94337599973756],[-68.7426490003527,43.943146999981046],[-68.72147799980999,43.961937999741515],[-68.70719100039358,43.96382699975587],[-68.70021400027916,43.959223999707746],[-68.68968000042305,43.954198999687875],[-68.67916800030822,43.95112100031878],[-68.65958600002718,43.94799099985244],[-68.64100899985169,43.9493619997111],[-68.63144499994107,43.95148899988601],[-68.6187259999716,43.955894000043436],[-68.61036600035816,43.954333000055534],[-68.59416400026682,43.953730000225065],[-68.58507599965893,43.95431200005167],[-68.5683880002191,43.9579699997961],[-68.56037099983902,43.961077000231704],[-68.54727699995082,43.96861999972827],[-68.53814999988319,43.97696000017782],[-68.53071500000938,43.98662099972413],[-68.5199090001667,43.99259600030252],[-68.51107699965183,43.999558000261246],[-68.49310600027209,44.01055799975133],[-68.48741499957234,44.01778300021118],[-68.48494499995196,44.028308999920434],[-68.47823499980126,44.02867999993358],[-68.46301199987623,44.03211199986647],[-68.45237099988998,44.03796699971609],[-68.44655899971472,44.04258300011304],[-68.43684300036642,44.05323300026643],[-68.4007879998324,44.05053800003877],[-68.39075500029169,44.04804900005972],[-68.37446100013885,44.04672799987128],[-68.3687970001016,44.04521999997681],[-68.35658199992228,44.04583600027105],[-68.34126500028594,44.04867500002805],[-68.3356089997463,44.05065899991934],[-68.32565200037357,44.05077400025965],[-68.31139299964792,44.053428999924535],[-68.3034830002963,44.05617800000768],[-68.29371299962298,44.06086399974473],[-68.27921199994634,44.069945000109094],[-68.27621400024636,44.072838999771335],[-68.26313600025169,44.09061699968163],[-68.24578199974168,44.08912500024484],[-68.23023699960137,44.090500999881186],[-68.2239089999404,44.09194599983162],[-68.20336000008695,44.099586999866425],[-68.1858130001314,44.111962000223976],[-68.18006299988042,44.11843599979209],[-68.1758580004085,44.125082999838256],[-68.17189499988761,44.13962699983441],[-68.17133099982297,44.14392700007156],[-68.17219500036157,44.14740600031],[-68.17066800002418,44.15466799983009],[-68.17129999986084,44.1604969998291],[-68.1693459997262,44.16511499968036],[-68.16838800037459,44.172908000008405],[-68.17075000003993,44.19011400002751],[-68.15649000038769,44.194843999983576],[-68.13757900030139,44.20685999972388],[-68.1281469997369,44.217275000085586],[-68.12262599981476,44.22604100001057],[-68.12088599994037,44.23469899988373],[-68.12065999998457,44.244315000004924],[-68.12173700006015,44.250082000133844],[-68.12445299972784,44.25008000024742],[-68.12445299972784,44.254627000008384],[-68.12801600021565,44.26172599973122],[-68.1282799998063,44.26425300022159],[-68.06095900016287,44.27825599982717],[-68.05675600034078,44.27700300003374],[-68.03579499986033,44.27418300011821],[-68.0278439996025,44.2742139997944],[-68.0181779995846,44.27510699969183],[-68.00744000041229,44.27740900001494],[-67.99944599959842,44.28019700031901],[-67.98270999957971,44.288383000007464],[-67.9736469999845,44.29515899972227],[-67.96557500025112,44.30599800025742],[-67.96077900005211,44.319265000185396],[-67.94241199993891,44.32607100014514],[-67.93338899962835,44.33230799986027],[-67.92517799997783,44.341433999850615],[-67.92223200015637,44.337966999894654],[-67.91669100014278,44.33351199985332],[-67.89815099977724,44.32212599985441],[-67.88391700006426,44.31830599999508],[-67.87444299966698,44.31692499971549],[-67.8583360000102,44.31702399969769],[-67.84228600025482,44.32047600013242],[-67.82372800034594,44.327038000006816],[-67.80968999955323,44.33651000029682],[-67.80079600001241,44.34748499990411],[-67.79526199967148,44.361165000186006],[-67.79530900042548,44.375079999698016],[-67.79604199964616,44.37952299970175],[-67.79834099956233,44.3834649998997],[-67.8055689997469,44.39101500021137],[-67.79899400021371,44.39836400026914],[-67.78833700033394,44.40218900029128],[-67.77798800042574,44.408495999860214],[-67.77474999962794,44.41131399999717],[-67.75856699980318,44.39826200030285],[-67.74174399974582,44.39083099989213],[-67.72953100011465,44.387702000159116],[-67.71532900018872,44.38650099998859],[-67.6958189998777,44.38769599979031],[-67.67938599980768,44.39187899991935],[-67.67464200038552,44.39463400020704],[-67.66950399987971,44.39173299969188],[-67.6549789999136,44.38670700002825],[-67.63654400002837,44.38359200017033],[-67.62741299976275,44.38347299989961],[-67.61003300021181,44.3857829998802],[-67.59291899990131,44.39098999997865],[-67.58107399961786,44.393218999706114],[-67.56758499971947,44.397209000301224],[-67.553655999605,44.40316999976952],[-67.54958300037757,44.40662400031673],[-67.5414880001797,44.408942000124654],[-67.52735900004869,44.41587099969471],[-67.51278499967879,44.42065200028174],[-67.49943300004773,44.42754899974762],[-67.4926159997669,44.432219999762154],[-67.47302699981316,44.448339000033386],[-67.46688199955197,44.457317000298175],[-67.46105400038151,44.4600209997214],[-67.45524100038135,44.46487300014646],[-67.4490159997542,44.47260699968547],[-67.44422700012619,44.48112599975869],[-67.44171800014776,44.49023300007687],[-67.44125600019038,44.50007900015183],[-67.44339600009788,44.50527899969652],[-67.41387800036051,44.50964000025924],[-67.39636700038997,44.51597200020773],[-67.38820000022208,44.520398999732826],[-67.38143200034506,44.51876799983357],[-67.36599799963452,44.51782700029068],[-67.35677600003064,44.51809399986737],[-67.34044800044093,44.52128899975257],[-67.3325490000616,44.52397800011417],[-67.3178409997974,44.53154399996017],[-67.31163699998498,44.53662700012219],[-67.30417600017189,44.54438200022433],[-67.30082000027163,44.5498570001458],[-67.29478899981326,44.54930399971145],[-67.27923000032759,44.55031699973965],[-67.26367599996644,44.55414499985099],[-67.2480520001834,44.5548979998759],[-67.2358710003393,44.558142000208505],[-67.22328500043922,44.56322600009606],[-67.20990100012283,44.5710870001742],[-67.1980580003875,44.57614199985076],[-67.18784500002343,44.58178199985004],[-67.17909600024757,44.58931500008904],[-67.17431900031511,44.59470399978461],[-67.15707199993523,44.600206000106766],[-67.14085399995037,44.6082650002675],[-67.13344500001583,44.61376000018801],[-67.12744799989265,44.62141699996107],[-67.11749800019261,44.625276999942294],[-67.10375800022406,44.633426000016996],[-67.09671099978947,44.63919200024118],[-67.09321199977406,44.643081000143354],[-67.08751799959957,44.6534610002924],[-67.08192300005761,44.656788000009676],[-67.0502129996359,44.68104799969473],[-67.0437850004158,44.68799099970138],[-67.03927899974668,44.696967999921846],[-67.0350769997495,44.698433000042634],[-67.02396499958508,44.70509099993288],[-67.01076500029,44.71732200008055],[-66.9953070001883,44.72312099996451],[-66.97752099985817,44.731241000175686],[-66.96374300025477,44.75008000008439],[-66.9522689996921,44.76042200005163],[-66.94184100014118,44.765624999805866],[-66.9303459996621,44.76790199989271],[-66.91901299956473,44.77119399970007],[-66.91069200030935,44.774765000108495],[-66.90255500027867,44.77656099976245],[-66.88544400034124,44.79420800018208],[-66.93256299956249,44.82550800025266],[-66.96529900000618,44.8289029999353],[-66.97486299991682,44.84160500000306],[-66.97477400022836,44.850971000233876],[-66.98070900042727,44.860480000248096],[-66.9821339997591,44.86725900026029],[-66.97999999969939,44.87744499982657],[-66.97222400024205,44.89477499996716],[-66.96871000015803,44.91038900016507],[-66.99684600022128,44.92837100023486],[-67.00999000033818,44.94476200024553],[-67.02166499984399,44.953914000205195],[-67.09455099979047,45.07451299977655],[-67.11255700022863,45.11258399987232],[-67.12890800028289,45.1323820002826],[-67.1449959996731,45.146015999898836],[-67.1588710002592,45.16203500017205],[-67.16796499981655,45.164733000308374],[-67.19089299995213,45.16571500001971],[-67.20278699974106,45.17135600004719],[-67.20508300018248,45.171408999822674],[-67.20862099965763,45.16933799982026],[-67.2179619999855,45.16657499994509],[-67.2231630002405,45.163362999981],[-67.22728400004682,45.163428999932854],[-67.22977700013173,45.16484399996142],[-67.2329000004035,45.16851699988711],[-67.24103900008399,45.170985000237835],[-67.24280900009565,45.17244299981834],[-67.24393899987469,45.17825599983465],[-67.24742600019452,45.18088900028993],[-67.25530499958403,45.18285999974062],[-67.26224200041378,45.187941999887116],[-67.26921600015514,45.19050800019619],[-67.28336000035473,45.19185899983095],[-67.28510799972675,45.19130300029416],[-67.28702900024943,45.189116999970864],[-67.28971599960481,45.18879199978805],[-67.29099100004713,45.187572000203225],[-67.29016400021678,45.18612999989722],[-67.29098199982629,45.18582399969679],[-67.29162100023397,45.18351999974654],[-67.29073199958103,45.181663000201944],[-67.29404700037173,45.177165999919985],[-67.29352199976687,45.1758570003114],[-67.29110499984995,45.17457099998695],[-67.2914260002403,45.17103499975561],[-67.29934300016295,45.16918000028676],[-67.30268599964444,45.16071200003418],[-67.30162500036067,45.156995999815614],[-67.29422499974866,45.153631999797916],[-67.2947419999576,45.149680000267026],[-67.29597300001898,45.147837000129854],[-67.30977499991182,45.143656000271186],[-67.32001199966703,45.14240200028807],[-67.31770100005531,45.138022000219976],[-67.32082199977894,45.13133500006672],[-67.33050500041358,45.13180100003049],[-67.34084799957567,45.1250410000878],[-67.34599299975417,45.12645200012245],[-67.34916500042974,45.12949599976305],[-67.35344500024472,45.129164999750785],[-67.35752900024112,45.13220400018198],[-67.35656000012057,45.132989999704996],[-67.37068000003072,45.14200300006764],[-67.38072000014243,45.15214400006668],[-67.38307799960981,45.151976000282225],[-67.39258999964193,45.15429400020764],[-67.40270199972366,45.15964000030637],[-67.40502900012723,45.1600629999125],[-67.40578300016263,45.162946999829586],[-67.40476899983622,45.16677700006689],[-67.3991990004086,45.16895499984988],[-67.39832900002226,45.17338000002812],[-67.40051999998337,45.17766700015454],[-67.40653999967279,45.178903999902964],[-67.41147599961388,45.18254300012702],[-67.41811399979457,45.18999699989741],[-67.42687199979127,45.191515000175286],[-67.42926699996688,45.193464999794685],[-67.42796899995837,45.20179100019497],[-67.43073300020492,45.20614500011297],[-67.43092200035082,45.2091890001812],[-67.43729299966948,45.21990799979384],[-67.43698899989587,45.222737999905696],[-67.4393149995762,45.22477099995957],[-67.43930200005573,45.22612600021307],[-67.44735700007064,45.23312500027685],[-67.44918800018165,45.236585000082975],[-67.45384899976315,45.24123500015813],[-67.4619139998238,45.242700999729024],[-67.46680499955909,45.249578000313655],[-67.46852000021744,45.25065299975765],[-67.46895000038775,45.25327799969868],[-67.47115300004444,45.25517099994673],[-67.47311300002687,45.25863699988422],[-67.47149000032833,45.260707999827936],[-67.47181099982039,45.26163600026537],[-67.47478400030433,45.26327700003721],[-67.47643200011723,45.26905499996391],[-67.4757750001662,45.27130199989124],[-67.47715799966522,45.27387099987314],[-67.47641899969844,45.27539599970103],[-67.48203099985716,45.27536499996582],[-67.48350499959278,45.27945400006571],[-67.48904399995656,45.28057499975465],[-67.48966300027277,45.28213299990767],[-67.4858710003544,45.28701499991071],[-67.48639600006095,45.28989099993798],[-67.48507799996094,45.291153000055445],[-67.48121499989746,45.2910970000086],[-67.47793400034026,45.288313000207054],[-67.47611099972686,45.28863300008854],[-67.47471499980904,45.29167700025181],[-67.47210100024861,45.29220699983119],[-67.47081699958547,45.29330999999589],[-67.46612500004183,45.29385899998378],[-67.46595799963724,45.29688499979427],[-67.46870299961724,45.297375000137194],[-67.46806900013073,45.298994000135046],[-67.4658339997887,45.29980200011037],[-67.4628000001037,45.299325999772975],[-67.46031200004167,45.30001800023037],[-67.45786300033768,45.30959100012544],[-67.45346700017173,45.31369100018443],[-67.45183699990218,45.317681999751954],[-67.45210999971366,45.31927099986511],[-67.45603300005158,45.32308299985226],[-67.45690900028572,45.32525400006937],[-67.45545399991835,45.32714200011365],[-67.4507890001389,45.32915899995116],[-67.44360199996221,45.33086900016252],[-67.44184899966899,45.332449000237176],[-67.44203299979203,45.33392399982801],[-67.44060500008713,45.33603699971772],[-67.4346180000097,45.34005800023422],[-67.43122600012443,45.34107300021614],[-67.42887899962938,45.344387000220664],[-67.42893100040622,45.34573099994072],[-67.43145600027819,45.34976300020101],[-67.43065799986185,45.35106000010155],[-67.42865000019883,45.351709000254196],[-67.42857200038104,45.35475300016842],[-67.42545400013213,45.3565870003017],[-67.4253529998498,45.35741500027737],[-67.43355400035288,45.36081799987858],[-67.43365599956182,45.36345800015605],[-67.43453000014615,45.36496399978456],[-67.43214500001628,45.36703200027855],[-67.43236099992635,45.3680529999982],[-67.4301680003154,45.37161700014657],[-67.42675100031578,45.373681000150924],[-67.4253749995911,45.37297099979725],[-67.42113400013417,45.373571000075266],[-67.4192350002511,45.37710399993655],[-67.42281999958192,45.379288000121946],[-67.42273599991633,45.38121900009673],[-67.42408900017645,45.38204300021993],[-67.42631799977241,45.38550899995788],[-67.4267909996004,45.38979999973495],[-67.4276409998953,45.39101599990905],[-67.43846099998167,45.39903799975714],[-67.44689099991533,45.40675400007194],[-67.45272700038004,45.40967699992359],[-67.45641899984096,45.414409999931614],[-67.45914299990456,45.415780999808156],[-67.45937999973101,45.41742500028548],[-67.46112800000135,45.419306000218825],[-67.46024300044468,45.42044199984887],[-67.46124199980416,45.42222799991273],[-67.47022800030481,45.42267400025544],[-67.47267700000879,45.42322000006265],[-67.47411200028468,45.425089000044984],[-67.47542700001165,45.4288230002607],[-67.4775209998884,45.43052800002687],[-67.47743300002483,45.43281699982464],[-67.4789360000728,45.43572399996719],[-67.47813500018172,45.43686799984427],[-67.48039100044015,45.44093499974054],[-67.47758399963759,45.441621999858185],[-67.47646899992716,45.443322000007676],[-67.47789800035527,45.44642799971654],[-67.48396200042559,45.44940200016657],[-67.48502899955714,45.45275900027998],[-67.48494599971644,45.45634299973076],[-67.48249700001249,45.45709799974052],[-67.48210600020023,45.459396999978765],[-67.48628999975574,45.464730999998444],[-67.48722700008926,45.46772900026094],[-67.49494700036843,45.472835999912306],[-67.4970169999557,45.47590100005221],[-67.4993119996739,45.47704299968777],[-67.50094600014143,45.47893999989035],[-67.5014869997415,45.48270199973102],[-67.50371399968763,45.486703999722614],[-67.50345500011987,45.489567999826],[-67.5000649998844,45.490899999755484],[-67.49718299963706,45.49029300025811],[-67.49509899980607,45.48868700025329],[-67.4895319998532,45.48915499987068],[-67.48816100004973,45.49117900000563],[-67.48921800003384,45.493055999941184],[-67.48548899986467,45.49559999988512],[-67.48383100000602,45.49540500005713],[-67.48305299968118,45.49409200030109],[-67.4816900002736,45.49380500020376],[-67.47957600030539,45.49621299970647],[-67.47759700005638,45.497048000004185],[-67.47330299999768,45.4960640002549],[-67.47139499989377,45.49723900015643],[-67.46754299970095,45.49517500005406],[-67.46373499988907,45.497055999967536],[-67.46456900029044,45.498314000051515],[-67.46763399993756,45.498391999938285],[-67.4704669997811,45.499516999824166],[-67.47123599988512,45.50085100026098],[-67.47029000022908,45.50211500014757],[-67.4711299995799,45.50417400001197],[-67.46988599999804,45.50582699982638],[-67.46689699962059,45.50580500004623],[-67.46656600008279,45.50673200027181],[-67.46359900034496,45.50838000005321],[-67.46228000042002,45.50802499982191],[-67.46193899993817,45.506953000099976],[-67.45384100026556,45.50022300013645],[-67.45158900020506,45.499070999949865],[-67.44971399971311,45.499086999930235],[-67.44891899966983,45.5021260001301],[-67.44998300022495,45.5052030001503],[-67.45314499995645,45.50712000001847],[-67.4534589997758,45.50884799969966],[-67.45014100040869,45.51026700011191],[-67.44799599958002,45.5098060000233],[-67.44192400001208,45.50523900011383],[-67.43707099991164,45.50510799969891],[-67.4344699998717,45.503411999818546],[-67.43239600008644,45.50382399993969],[-67.43061500020414,45.50307899996079],[-67.43079199975614,45.50136300007977],[-67.43010700021603,45.50102299988322],[-67.42733700012168,45.50091699971691],[-67.42447400014092,45.50365299985962],[-67.42522399997836,45.504895000291036],[-67.4228179999321,45.50549500016965],[-67.41801099986242,45.50120199977041],[-67.41621099971354,45.50129500020468],[-67.4164960001189,45.50432000004654],[-67.42092800026985,45.51179200003645],[-67.42640599963596,45.51518400020436],[-67.42568799958555,45.517122000264266],[-67.42853999969566,45.51902099989587],[-67.43269800021024,45.519780999987844],[-67.43174400015828,45.52379700006043],[-67.43486400005699,45.52813700002602],[-67.43474299968317,45.53588599977305],[-67.4324710004295,45.540407000053875],[-67.430836999962,45.540698999876035],[-67.42857300020594,45.53981200009921],[-67.42507699966527,45.54025799992443],[-67.42548400026936,45.54146299995858],[-67.42430099988856,45.54298599989983],[-67.42390099985548,45.54701999990127],[-67.42066600032904,45.549675999896444],[-67.42267599964187,45.55376800006551],[-67.42205399985093,45.55653199973652],[-67.42654100025348,45.56060399984085],[-67.42660300017776,45.563065000052454],[-67.42817399999777,45.56511500008816],[-67.42810600022571,45.5676000001636],[-67.42887000030687,45.56833699997217],[-67.42319399967573,45.57159200001384],[-67.42552799975198,45.57843199999078],[-67.43105500042019,45.58411399991901],[-67.44313699963179,45.59383399988579],[-67.44509699961422,45.5961780002665],[-67.44732500028358,45.59660699973832],[-67.45001800038504,45.602465999931724],[-67.45670199969818,45.6043400001613],[-67.46500100011058,45.60343600024142],[-67.4684890002553,45.600681000274996],[-67.47248600021308,45.60051700023892],[-67.4771839996045,45.60390900030138],[-67.48601399957123,45.60141399979648],[-67.4908209996409,45.600778000124386],[-67.49329000033468,45.60134299971722],[-67.49410799994418,45.59893800005439],[-67.49171199994365,45.59850400017998],[-67.49037499957707,45.59703500030491],[-67.48774599994803,45.59696299968608],[-67.48795799966014,45.59582199973856],[-67.4894470003627,45.59370499978645],[-67.49113199998553,45.59323500009833],[-67.49150600007935,45.590897999687655],[-67.499022000144,45.58665400022155],[-67.51921600017022,45.58756800025755],[-67.53521300022216,45.595042999808996],[-67.54799499994081,45.59784699998004],[-67.55707900035075,45.59697299995214],[-67.55776800008884,45.59482199974076],[-67.56168899987863,45.59469300002678],[-67.58322299974618,45.60226899982074],[-67.58985699972891,45.60678400004756],[-67.60837399962993,45.6061480002916],[-67.6317939998601,45.62136800005436],[-67.6391020004106,45.625114999736375],[-67.64395600033593,45.6231469999852],[-67.63977500025516,45.616081999949756],[-67.6455659996157,45.61333900018127],[-67.66328099980075,45.62536000027452],[-67.66622699962217,45.62421400029728],[-67.67522999984125,45.63074100017461],[-67.67978400019095,45.638222000212416],[-67.69229999977081,45.65008700015334],[-67.6913130001069,45.653533999773934],[-67.69794100024185,45.65955400001491],[-67.70139000002854,45.669057000115096],[-67.70617100015895,45.67353800003069],[-67.71053800001258,45.67920299990758],[-67.70957399991488,45.68132800013963],[-67.7130749995801,45.68118799975766],[-67.71781399987772,45.67941000020561],[-67.72529999980516,45.68551200030987],[-67.72825200037269,45.68924400019182],[-67.73455200044457,45.68891999988637],[-67.73349899976012,45.68403399993153],[-67.72995399971396,45.67667499987142],[-67.72642999958418,45.673502999802906],[-67.72370499969568,45.67219200016438],[-67.72349200015869,45.669990999803964],[-67.71794299974916,45.66766100002986],[-67.71760299999052,45.665137999979294],[-67.72007299961089,45.662264999851175],[-67.72153100035132,45.66211000019343],[-67.72494699962773,45.66416600025912],[-67.72722899982544,45.66264000012396],[-67.73247299973814,45.66337999968866],[-67.73568999972123,45.666919999891526],[-67.73873299962705,45.667677999765424],[-67.74442000012884,45.67291700009062],[-67.74691999988644,45.67059999994192],[-67.7543029998817,45.667574999995935],[-67.76871800024297,45.67748699994078],[-67.80362999968087,45.67765100017252]]]}},{"type":"Feature","properties":{"state":"NY","name":"New York"},"geometry":{"type":"MultiPolygon","coordinates":[[[[-74.72257299979148,44.99806400022851],[-74.73130099965095,44.99041899986735],[-74.74463999976152,44.990561999944816],[-74.76021699968888,44.994944999987325],[-74.76340699990779,45.00561300030338],[-74.79314899995113,45.00464499987271],[-74.79988500004113,45.01070699978392],[-74.80163800033432,45.01456899971101],[-74.81326299961144,45.013542999974035],[-74.8171950001702,45.01172800021405],[-74.82657599978275,45.01586499980938],[-74.83467400035369,45.014697999719594],[-74.84179000038525,45.0114150002061],[-74.84617499978222,45.01029000008725],[-74.85642199958316,45.00452399985969],[-74.86264300001234,45.00459099974623],[-74.8666399999701,45.0005359998933],[-74.87723199955255,45.00136200021938],[-74.88783699955378,45.000046000295235],[-74.90072499957765,44.99276100011401],[-74.90794799973935,44.983369000023735],[-74.94750599958843,44.984582999861175],[-74.97249099979082,44.9834049998926],[-74.99278399955126,44.977440999858466],[-74.99927000029429,44.97163799982966],[-74.99925799970042,44.96611100005842],[-75.00308300012905,44.96241199975782],[-75.00515100006652,44.9584060002646],[-75.02712500015015,44.94656800027504],[-75.05996600017582,44.934570000079006],[-75.06482599994895,44.92944899984497],[-75.09665900039431,44.927066999737086],[-75.10508599995492,44.91954100012996],[-75.1175749997706,44.921342000065515],[-75.13367399992977,44.915382999852476],[-75.13441600026961,44.915101999872704],[-75.13998900007027,44.89694699968731],[-75.16497500009757,44.89354799998052],[-75.1888790000264,44.88318699969866],[-75.19416099957391,44.88267699979605],[-75.2028950001795,44.87784900016515],[-75.21838199969517,44.87777100016314],[-75.228240000232,44.868328999898345],[-75.24103299982129,44.8671539997656],[-75.25607400017144,44.857342000015414],[-75.26830199987123,44.854907999945375],[-75.29042900011574,44.84557500027949],[-75.30762100024403,44.8368099997026],[-75.30187799966575,44.826484000171746],[-75.33374299989816,44.806375000275665],[-75.34453799987018,44.8091389999474],[-75.36982900039433,44.78806499974985],[-75.36995300024289,44.78288299984794],[-75.3878719997441,44.77958300013744],[-75.3965310000066,44.77350200004035],[-75.41373400000556,44.772178000081894],[-75.42365199991852,44.75609600022007],[-75.47611899970785,44.720772000164345],[-75.50492799961566,44.70535400003326],[-75.62002100003006,44.618716000201616],[-75.66237300026292,44.59192700017115],[-75.69935000016355,44.56571700009428],[-75.72587699987365,44.543840999686864],[-75.76693600012085,44.515271999768075],[-75.80758199991618,44.47170699978709],[-75.82137899978615,44.432041999768025],[-75.86992700033383,44.39617499977392],[-75.9128269998395,44.36780500024714],[-75.9216559999813,44.368756000100426],[-75.92951400035271,44.359291000289524],[-75.94084400007704,44.35466799991187],[-75.94971699970147,44.34897999985493],[-75.9701790004146,44.342532999767535],[-75.97292600004442,44.34303400017295],[-75.97503199961673,44.345989999724736],[-75.98021199995532,44.34600899975567],[-75.9819280004386,44.34745900014302],[-75.98608500022993,44.34688999993803],[-76.00110700031351,44.34786699970998],[-76.00799999986403,44.34420200026075],[-76.04550599966916,44.33178800019567],[-76.09696700042632,44.299706999848524],[-76.11182499958004,44.29807399976808],[-76.11817999990352,44.29492399988038],[-76.12944699987865,44.29512699970332],[-76.13116699966157,44.296373000138374],[-76.16182500012205,44.28077599990586],[-76.1642579999325,44.2396029999197],[-76.19132399959285,44.2212390001427],[-76.20677400019692,44.21453800025495],[-76.245486999774,44.20366400011095],[-76.28654600002119,44.203767000075345],[-76.31263900026133,44.199045000250095],[-76.35267900015924,44.13474300010023],[-76.43828700044824,44.09417200027468],[-76.49892700025326,44.00005899991486],[-76.62468199967198,43.84556900021482],[-76.75353799962114,43.6842749997726],[-76.77623300012822,43.629529000040094],[-76.99973400002233,43.62920400010216],[-77.12471000018961,43.631117999869964],[-77.24971499977086,43.630593999685715],[-77.24971499977086,43.63153999971237],[-77.4997249998317,43.63208399987668],[-77.69630200035571,43.63126199972092],[-78.12474200003707,43.631175000109565],[-78.37474899972487,43.63209199978496],[-78.37474899972487,43.633178000209746],[-78.6882950000818,43.63474199988413],[-78.74976099989226,43.609257999726964],[-79.06371899997782,43.500019999886405],[-79.20093600026367,43.45042200032504],[-79.07045199969477,43.26245500013681],[-79.05593199975151,43.254674000060824],[-79.05467899994882,43.248758999941955],[-79.05579000035961,43.23909399988456],[-79.05304600020453,43.22346000013957],[-79.05655899956531,43.2103169997524],[-79.04869400041952,43.200158000091356],[-79.05271300011859,43.18405900014802],[-79.0533049997723,43.17390499989056],[-79.05106899960533,43.16761699976589],[-79.04662999978169,43.16237399969869],[-79.04421700006272,43.15187900025658],[-79.04282399961963,43.1492760001489],[-79.04229899991307,43.1436629999381],[-79.04367300008958,43.138405999760515],[-79.04949000028772,43.13514900031858],[-79.05412300028011,43.12936900004356],[-79.05708699964492,43.12703699973682],[-79.05940900002561,43.126476000099686],[-79.06964900015386,43.12032199987487],[-79.0601050003347,43.1138659998472],[-79.05864699959427,43.11092000026317],[-79.05796100022924,43.106957000310246],[-79.06596099999257,43.091051999830945],[-79.07536699971946,43.08135500030092],[-79.07445899969828,43.07786300022421],[-79.00712999965893,43.06575700028106],[-78.99943500039244,43.05605700014347],[-79.00513899971435,43.04705600025578],[-79.01174699975782,43.028956000276615],[-79.02325599958228,43.01635600015457],[-79.01996400015443,42.99475599978314],[-79.01156299963479,42.98525599999449],[-78.97506199993525,42.96875600023584],[-78.96176100035781,42.95775599978897],[-78.932359999898,42.95585699972296],[-78.91885900030402,42.946856999720126],[-78.90915899995095,42.93325699997757],[-78.90565900011065,42.92335699994865],[-78.90575799984485,42.89995700012388],[-78.93055899992422,42.85010500001454],[-78.99976000008245,42.80436799991666],[-79.47694199958194,42.62505700008603],[-79.76241799999787,42.516072000324215],[-79.76195400039067,41.99884100032264],[-79.4117309997088,41.99840400008003],[-79.15841300032656,41.99967000014436],[-78.85735900015838,41.99770500013965],[-78.69880999967134,41.9986340001953],[-78.62279700015347,41.999976000221274],[-78.27927399957653,41.999099000167604],[-78.12151500000824,42.00038899972405],[-77.94035399975313,41.998469999832444],[-77.82839600020438,41.99825900026224],[-77.50398799992827,42.00010100018715],[-77.16141900030162,41.99960499967239],[-76.828976999927,42.00201800029137],[-76.34482699963561,41.99838300020516],[-75.98024999959014,41.99903499982754],[-75.76468300023545,41.997856000281224],[-75.35964500034258,41.99955399968695],[-75.35109499986002,41.99626299993673],[-75.34546199978492,41.994990000081884],[-75.34063999964663,41.99241800016899],[-75.33761699983228,41.98724100003171],[-75.33748600031102,41.984603999733096],[-75.3400689999093,41.97785699981851],[-75.34187800027901,41.975350999890466],[-75.34206800024981,41.972743000045654],[-75.33814300026205,41.97041799999973],[-75.33627100014316,41.97090099985053],[-75.32796900025603,41.96794299983888],[-75.32589100027283,41.96476800021417],[-75.31963800005661,41.96031199970874],[-75.31818400041246,41.95701399983243],[-75.317799000448,41.953738999725125],[-75.31094100015927,41.94910299981679],[-75.30661100011558,41.949130999718626],[-75.3025849998455,41.94801200024593],[-75.30087400028339,41.948603000166955],[-75.30173799992366,41.951657000056116],[-75.30083599975023,41.95362900030895],[-75.29751800038312,41.95468499996121],[-75.29331600038594,41.954347000045566],[-75.29146600000836,41.95244400033018],[-75.2916230003672,41.94664699999608],[-75.28951000022388,41.94320399966976],[-75.28460000022203,41.941934999906536],[-75.27876299993243,41.938713000143814],[-75.27864099973368,41.936264000238886],[-75.27694799971493,41.932885999749914],[-75.27663300007066,41.92223599985256],[-75.26924800042558,41.91068799976272],[-75.26727599984926,41.90608999990965],[-75.26777299996671,41.901971000200284],[-75.27297300039679,41.896566000196266],[-75.271685000434,41.88844699998518],[-75.27075499977317,41.88684299992909],[-75.26309800014151,41.88504100012558],[-75.26062299959996,41.88378300014393],[-75.2595830002326,41.88232399986407],[-75.25745900021862,41.87609300012935],[-75.26320899957128,41.87170000008425],[-75.26429499986772,41.86952300032026],[-75.2615900000707,41.864939999757155],[-75.2583160001862,41.86227400006945],[-75.25000099988029,41.86221700009753],[-75.24403800009229,41.866511999887166],[-75.24114699962412,41.86725199986086],[-75.23161200002578,41.85945900017552],[-75.22448000010068,41.857590000302444],[-75.22316600019862,41.85791599996824],[-75.21957599994663,41.861188000000325],[-75.21502400014508,41.86734999976296],[-75.2095690003452,41.86931899972587],[-75.20463699970372,41.8699280000236],[-75.19541000007696,41.86783900026492],[-75.19144699955608,41.86514099985041],[-75.18913699976927,41.861667999703215],[-75.18535800026969,41.86006300029323],[-75.1817040004436,41.86307800007],[-75.17803200017585,41.87091000019779],[-75.17582699997101,41.872573999781444],[-75.17246000020009,41.87228300032846],[-75.17014100019244,41.87135000005209],[-75.16842399988425,41.86933500028135],[-75.16832599997497,41.858699999732636],[-75.16522699999264,41.8527929997329],[-75.1628789996727,41.85055500008651],[-75.1576549998515,41.84869200002922],[-75.15467999971773,41.848454999982025],[-75.1456020000539,41.851462000160026],[-75.14056099963248,41.85221999984157],[-75.13099099987407,41.84526100021924],[-75.12691899957322,41.845059999875204],[-75.12011700025931,41.84621699980028],[-75.11659499977938,41.84544900010602],[-75.11340499956047,41.84214000013615],[-75.11314500016778,41.836164999896184],[-75.11506800034029,41.82754599973884],[-75.11301899977109,41.8226190000175],[-75.1005650001155,41.81892699991763],[-75.09634300002682,41.815241000036494],[-75.0898799997483,41.81170099986113],[-75.08552499959025,41.811711999900275],[-75.0787690003071,41.81521000022936],[-75.07475999975546,41.8152940000176],[-75.07224800030228,41.81413099981672],[-75.07150900033548,41.81130400022693],[-75.07234299983853,41.8066439996713],[-75.07565199988312,41.79955500015174],[-75.07847100038127,41.797296999931646],[-75.08062200015942,41.79669800005624],[-75.08849700024928,41.797707000122735],[-75.09288300036948,41.79645700018507],[-75.10172599985667,41.78750400026659],[-75.10394799977993,41.780149999676105],[-75.10387900018296,41.77604799970499],[-75.10471100003618,41.774383999923494],[-75.10349199967035,41.771237999908536],[-75.1018949999111,41.76960900024421],[-75.09463300028965,41.76836400004449],[-75.087181999624,41.769392000171116],[-75.07915599992141,41.771606999860275],[-75.07460999996762,41.77126999981954],[-75.07246400021234,41.76854800002095],[-75.06475800017688,41.766687000179815],[-75.06123700042018,41.764790000042424],[-75.05296899996993,41.75179300015753],[-75.05265299960244,41.74392199992072],[-75.05483000021817,41.73489599987726],[-75.05367500032476,41.72734599979178],[-75.05183099979497,41.719920999799925],[-75.04971900037488,41.71590899988715],[-75.04968699968951,41.71337200031728],[-75.05095899975879,41.71179999972806],[-75.05235899987457,41.71148399991556],[-75.05920299991959,41.71281000001383],[-75.06622199986678,41.71275999999458],[-75.0678279998469,41.71178999983843],[-75.06895699980103,41.70932700016816],[-75.0670679999637,41.70514500016266],[-75.05872300041887,41.69846899990537],[-75.05262699966318,41.68811000012442],[-75.05125199966174,41.68001799982064],[-75.05841799992204,41.674900000277724],[-75.05951599991401,41.672255000129525],[-75.05753300036537,41.668844000126015],[-75.0539959998168,41.66807399973626],[-75.05047199968706,41.663093000153054],[-75.04946400010675,41.66027700026716],[-75.04883899994276,41.65729099970887],[-75.04919200012019,41.650054999752584],[-75.0477080003388,41.645851000273304],[-75.04949699971871,41.64156199985751],[-75.04861700018492,41.63301299971295],[-75.04361000009871,41.62332200017292],[-75.04447700011201,41.62074899976867],[-75.04418099983602,41.618062999769634],[-75.04532300020892,41.61614999976879],[-75.04674500006602,41.615621000011274],[-75.05302000002357,41.61851499998364],[-75.05973099999919,41.61755599973602],[-75.06156499958493,41.61580000019783],[-75.05972799962612,41.610415000192305],[-75.06369799981972,41.6092710001219],[-75.0697209998822,41.610114000201236],[-75.07447500024843,41.608124999670146],[-75.07467799973969,41.60652699990197],[-75.06771400004408,41.60024899978173],[-75.06001200020658,41.59081299983021],[-75.05293399980984,41.587893999976096],[-75.04724600038146,41.583681999675605],[-75.04514300028387,41.57967199999192],[-75.04390399982658,41.57470199984798],[-75.0404900002,41.569687999674926],[-75.0335919997283,41.56523800016757],[-75.02805499991267,41.56433900023584],[-75.01880399999645,41.55243600033182],[-75.01612799961343,41.54659199995834],[-75.01597600017578,41.544205000126176],[-75.01750299961488,41.54264200030789],[-75.02222600001897,41.54175600021658],[-75.02469999983731,41.54013100012305],[-75.02454300037678,41.53459299980376],[-75.02321699988083,41.53317099989733],[-75.01679700015835,41.53219500003525],[-75.01113899996888,41.529318000115104],[-75.00321200000047,41.523480999906795],[-75.00074900005279,41.518597000156085],[-75.00366800011007,41.51180800015218],[-75.00357799969838,41.50827700026448],[-75.00025500030839,41.507374999702044],[-74.99379500040294,41.50888599987691],[-74.98800400014407,41.50887899969739],[-74.98590699989428,41.50815699970166],[-74.9842399998148,41.50650899987799],[-74.98226999978662,41.498685000299815],[-74.9849789997816,41.49063299994553],[-74.98564499995346,41.485864999984514],[-74.98471600001587,41.482931000165834],[-74.98247599965094,41.480252999667194],[-74.96698400011242,41.47703700033231],[-74.95743299972224,41.476644000120025],[-74.94807999969879,41.48062499992776],[-74.94604100007362,41.483086999776205],[-74.94341499991933,41.48368100029055],[-74.93312499956235,41.482576999864065],[-74.92409200010437,41.47713800020575],[-74.91796600010976,41.47717300007853],[-74.91303500019151,41.47601700020642],[-74.90918100034888,41.47243600001237],[-74.90793900041683,41.463849000135795],[-74.90655299964642,41.46087599988509],[-74.89476799963744,41.458145000120254],[-74.89016899998022,41.45555800015497],[-74.88915600037704,41.451072000004295],[-74.89485499967607,41.44619099986883],[-74.89639899973191,41.4421790001435],[-74.8956599997651,41.43968799994072],[-74.89262500025521,41.43861700022903],[-74.88900999988886,41.43816500006942],[-74.87830299978037,41.440000000163586],[-74.86314199977961,41.444386999965786],[-74.85765299964454,41.44415600000194],[-74.8539090003051,41.44314600024388],[-74.84786899962589,41.43961900014863],[-74.83747700005998,41.431896999950524],[-74.83203200030584,41.430391000132786],[-74.82634099960609,41.43164600016205],[-74.82258399984785,41.43701400011716],[-74.81799500023637,41.44050500022702],[-74.81150500019368,41.443054999779065],[-74.80824200017983,41.44291999983112],[-74.80515800026613,41.44185300026706],[-74.80113199999604,41.43830299997821],[-74.79925599967919,41.43080600024332],[-74.79509100039023,41.42371300005103],[-74.79311499961595,41.42235599978872],[-74.7890969997418,41.4214090000882],[-74.7727070002278,41.42634200013871],[-74.76240099997732,41.4233280002823],[-74.75858700031763,41.42328699993097],[-74.75447099963586,41.42495299994794],[-74.75093599963544,41.42785700019902],[-74.74477600020396,41.43037600014403],[-74.74145600028871,41.431154000017735],[-74.73873200022511,41.43078099997092],[-74.73513100010246,41.42679999983834],[-74.73466400012222,41.42299300008723],[-74.73818099968098,41.41426799978074],[-74.7410689997761,41.411277999975916],[-74.74173499994797,41.408777000055004],[-74.74138299959544,41.40568900002986],[-74.73632000033105,41.398674999888044],[-74.7345710002358,41.39740199991035],[-74.72861400029558,41.39522199980793],[-74.71947999965694,41.394528000227155],[-74.71635800010841,41.393020000302826],[-74.7125209999842,41.38875900004937],[-74.71096900043077,41.38371300000744],[-74.70799599994682,41.378679000240076],[-74.69410399964231,41.37010499980404],[-74.69137899975381,41.36742299983793],[-74.69002999969163,41.3652290000679],[-74.68975400040543,41.36174700018449],[-74.69557999992607,41.357607000098184],[-74.5398359996935,41.28673300026996],[-74.49126299992975,41.26346900001377],[-74.45786200003742,41.24842700016014],[-74.39710900025449,41.218721999884494],[-74.36210099965882,41.20042299971836],[-74.33067499981756,41.18545699999806],[-74.23490299956829,41.14326900025046],[-74.15173800003383,41.108109999786194],[-73.9027149996369,40.99732700032531],[-73.89362799975223,40.997165000085786],[-73.89614400030167,40.981872999729994],[-73.90846300023804,40.947879999699914],[-73.9142529997737,40.92795999976817],[-73.92982100037852,40.88868200023685],[-73.95282899998172,40.851106000262064],[-73.96357700009808,40.82664200000648],[-74.0140289996534,40.757550999706794],[-74.02363699994498,40.71806900001664],[-74.02639000032089,40.700102999681974],[-74.0557490000496,40.65147600027673],[-74.08698599974498,40.6515060002768],[-74.09344200035079,40.648064999970195],[-74.1098479997583,40.64806400010058],[-74.12601800006259,40.6421510000512],[-74.13292099965885,40.64368400015368],[-74.14310999973347,40.6419899997715],[-74.1816499999565,40.64652800004766],[-74.1856410000665,40.64604200002757],[-74.1914299997772,40.642024999746795],[-74.19624699989265,40.63768899997528],[-74.19816400021737,40.634786999905145],[-74.20239999965143,40.63159199976999],[-74.20228099982575,40.62878100006379],[-74.203925000339,40.624370000136466],[-74.20242499976578,40.616770000289485],[-74.20388900035398,40.614275999824876],[-74.2048330003602,40.606062000232335],[-74.19958900044752,40.60038199970998],[-74.19958900044752,40.59784599992768],[-74.2072419998812,40.587914999974714],[-74.21014400022004,40.57372399965953],[-74.21457499964777,40.56053299989416],[-74.21800300041636,40.557057999926236],[-74.23141500032189,40.559182000119634],[-74.24748400034382,40.549376999861444],[-74.25028399967708,40.54230000013674],[-74.2460199997556,40.52095800033075],[-74.254094999862,40.51566100018921],[-74.2581289996297,40.5087169999171],[-74.25884300038047,40.49887499999904],[-74.25303600022808,40.48666000014258],[-74.22533100016004,40.4765780002232],[-73.97787399956025,40.519095000327916],[-73.90213999970162,40.49212100024769],[-73.88964500003816,40.486510999918224],[-73.87677799993068,40.501126999802665],[-73.87002900032023,40.502485999723795],[-73.85484300020514,40.51199999985599],[-73.82615800014588,40.52287399998363],[-73.78396900011963,40.53238700013475],[-73.7687810003547,40.533746999671216],[-73.62457400043398,40.53451099974986],[-73.5526740003265,40.528908999857755],[-73.51784400000608,40.523305999708164],[-73.48649599998262,40.520505000031335],[-73.44121499964673,40.531708999723215],[-73.40638400039973,40.53731000022712],[-73.3785189995998,40.545712999956486],[-73.34368800035278,40.5541160000745],[-73.3262719999185,40.556916000254255],[-73.3123400003293,40.55411500016371],[-73.29144099977314,40.55131400029438],[-73.27402500023717,40.55131400029438],[-73.24964199973424,40.56256499979778],[-73.12455799961195,40.59836599988745],[-73.06409299970909,40.611666999830064],[-73.03208400043493,40.61952800023028],[-73.01400400037693,40.62509900028922],[-72.8745419997033,40.67501899979619],[-72.82860699978944,40.68690099992036],[-72.74954399979472,40.713405000222004],[-72.62453900021346,40.74556699974044],[-72.3745290001526,40.81859500009742],[-72.24952500039626,40.86676500016147],[-71.99951600016031,40.95601900026319],[-71.93169800039944,40.98249699978778],[-71.89990699978686,40.99049600020868],[-71.88477500009844,40.99226900013462],[-71.87013899980424,40.99697099996981],[-71.86461899970703,41.000101999756815],[-71.83708799971627,41.01089199979676],[-71.80816300035585,41.027811999990135],[-71.79413899980685,41.0369770002384],[-71.78274799998314,41.055307000326934],[-71.77749099965166,41.06729200025733],[-71.77749099965166,41.077161999696315],[-71.77924399994487,41.0884419998838],[-71.781871999749,41.09619699966996],[-71.79063499976856,41.101836999793356],[-71.79097200005245,41.18410100019588],[-71.9072579999951,41.30448300028953],[-71.92945100036182,41.31038699999655],[-71.99948600002308,41.29579399990656],[-72.01921399989402,41.29059400009348],[-72.08184700019176,41.26222400013061],[-72.14153399976973,41.250098000093395],[-72.24955299998534,41.230526000257804],[-72.52790099977581,41.17777399992736],[-72.99954700018289,41.087107999956814],[-73.24955700024373,41.0258660000926],[-73.3745600001752,41.00106000025231],[-73.61288499978615,40.95094299982573],[-73.65677100002911,40.98450899983635],[-73.6596709998198,40.98790900031883],[-73.6572279999636,40.990914000128235],[-73.65958499960608,40.99413999996615],[-73.65930900031987,40.99717099967489],[-73.66026800039468,41.000484000005784],[-73.65606499967427,41.00892299991338],[-73.65525499956236,41.012246000096084],[-73.68247299955868,41.04469699972167],[-73.7186750004058,41.089995999785],[-73.72338200001806,41.09443699980385],[-73.72777499981095,41.10069600029421],[-73.65167299970629,41.1360960001335],[-73.48269499984343,41.21277200025087],[-73.5509620000412,41.295420999998456],[-73.5498790001178,41.30152199983394],[-73.54908800027248,41.32513400007198],[-73.54342500006014,41.376621999757425],[-73.54146900027567,41.404394000053685],[-73.53633400014292,41.446632000130506],[-73.53250399969141,41.5000609999934],[-73.52104099989769,41.619773000155305],[-73.51678500037215,41.68758099997477],[-73.51096099960301,41.75874900008019],[-73.50531199963437,41.82393999996024],[-73.49830399955783,41.89250900031861],[-73.49659899984353,41.92179700012422],[-73.48961500005642,42.00009199990941],[-73.487318999615,42.04952500007871],[-73.49701800014317,42.0496240001605],[-73.50820999977523,42.08613399972491],[-73.38360100002909,42.42566300021374],[-73.26482700002443,42.74585099972671],[-73.2764210002377,42.74601899998954],[-73.29094399965568,42.80192000022538],[-73.28634300034864,42.80806299971701],[-73.28654699966484,42.809484000275475],[-73.28369499955473,42.81385600000146],[-73.28706300004887,42.82013999969839],[-73.28538799957346,42.834093000021575],[-73.28431100039619,42.8349539998973],[-73.2786730002982,42.833409999813064],[-73.27830599987708,42.83755800002334],[-73.27417000000213,42.94902800014892],[-73.26977700020925,43.035975999911614],[-73.26559500030353,43.09592600032061],[-73.25869699983186,43.23055499986359],[-73.25647499990859,43.2600930000494],[-73.25330300013135,43.3612079999019],[-73.24671600000427,43.51533200009596],[-73.24806800043949,43.515993999988],[-73.2468440000508,43.51725200002297],[-73.24760099956093,43.520521999924256],[-73.24650199974403,43.5214599997233],[-73.24769799964533,43.52317399981208],[-73.24682099958626,43.52578100018887],[-73.24189200021615,43.529418999984685],[-73.24264700007649,43.53072199993826],[-73.24139099990073,43.532345999690165],[-73.24274400016085,43.53399100014132],[-73.24157900022172,43.53495999977343],[-73.24353099980823,43.53540799998792],[-73.24441399971506,43.53881499977676],[-73.24671000015648,43.54034599968551],[-73.24658600030794,43.5418550002505],[-73.25013300000391,43.54342900019496],[-73.2499360003604,43.54486900017486],[-73.24781499982117,43.54505499985599],[-73.24985599999448,43.54612699970796],[-73.2491889999977,43.546654999770624],[-73.25002800042193,43.54793300020693],[-73.24920599971612,43.54889599999365],[-73.25040800036354,43.55042599972789],[-73.24860700038974,43.551205999823935],[-73.24915999968538,43.55175400011424],[-73.24841999989367,43.55257799968752],[-73.24864099982662,43.55385800016287],[-73.2514410000582,43.5553880002312],[-73.25448999981181,43.55559599974301],[-73.25439500027555,43.55628199982974],[-73.25260199979938,43.55685200011654],[-73.25555500019183,43.55989500007878],[-73.25593000011057,43.561885000182734],[-73.25835000040053,43.563052000114595],[-73.25863099970961,43.564950000044796],[-73.26073899983005,43.56653499977686],[-73.26207799984647,43.565700999830916],[-73.26235800022896,43.56727799991223],[-73.26460199989353,43.56819500022926],[-73.2641630004007,43.569135999724594],[-73.26648900008104,43.569868000129716],[-73.2675279996235,43.56899999999596],[-73.26753900039245,43.56998099979529],[-73.26898800001374,43.569929000033135],[-73.26929000013753,43.570506000011044],[-73.2674580002016,43.57087300019018],[-73.26845200043653,43.57143399990352],[-73.26753199982146,43.57181099978215],[-73.26793199985453,43.57224999974321],[-73.26970000021633,43.571770000142756],[-73.27375300025062,43.57265699974685],[-73.27780700010979,43.57462899993727],[-73.28085800041153,43.57357800011609],[-73.28129600007945,43.57757900018908],[-73.28359199962256,43.57808300015447],[-73.28491200027072,43.57927200014541],[-73.29003999983244,43.5776730003012],[-73.29202099973129,43.5785880000334],[-73.29412800002682,43.57847400001849],[-73.29529200014106,43.576782000008535],[-73.29566799988469,43.57863299984284],[-73.29732400009351,43.5793729997671],[-73.29210899959483,43.58454399980363],[-73.29694400015191,43.587314000064666],[-73.29328000028008,43.59254700027866],[-73.29267900040554,43.597088000282646],[-73.29101899999876,43.59923500002415],[-73.29264599989527,43.60133999974842],[-73.29221599972496,43.60255499976657],[-73.29374200023743,43.60520300011765],[-73.2980200004026,43.610028000024315],[-73.30028499998357,43.6108059997094],[-73.30160700028155,43.60950299970824],[-73.3027720002207,43.60977700002372],[-73.300850999698,43.61345800031608],[-73.30113399955522,43.616018999940586],[-73.30037799987,43.61780300006162],[-73.3029899997806,43.62052399987906],[-73.30207599991161,43.62310800022768],[-73.30255299993759,43.625708999719805],[-73.3064400002905,43.62833299969151],[-73.30747100033535,43.62799999998722],[-73.3102289998358,43.62422900004851],[-73.31117299984201,43.62409199980578],[-73.31731499973016,43.62708100015794],[-73.31785000038077,43.62849900012817],[-73.319928000364,43.6273330001784],[-73.32449199986111,43.62751499986124],[-73.3277020001715,43.62591399992068],[-73.33128999987537,43.62607400000406],[-73.3341870001913,43.627994000297846],[-73.33421800015347,43.62691900000492],[-73.33736499981636,43.62632400017581],[-73.34006799996354,43.624646999690086],[-73.34157799968419,43.62473900020104],[-73.34284200025586,43.62650600031272],[-73.34451000016026,43.62627700009024],[-73.34875300016532,43.62145799968638],[-73.35123200000652,43.622502000066994],[-73.35426999988947,43.626189999765664],[-73.36556299980387,43.623440999721],[-73.36890000033588,43.62471099969289],[-73.37188999963995,43.624490000055076],[-73.37248700021485,43.622752000137346],[-73.36984000014414,43.61939200031197],[-73.37559500041797,43.613351000153635],[-73.37603700028386,43.61211700006487],[-73.37422600026434,43.61019700003069],[-73.37638600026331,43.60882400026526],[-73.37316300043244,43.607247999821745],[-73.37246899977318,43.60484799983684],[-73.3734429999166,43.60329200019694],[-73.37763599969296,43.60022800006348],[-73.37736999955418,43.59839799982313],[-73.3802710000681,43.597904999760495],[-73.38160099986369,43.59848799971792],[-73.38348999970101,43.59736600021221],[-73.38171499966649,43.592963000266835],[-73.38213800016412,43.59182399976194],[-73.38690099985287,43.590770000066726],[-73.38625300012266,43.58841099994888],[-73.38246500040226,43.58657799987104],[-73.38525100039014,43.583262999759434],[-73.38271099955125,43.57919599993822],[-73.3832849996616,43.57720000012449],[-73.38493500002265,43.57511400030451],[-73.39079400005356,43.57418300024466],[-73.39189100022064,43.57294899987302],[-73.39167299976243,43.57011999971516],[-73.39516900030311,43.569618999968654],[-73.3957679996295,43.56808699987378],[-73.3981259999952,43.568065000139256],[-73.40391100040628,43.57033100023065],[-73.41696500011149,43.57773100003411],[-73.42038399976097,43.58149499971804],[-73.42863700014259,43.583994000103],[-73.4312289999617,43.58828500017004],[-73.42161599964727,43.60302300002168],[-73.42370899969909,43.612356999824435],[-73.4176689999182,43.621687000058195],[-73.42841899968438,43.635452999691],[-73.4264629998999,43.64259899968396],[-73.42402699971639,43.64540299997737],[-73.41857399956633,43.648050999924905],[-73.41551300011716,43.652451000108364],[-73.41454599964642,43.65820899985159],[-73.40806200034984,43.66943799973288],[-73.40777699994449,43.6725189998679],[-73.40412700031635,43.68133999997075],[-73.4034750003882,43.68469500019585],[-73.4052429998517,43.6883679998859],[-73.40473900006155,43.69021399995136],[-73.402194999923,43.69301100023386],[-73.39833199985954,43.69462500007656],[-73.39551699955933,43.69683099971142],[-73.39275999988378,43.70203799995997],[-73.38876200010111,43.706405000304684],[-73.38816700007435,43.70850900018862],[-73.38588300022681,43.71133700000237],[-73.37775600024187,43.71771299977136],[-73.37061199972288,43.72532900015874],[-73.36991600031212,43.72878900018998],[-73.37072399987588,43.73557000026996],[-73.36994399990121,43.7438549998807],[-73.3546439999833,43.76456399996179],[-73.35076199965323,43.77138699996259],[-73.35536200003368,43.77792700013409],[-73.35815399986933,43.78647499998087],[-73.36405899993103,43.791215000106554],[-73.37679299996908,43.79915799985296],[-73.37819599955962,43.80593000013174],[-73.3807220001548,43.81081900003717],[-73.389564999642,43.817040000133225],[-73.39251700020954,43.82134000026343],[-73.39225000024585,43.82482899987162],[-73.3881920001887,43.8326549998341],[-73.38309499969081,43.83648199980899],[-73.37666300027276,43.839434000084],[-73.37258900032208,43.845353999755986],[-73.37362700003962,43.8475210002183],[-73.38024900032678,43.85192300020511],[-73.38200400026983,43.8541129998602],[-73.38230899986833,43.856057999747186],[-73.37935499965097,43.86464299991549],[-73.37434400026513,43.87430799973775],[-73.37416199979191,43.87624099980685],[-73.38369399991551,43.89128399982406],[-73.39617900043157,43.90326400021884],[-73.40236399997741,43.919906000117265],[-73.40855400044443,43.93189400006909],[-73.40855400044443,43.93731000006486],[-73.40564600025783,43.94806899971769],[-73.40573599977118,43.955931999895654],[-73.40706899993984,43.96817199993912],[-73.41204800043697,43.977603999882575],[-73.41251000039432,43.982216000018376],[-73.40600899958267,44.01141700005607],[-73.40589899997782,44.015340999947256],[-73.4076449997,44.02111099985101],[-73.41038499965713,44.02650300022863],[-73.41251200004416,44.028346000107796],[-73.42288199986874,44.032547999861805],[-73.42689899991801,44.036692000020594],[-73.43672899996741,44.04263300025549],[-73.43790499977723,44.04512499981518],[-73.43112199983159,44.067766000115945],[-73.42971800041614,44.078586000271216],[-73.41521500019134,44.10134399985355],[-73.41393300007633,44.107845000008865],[-73.41151199996143,44.11195199991209],[-73.41202699962226,44.11963100004261],[-73.41404900042728,44.12408199968593],[-73.41416200040518,44.128158999794785],[-73.41613800028115,44.132355000092495],[-73.41197200026899,44.13777999989648],[-73.40812699974886,44.13989699980972],[-73.40304500021789,44.144983999859484],[-73.40214600041752,44.14805999981497],[-73.4028769999884,44.15048300008862],[-73.40029100001706,44.15436300025583],[-73.39885699956608,44.16191499991818],[-73.39581299983536,44.16626599991444],[-73.3974919996104,44.1709119998461],[-73.39717100011835,44.17383800010537],[-73.39465299991907,44.177377000304844],[-73.39087600006933,44.179350000136616],[-73.38982400010808,44.18175699985184],[-73.39090700003146,44.188109999742615],[-73.39062499999916,44.191068000083554],[-73.38889299962236,44.19261900021461],[-73.38458199984522,44.19319299971034],[-73.38193499977451,44.19773399991719],[-73.37480200002452,44.200243000089486],[-73.3708650003412,44.20452700023523],[-73.36226600035315,44.20851800023396],[-73.3622200003224,44.212460999999685],[-73.35622400002413,44.21895600026201],[-73.35537700010231,44.22315700000692],[-73.35137900031962,44.22597999976024],[-73.35047899979602,44.22989299970564],[-73.34283499968484,44.23444599968851],[-73.34337600018324,44.238190000081104],[-73.33640300026678,44.23978100000924],[-73.33037500018146,44.24431199988114],[-73.32465300041791,44.243517000300734],[-73.32371500025948,44.24415999984496],[-73.32306699963095,44.24789600004653],[-73.31960299977565,44.24990900005544],[-73.3127410001873,44.26541099975324],[-73.31091400027425,44.27429799972694],[-73.31220999973465,44.28006899968688],[-73.31676699955906,44.287727999806584],[-73.32012400018256,44.295908999712815],[-73.3241949997602,44.31003300010252],[-73.32402099968292,44.33383500017997],[-73.32735300019205,44.34436000014571],[-73.33464800032378,44.35687900002308],[-73.33495000044756,44.364440000133946],[-73.33361300008097,44.37229999996376],[-73.33039600009786,44.375999999717955],[-73.32098100015016,44.38268500011661],[-73.31504000010344,44.38852600024591],[-73.30959899964897,44.404505000234906],[-73.29605200002425,44.42833400001492],[-73.29362699971139,44.43890300019714],[-73.29522500019391,44.44588299984789],[-73.30012500015,44.45471099990222],[-73.29870599976763,44.46445299999175],[-73.29916100005231,44.472909999752744],[-73.30065800025247,44.478558999908316],[-73.30442900025444,44.48573900013031],[-73.30498200044839,44.49258999973617],[-73.30671300010198,44.50033499978849],[-73.3128740002567,44.50724399995363],[-73.32084600043093,44.51362999990692],[-73.32203899995916,44.5252859999063],[-73.32394100021529,44.527112999932655],[-73.32852200032914,44.528468999871755],[-73.32974599981952,44.529565000212564],[-73.3316079998927,44.53591999996443],[-73.33900599995657,44.543300999950944],[-73.33875200041167,44.5480460002115],[-73.34400100034722,44.552508999856315],[-73.35678899991366,44.5579190000975],[-73.36008799991251,44.56254700004961],[-73.36734299986125,44.56760499981051],[-73.37030100027658,44.57201299989187],[-73.37495000016253,44.575816999964005],[-73.375667000388,44.58203800006886],[-73.38184899956079,44.589316000005],[-73.38164000022175,44.59058299996628],[-73.37680600038789,44.595456000171545],[-73.3768490000456,44.599598999864],[-73.38072499962954,44.60524000002144],[-73.3829320003825,44.61218399976037],[-73.38981999991012,44.617211000271844],[-73.39023099981387,44.618353999715936],[-73.3873460000918,44.623672999815774],[-73.38649699962183,44.62692500030936],[-73.38589900012033,44.63104400030864],[-73.38716899964146,44.63554300015306],[-73.3867829998521,44.636369999993235],[-73.37855999960767,44.64147600021845],[-73.38448300011102,44.64668300028778],[-73.37831699993343,44.652164999699025],[-73.37801300015983,44.65384599974676],[-73.37907299961867,44.65677200012652],[-73.37457699989362,44.66189000012685],[-73.37306200015011,44.6627129997278],[-73.37058900015667,44.66251800021082],[-73.36966799971668,44.663478000149155],[-73.3700639995518,44.66607100005666],[-73.37271900001842,44.668739000056895],[-73.37101000010615,44.67276299986593],[-73.37184299978428,44.676956999725206],[-73.36720899996696,44.678514000028414],[-73.36741400000638,44.6812929997825],[-73.37014200026792,44.68485500009441],[-73.3652969996651,44.68754799981514],[-73.36130800010325,44.694523999896056],[-73.36174400012133,44.69581999990743],[-73.36524899998452,44.69656999970203],[-73.36597700008066,44.69755899978671],[-73.36506900005946,44.725647000063844],[-73.36556199997896,44.74178600005549],[-73.36379199996733,44.745254000232165],[-73.35767099999558,44.75101800029647],[-73.35436100012608,44.755295999783634],[-73.34708500026092,44.77298000005335],[-73.3442609997399,44.776280000274504],[-73.3357129998055,44.782085999871654],[-73.33377100026472,44.78519200009355],[-73.33315399959834,44.788759000077214],[-73.33375000034832,44.79788000024594],[-73.33504400015889,44.804109000129486],[-73.34090599966456,44.8083560000244],[-73.34508000007264,44.81301500017206],[-73.35020000013677,44.816393999804525],[-73.35347200037145,44.8203859997252],[-73.3682750001719,44.82800700008904],[-73.3713299997733,44.83074199974038],[-73.37534599999765,44.83630699989517],[-73.37945199973537,44.83801000019156],[-73.37944699971248,44.843461000098024],[-73.38133600044813,44.84468300029302],[-73.3803210002968,44.847172999878644],[-73.38158999999303,44.84935399982125],[-73.37954499962177,44.851650999923905],[-73.37982199963122,44.857038000239115],[-73.37748199970719,44.85815100028815],[-73.3757090002208,44.860745999919324],[-73.37196800035606,44.86241499983001],[-73.36910399965207,44.86668099983128],[-73.36032800011202,44.89723600008283],[-73.35621800017636,44.90449199984075],[-73.3506520000484,44.90963399989124],[-73.34110599968109,44.91463199977398],[-73.33897900019237,44.9176809999156],[-73.33848299989984,44.92411200026195],[-73.33960299963314,44.943370999712236],[-73.33790700013965,44.960541999701746],[-73.33824400042356,44.96475100008612],[-73.35021799968013,44.976222000163126],[-73.35288599966721,44.98064400014115],[-73.35463300011263,44.987352000148476],[-73.35342899981542,44.99016500004515],[-73.35018800044121,44.99430399976359],[-73.34317799981652,45.01071300007722],[-73.47184299996998,45.00840300009991],[-73.65024800037446,45.00300100002612],[-73.75636500033396,45.00314000016605],[-73.8414150004061,45.002135999718924],[-74.15013500042677,44.99136000024153],[-74.33654700026726,44.99201700022359],[-74.46537399990413,44.997224000043396],[-74.57565299967781,44.99908300022267],[-74.66120200041557,44.999444000024994],[-74.66305899956754,44.99892300014065],[-74.67052699995162,45.00628599979819],[-74.67327299975652,45.00084199978785],[-74.68396599962131,44.99969000019905],[-74.70201899991513,45.003322000223186],[-74.72257299979148,44.99806400022851]]],[[[-74.04074700005752,40.700166999949325],[-74.03993100009782,40.69859000003386],[-74.03837199997338,40.698668999999704],[-74.03893600003799,40.69965500017506],[-74.04074700005752,40.700166999949325]]],[[[-74.04720699996298,40.69089299981986],[-74.04624799988815,40.689319000181996],[-74.04361900025911,40.68876000021331],[-74.04388500039789,40.69018500002999],[-74.04720699996298,40.69089299981986]]]]}},{"type":"Feature","properties":{"state":"VT","name":"Vermont"},"geometry":{"type":"Polygon","coordinates":[[[-72.03959200004327,44.15721500001876],[-72.04308699986069,44.156551999876584],[-72.04394100035353,44.15778000001834],[-72.04229299964231,44.16204500021596],[-72.0471909999486,44.16163300017128],[-72.04894599989163,44.16524100027669],[-72.05182999978878,44.166499999739905],[-72.05833099970212,44.18132400012587],[-72.0661580001114,44.19012799996984],[-72.0643270000004,44.197573999774114],[-72.06037500024847,44.19982499999227],[-72.05874300032909,44.20202999970788],[-72.05775099974399,44.20583700005028],[-72.05874300032909,44.20724099977897],[-72.05816199964772,44.20819400008724],[-72.0598560003897,44.20978100027039],[-72.05947499972487,44.21056000020295],[-72.05839199980149,44.211788000060096],[-72.05536999981207,44.21283299984706],[-72.05257799997639,44.217829999851894],[-72.05381400006065,44.222857999778995],[-72.05363099976256,44.22534500014354],[-72.04766399977662,44.23895600023932],[-72.05012099987653,44.24431199988114],[-72.05472999957948,44.24787499981185],[-72.05970400005373,44.256365999776534],[-72.0602720003163,44.26070299994005],[-72.06152000009612,44.261072999720724],[-72.05945999965626,44.261997000181346],[-72.0607719999085,44.26185099991599],[-72.06165700036347,44.26355299991768],[-72.06098600016875,44.26323299981487],[-72.05948999979348,44.26576500017056],[-72.05964299995436,44.26396499971253],[-72.05860500023682,44.26505600008879],[-72.05881899959876,44.2671159998605],[-72.060054999683,44.26758900005029],[-72.05833099970212,44.27008300026785],[-72.06296000039488,44.26911899997525],[-72.06475399979766,44.26768800025161],[-72.06574600038276,44.26865700028012],[-72.06713499972956,44.26823700027152],[-72.06847799994395,44.27080099971527],[-72.06785199995508,44.27340199983063],[-72.06438899992467,44.27932299971928],[-72.05863600019896,44.286501999848916],[-72.05346300043139,44.290354999820536],[-72.04638300038482,44.291995000200885],[-72.0440019995546,44.295337000111985],[-72.03852400018849,44.296443000158696],[-72.03287799969459,44.30216499969774],[-72.03229899956136,44.30398000030754],[-72.03255800002745,44.310304999756625],[-72.03141300017978,44.31524899972793],[-72.03360999998868,44.31714099981191],[-72.03280200042492,44.32048999992246],[-72.02900200011064,44.322383000038805],[-72.01925200042716,44.320193000308265],[-72.0090890002918,44.322222000055014],[-71.98813799985709,44.330064999847814],[-71.98647499997558,44.331491999790416],[-71.98465899993319,44.33601599968962],[-71.98142400040673,44.33736599995461],[-71.96303700020208,44.33651199981218],[-71.95713100031548,44.337495999824505],[-71.94559499982851,44.337709999882016],[-71.93921699993884,44.33586299993471],[-71.93404400017126,44.33600099998328],[-71.92909999983422,44.337626000048594],[-71.92522500007519,44.341852999781345],[-71.91721299971799,44.346635999891255],[-71.91242200044015,44.348124000167886],[-71.90535699956389,44.34822300017364],[-71.90056499956282,44.347041000028405],[-71.89330200011645,44.343775000132545],[-71.88654199973703,44.342524000302014],[-71.8777529997782,44.33844999994563],[-71.87158800032383,44.33667999998026],[-71.86313400010074,44.339898999998304],[-71.85284999959157,44.3409220001879],[-71.84302299991519,44.34470600003288],[-71.83308900010869,44.35023699973434],[-71.81584599992676,44.3540059999298],[-71.81316000039632,44.35553900022136],[-71.81241300003362,44.357324999968576],[-71.81628899961757,44.367403000013574],[-71.8158769998889,44.36859299993363],[-71.8123209999721,44.37163699969116],[-71.81567799969729,44.37502499973796],[-71.81442700044272,44.38192200026372],[-71.8091319995781,44.383760000216284],[-71.80307400025384,44.38327999999822],[-71.80057199994812,44.38402799987244],[-71.79988499985986,44.38607200017814],[-71.80342499988313,44.39027600022592],[-71.80348799963232,44.39188999970192],[-71.80220499969239,44.39354900013306],[-71.79448299976342,44.39900400014003],[-71.7908210004397,44.40024699984781],[-71.77844600042685,44.39983500000729],[-71.76738299976789,44.40572499987886],[-71.76196599960284,44.40702700001131],[-71.75609099967839,44.40640099979411],[-71.74846099981092,44.40143799972566],[-71.74372599971127,44.401026999869124],[-71.74202799966965,44.40165000004235],[-71.7382159996598,44.40817100003921],[-71.7354129999535,44.410004999881274],[-71.72574299973763,44.410963999750656],[-71.714279000119,44.40954499968348],[-71.70258000032374,44.413542000301724],[-71.69413000029861,44.41939100008644],[-71.68428500018057,44.42364500028499],[-71.68270099994177,44.4273400000356],[-71.6803309998805,44.42771400024166],[-71.67785299986421,44.42648600005262],[-71.67696699958432,44.426848000185174],[-71.67595099960808,44.428905999709585],[-71.67928200029232,44.43433700014405],[-71.67796199964415,44.43525500007517],[-71.66554599962339,44.43671199993418],[-71.66088300039208,44.43993699968091],[-71.65775599992234,44.44555199983723],[-71.65637099987516,44.455159000249644],[-71.65421699972399,44.458823000081175],[-71.65169299967692,44.46087200014395],[-71.64426600019904,44.460250000241984],[-71.63898600030136,44.464410999938295],[-71.63962700035886,44.46635100017672],[-71.64697699984384,44.46994499979046],[-71.64761700007645,44.4716289999244],[-71.64683700010177,44.47320200029861],[-71.64230799986642,44.47650100016044],[-71.63896700003478,44.477467999970585],[-71.63585100033403,44.48047099969159],[-71.63461500024977,44.4804620002755],[-71.6327819995906,44.48379600017395],[-71.62686099963543,44.48402499971436],[-71.62505999966163,44.48299500006165],[-71.62466300000159,44.48174400025244],[-71.62763800013535,44.47967599998146],[-71.63343699989183,44.47821100024387],[-71.63423000028529,44.4788439998668],[-71.6349630004043,44.4766999997221],[-71.63450499974658,44.47562500007325],[-71.63178900007892,44.47402299973645],[-71.6262050004076,44.474466000141426],[-71.6245569996964,44.475183000088066],[-71.62112299997831,44.48174400025244],[-71.61784300024604,44.485841000014396],[-71.61558399961451,44.485977999992826],[-71.6095260002903,44.484200000212475],[-71.60063000020133,44.485680999777315],[-71.59860099972362,44.48682499980245],[-71.59779099961169,44.48976200013133],[-71.5952130000363,44.49340900006886],[-71.59460999961361,44.500035999939925],[-71.59388499989053,44.50103100026637],[-71.59101699988689,44.50110700024622],[-71.58943000017335,44.49822300008649],[-71.58706500013496,44.49842199988107],[-71.58592000028729,44.49936000017382],[-71.58695800000483,44.501770999869066],[-71.58623999995444,44.50344900019021],[-71.58828500032568,44.505189000181744],[-71.58813299998971,44.506585000167014],[-71.58576799995134,44.50618799994845],[-71.58471500016518,44.50318999978641],[-71.58292900026002,44.50219800018278],[-71.57974099969091,44.501503999828785],[-71.57702400019832,44.50206099986164],[-71.57694800003034,44.50431200024123],[-71.58285300009203,44.50817999983535],[-71.58630199987871,44.514672000110785],[-71.59193199958078,44.51790700024183],[-71.59411400021939,44.52155399987722],[-71.59258699988197,44.52326099984111],[-71.5862859999852,44.52234699985101],[-71.58074699962141,44.52459800009849],[-71.57349900024366,44.53314300011335],[-71.57186700032427,44.53791900018371],[-71.5766419997086,44.542359000294745],[-71.58688100001194,44.547149999929616],[-71.59858599965499,44.55479499996402],[-71.59696799997931,44.55947100018657],[-71.59493799967669,44.56291999970532],[-71.58957800031136,44.56573700012766],[-71.58277699992405,44.56488800002115],[-71.57612399967475,44.565078999901104],[-71.56823500023948,44.56275999981816],[-71.55971700044232,44.56397500024505],[-71.55822500026501,44.56537699975472],[-71.55915599985242,44.56813799992972],[-71.55771100042911,44.57040400004537],[-71.55131199972472,44.56911499989875],[-71.5493740003819,44.56964099976007],[-71.54772599967067,44.571380999708275],[-71.54844399972107,44.572982999944735],[-71.5526549999391,44.575844000118266],[-71.55480599971725,44.57936899983363],[-71.55483699967938,44.58077300016478],[-71.55236500040917,44.584392999991174],[-71.55025899993856,44.58379399972583],[-71.55167900014584,44.58077999996481],[-71.54966399991181,44.57832299982709],[-71.54578800032786,44.57793399989558],[-71.53846399988383,44.5821309999817],[-71.53738099996043,44.58335899973943],[-71.5368920002389,44.585731000153395],[-71.53490899979192,44.58789800018244],[-71.53806700022379,44.58742800009385],[-71.54005099959736,44.58852399976716],[-71.54005099959736,44.5899129998554],[-71.53786899985707,44.592262000138746],[-71.53849400002105,44.594170000243],[-71.54412500044634,44.591048999948306],[-71.54689299999255,44.590837000032636],[-71.54740600000353,44.59219400030534],[-71.54528500036261,44.59502399991379],[-71.54597199955256,44.597130000100954],[-71.55285300030582,44.593307000272134],[-71.55518800020698,44.59334600006028],[-71.55421099969048,44.59535199997655],[-71.55415100031435,44.59796100000931],[-71.55060999956785,44.599693000201704],[-71.55094600002683,44.60101999989443],[-71.55727899971066,44.599381000060525],[-71.56042100024901,44.59976900002337],[-71.5621309999862,44.601180999769724],[-71.56176399956507,44.6031340002118],[-71.55585900040171,44.6037060000846],[-71.55363099973236,44.60613199997727],[-71.55376899982461,44.609144999805665],[-71.55654599959165,44.61774400027084],[-71.55512700010762,44.62524400011239],[-71.55299100039808,44.625183000086786],[-71.55044200023667,44.62313000016373],[-71.54786299993803,44.62224500031662],[-71.5467339999839,44.6222140000203],[-71.54633700032385,44.622955000075606],[-71.54800100003028,44.62513699972114],[-71.55151099991633,44.625197999795084],[-71.5531129996985,44.62700599983762],[-71.55692700025648,44.62741800019538],[-71.557019000318,44.629485999864855],[-71.55448600005009,44.62953199998063],[-71.5515710001908,44.62775399999812],[-71.55210400029327,44.62731400031891],[-71.54693099962738,44.628550000125784],[-71.54681900037272,44.629756000217974],[-71.54950999992602,44.63090300009279],[-71.55214000027827,44.630082000097566],[-71.55375600030413,44.63042599988329],[-71.55818699973186,44.63427500029211],[-71.56372100007277,44.637247000148975],[-71.56377499960114,44.638942999799234],[-71.55970400002352,44.63929799995612],[-71.55779000007185,44.64195999982623],[-71.55879000015453,44.64421900029616],[-71.5619619999318,44.64718899980102],[-71.56199999956662,44.65057900005115],[-71.5628060003789,44.65235599973037],[-71.56579400003312,44.65385200024588],[-71.56705299968361,44.653348999703965],[-71.56902500025993,44.65028999989512],[-71.57331599994555,44.64996099997253],[-71.57708100009974,44.650686000188145],[-71.58007100030211,44.65209899992334],[-71.57525900020956,44.65310200014657],[-71.57442999983107,44.654203000245026],[-71.57521499982863,44.65582999994255],[-71.57741199963753,44.656145999874305],[-71.57992599963885,44.65535599969164],[-71.58272199967246,44.65589099970555],[-71.5873649997106,44.65971500016538],[-71.58766799965932,44.66109900029138],[-71.5853710002913,44.66276699977297],[-71.58493299972505,44.66405400002085],[-71.58542599964456,44.666621000095894],[-71.58787699989668,44.66993199976851],[-71.58256600003686,44.671608999907896],[-71.58146300002198,44.673204000243224],[-71.58304399988774,44.67441599999153],[-71.58774800002526,44.67447900009661],[-71.59083100011405,44.67662000027546],[-71.59322999958931,44.67667200012317],[-71.59661499980191,44.67808799990612],[-71.59662300019782,44.679055999783124],[-71.5941500002044,44.68153300016747],[-71.59395900040869,44.68342499985727],[-71.59656399974828,44.687323999837226],[-71.59793700009988,44.69222199990339],[-71.59649699980113,44.6946090002623],[-71.5941080003716,44.69526699982279],[-71.59386099960108,44.69641499994482],[-71.60076999994341,44.69901700004422],[-71.60088700011927,44.700100999696716],[-71.59858900002804,44.703241000150264],[-71.59939199956895,44.70531500014723],[-71.60501399977339,44.70840999968797],[-71.6085200003598,44.7139560002074],[-71.61251200029471,44.716673000235744],[-71.61254800027973,44.71918599990273],[-71.61864400013711,44.72219300017957],[-71.61710699975397,44.72871199971942],[-71.61907900033029,44.72903500026831],[-71.62358299955295,44.72731600002337],[-71.62609300025461,44.728543000153905],[-71.62600399966784,44.73369399998606],[-71.62493599981308,44.73681100022516],[-71.62641100027193,44.74050999980873],[-71.625092000347,44.74336099972923],[-71.62733000016378,44.747331000079875],[-71.63149600017594,44.74883500005272],[-71.6320200000576,44.752058999887964],[-71.62991899960984,44.753578000264476],[-71.62518900043138,44.75384299997303],[-71.62115700031349,44.755772000041325],[-71.61666900008605,44.75629899976274],[-71.6128560002513,44.7589979998219],[-71.61310099957537,44.76119999971604],[-71.61135499985318,44.76532900023763],[-71.60621300004773,44.76681899995916],[-71.602873000041,44.76926099981707],[-71.60054700036068,44.77293400025591],[-71.59509900023347,44.77540500007531],[-71.59466400004028,44.77647699976835],[-71.59584400004806,44.77823899979317],[-71.59564099965846,44.77931200026702],[-71.59248599959965,44.782668999946814],[-71.58307999987275,44.78518200025956],[-71.57918199964918,44.78493600022784],[-71.57586199973393,44.789257999816016],[-71.57281700017828,44.79087099982585],[-71.57116000014454,44.79431399999119],[-71.5726299996822,44.79677300015662],[-71.57279999956152,44.79920600007158],[-71.56838400020241,44.80704000004349],[-71.572903000392,44.81124099968741],[-71.57641699957769,44.812730000143574],[-71.57686500018968,44.81519699994443],[-71.57315100008913,44.820823000307406],[-71.56531399963409,44.82410000023947],[-71.56377600032437,44.82294600013432],[-71.5618360004334,44.82362500024223],[-71.55725399959631,44.83387300016582],[-71.55332799978365,44.83516399978051],[-71.5511140002563,44.83696500030335],[-71.55070400017749,44.83929300024338],[-71.55157700003859,44.84275699978669],[-71.55548199993486,44.847006000181814],[-71.55579400010438,44.848566999953604],[-71.55382999992398,44.851366999692345],[-71.54745200003428,44.85539799998863],[-71.54731300011711,44.85638100024443],[-71.54974699975249,44.85969600000015],[-71.54945100037479,44.86208400011812],[-71.54592300004708,44.86593200008428],[-71.53992799957372,44.868477999836294],[-71.53596999997399,44.86874299992655],[-71.53291100017465,44.870221999982256],[-71.52875100001026,44.87349399968691],[-71.52837199989358,44.877712000075114],[-71.52257700033506,44.879643000308775],[-71.51895600012094,44.884663999799905],[-71.51608499974425,44.88452299972447],[-71.5151240000196,44.88703700028386],[-71.51066900030243,44.890430000255314],[-71.51326699996932,44.892230000086045],[-71.51388299991248,44.89431100012727],[-71.5082730003019,44.89652000019656],[-71.50737199995339,44.89948899992786],[-71.50327700008633,44.901503999692096],[-71.5005229998855,44.904713000205014],[-71.49660899976841,44.903603000237716],[-71.49490999990189,44.90429900001666],[-71.49469099961877,44.905546000206435],[-71.49595099999246,44.90735999988244],[-71.4960170001147,44.908897999777906],[-71.49308200016391,44.91039400004116],[-71.49316900020256,44.91137000009292],[-71.49460299975523,44.91187899996863],[-71.4999449995772,44.91117400019229],[-71.50070000033583,44.91462800029532],[-71.5043800001012,44.91918300025429],[-71.51249600021548,44.926203000270796],[-71.51572300024432,44.927231999685446],[-71.5154400003871,44.92814699987504],[-71.51322199976349,44.92921099984599],[-71.51586800000928,44.931714999865015],[-71.51622799985938,44.93515800001827],[-71.51998200014292,44.93690999981756],[-71.52283799955265,44.93991500009581],[-71.52129699986988,44.94062499992339],[-71.520959999586,44.93891899998304],[-71.51989599992919,44.938487999699326],[-71.51706800010852,44.93911699983001],[-71.51479000010875,44.94369499987899],[-71.51779500037975,44.944993999835475],[-71.5167579995888,44.94841700019025],[-71.51924099962798,44.94961999995253],[-71.51585700013861,44.95275800022402],[-71.51500099999596,44.958596999717976],[-71.5162990000045,44.964404000125974],[-71.51978499960111,44.96349100017426],[-71.52359499996113,44.964118999852644],[-71.51795500021332,44.96765499989088],[-71.52291999956842,44.96615599977047],[-71.52311399973719,44.96794399997254],[-71.52195299999599,44.969188999789445],[-71.52326500024824,44.96992100021093],[-71.52552499980634,44.96962399972582],[-71.52744700015394,44.97318699972571],[-71.53117899979785,44.97501499977647],[-71.53297100044911,44.97989300004541],[-71.53719699983743,44.98073199993918],[-71.53675499997155,44.98389899983404],[-71.54133299971237,44.98393700019081],[-71.54131699981885,44.98530199986583],[-71.53864700018194,44.987256000068726],[-71.5384329999217,44.98970399984613],[-71.53313799995536,44.99085700004814],[-71.53353499961541,44.99165000025897],[-71.5368010000023,44.99240499986183],[-71.53701400043764,44.99348099974665],[-71.53490100029433,44.99574099983165],[-71.5317470000604,44.99732499987451],[-71.53040300002112,44.99936400022625],[-71.52445399957853,45.00206699994928],[-71.5211780000442,45.00208799969463],[-71.51403600007335,45.004384000166105],[-71.50853799971745,45.00789100000399],[-71.50437000005546,45.00827300021629],[-71.5008810000858,45.006694999960274],[-71.4984170003132,45.00394399971834],[-71.49534300044525,45.004601999976074],[-71.49418400035388,45.00309699977494],[-71.4908910002028,45.00242500006054],[-71.48883900015885,45.00078199982524],[-71.48584700030665,45.00226400001052],[-71.48076800025041,45.002269999917935],[-71.47967799975603,45.00320300010469],[-71.47845799956528,45.00748600012237],[-71.47634799979502,45.009426000251196],[-71.46673799985362,45.0115989998661],[-71.46547500000518,45.01229900010095],[-71.46504999985775,45.01363800026322],[-71.7541120003277,45.0113349999763],[-71.91397099962053,45.007611000218844],[-71.94573100027095,45.008283000071266],[-72.05428400041394,45.00621699994574],[-72.17302900010631,45.005839000107606],[-72.3119469999085,45.0037869997467],[-72.33401300005363,45.00506800026666],[-72.45043500043869,45.00856400004511],[-72.55538400008598,45.00802300009941],[-72.58474000033995,45.01156900012757],[-72.63465999961771,45.01469100028778],[-72.84698499977328,45.01665800001635],[-72.96686699981568,45.014142000090914],[-73.06534999970975,45.01595600001615],[-73.34317799981652,45.01071300007722],[-73.35018800044121,44.99430399976359],[-73.35342899981542,44.99016500004515],[-73.35463300011263,44.987352000148476],[-73.35288599966721,44.98064400014115],[-73.35021799968013,44.976222000163126],[-73.33824400042356,44.96475100008612],[-73.33790700013965,44.960541999701746],[-73.33960299963314,44.943370999712236],[-73.33848299989984,44.92411200026195],[-73.33897900019237,44.9176809999156],[-73.34110599968109,44.91463199977398],[-73.3506520000484,44.90963399989124],[-73.35621800017636,44.90449199984075],[-73.36032800011202,44.89723600008283],[-73.36910399965207,44.86668099983128],[-73.37196800035606,44.86241499983001],[-73.3757090002208,44.860745999919324],[-73.37748199970719,44.85815100028815],[-73.37982199963122,44.857038000239115],[-73.37954499962177,44.851650999923905],[-73.38158999999303,44.84935399982125],[-73.3803210002968,44.847172999878644],[-73.38133600044813,44.84468300029302],[-73.37944699971248,44.843461000098024],[-73.37945199973537,44.83801000019156],[-73.37534599999765,44.83630699989517],[-73.3713299997733,44.83074199974038],[-73.3682750001719,44.82800700008904],[-73.35347200037145,44.8203859997252],[-73.35020000013677,44.816393999804525],[-73.34508000007264,44.81301500017206],[-73.34090599966456,44.8083560000244],[-73.33504400015889,44.804109000129486],[-73.33375000034832,44.79788000024594],[-73.33315399959834,44.788759000077214],[-73.33377100026472,44.78519200009355],[-73.3357129998055,44.782085999871654],[-73.3442609997399,44.776280000274504],[-73.34708500026092,44.77298000005335],[-73.35436100012608,44.755295999783634],[-73.35767099999558,44.75101800029647],[-73.36379199996733,44.745254000232165],[-73.36556199997896,44.74178600005549],[-73.36506900005946,44.725647000063844],[-73.36597700008066,44.69755899978671],[-73.36524899998452,44.69656999970203],[-73.36174400012133,44.69581999990743],[-73.36130800010325,44.694523999896056],[-73.3652969996651,44.68754799981514],[-73.37014200026792,44.68485500009441],[-73.36741400000638,44.6812929997825],[-73.36720899996696,44.678514000028414],[-73.37184299978428,44.676956999725206],[-73.37101000010615,44.67276299986593],[-73.37271900001842,44.668739000056895],[-73.3700639995518,44.66607100005666],[-73.36966799971668,44.663478000149155],[-73.37058900015667,44.66251800021082],[-73.37306200015011,44.6627129997278],[-73.37457699989362,44.66189000012685],[-73.37907299961867,44.65677200012652],[-73.37801300015983,44.65384599974676],[-73.37831699993343,44.652164999699025],[-73.38448300011102,44.64668300028778],[-73.37855999960767,44.64147600021845],[-73.3867829998521,44.636369999993235],[-73.38716899964146,44.63554300015306],[-73.38589900012033,44.63104400030864],[-73.38649699962183,44.62692500030936],[-73.3873460000918,44.623672999815774],[-73.39023099981387,44.618353999715936],[-73.38981999991012,44.617211000271844],[-73.3829320003825,44.61218399976037],[-73.38072499962954,44.60524000002144],[-73.3768490000456,44.599598999864],[-73.37680600038789,44.595456000171545],[-73.38164000022175,44.59058299996628],[-73.38184899956079,44.589316000005],[-73.375667000388,44.58203800006886],[-73.37495000016253,44.575816999964005],[-73.37030100027658,44.57201299989187],[-73.36734299986125,44.56760499981051],[-73.36008799991251,44.56254700004961],[-73.35678899991366,44.5579190000975],[-73.34400100034722,44.552508999856315],[-73.33875200041167,44.5480460002115],[-73.33900599995657,44.543300999950944],[-73.3316079998927,44.53591999996443],[-73.32974599981952,44.529565000212564],[-73.32852200032914,44.528468999871755],[-73.32394100021529,44.527112999932655],[-73.32203899995916,44.5252859999063],[-73.32084600043093,44.51362999990692],[-73.3128740002567,44.50724399995363],[-73.30671300010198,44.50033499978849],[-73.30498200044839,44.49258999973617],[-73.30442900025444,44.48573900013031],[-73.30065800025247,44.478558999908316],[-73.29916100005231,44.472909999752744],[-73.29870599976763,44.46445299999175],[-73.30012500015,44.45471099990222],[-73.29522500019391,44.44588299984789],[-73.29362699971139,44.43890300019714],[-73.29605200002425,44.42833400001492],[-73.30959899964897,44.404505000234906],[-73.31504000010344,44.38852600024591],[-73.32098100015016,44.38268500011661],[-73.33039600009786,44.375999999717955],[-73.33361300008097,44.37229999996376],[-73.33495000044756,44.364440000133946],[-73.33464800032378,44.35687900002308],[-73.32735300019205,44.34436000014571],[-73.32402099968292,44.33383500017997],[-73.3241949997602,44.31003300010252],[-73.32012400018256,44.295908999712815],[-73.31676699955906,44.287727999806584],[-73.31220999973465,44.28006899968688],[-73.31091400027425,44.27429799972694],[-73.3127410001873,44.26541099975324],[-73.31960299977565,44.24990900005544],[-73.32306699963095,44.24789600004653],[-73.32371500025948,44.24415999984496],[-73.32465300041791,44.243517000300734],[-73.33037500018146,44.24431199988114],[-73.33640300026678,44.23978100000924],[-73.34337600018324,44.238190000081104],[-73.34283499968484,44.23444599968851],[-73.35047899979602,44.22989299970564],[-73.35137900031962,44.22597999976024],[-73.35537700010231,44.22315700000692],[-73.35622400002413,44.21895600026201],[-73.3622200003224,44.212460999999685],[-73.36226600035315,44.20851800023396],[-73.3708650003412,44.20452700023523],[-73.37480200002452,44.200243000089486],[-73.38193499977451,44.19773399991719],[-73.38458199984522,44.19319299971034],[-73.38889299962236,44.19261900021461],[-73.39062499999916,44.191068000083554],[-73.39090700003146,44.188109999742615],[-73.38982400010808,44.18175699985184],[-73.39087600006933,44.179350000136616],[-73.39465299991907,44.177377000304844],[-73.39717100011835,44.17383800010537],[-73.3974919996104,44.1709119998461],[-73.39581299983536,44.16626599991444],[-73.39885699956608,44.16191499991818],[-73.40029100001706,44.15436300025583],[-73.4028769999884,44.15048300008862],[-73.40214600041752,44.14805999981497],[-73.40304500021789,44.144983999859484],[-73.40812699974886,44.13989699980972],[-73.41197200026899,44.13777999989648],[-73.41613800028115,44.132355000092495],[-73.41416200040518,44.128158999794785],[-73.41404900042728,44.12408199968593],[-73.41202699962226,44.11963100004261],[-73.41151199996143,44.11195199991209],[-73.41393300007633,44.107845000008865],[-73.41521500019134,44.10134399985355],[-73.42971800041614,44.078586000271216],[-73.43112199983159,44.067766000115945],[-73.43790499977723,44.04512499981518],[-73.43672899996741,44.04263300025549],[-73.42689899991801,44.036692000020594],[-73.42288199986874,44.032547999861805],[-73.41251200004416,44.028346000107796],[-73.41038499965713,44.02650300022863],[-73.4076449997,44.02111099985101],[-73.40589899997782,44.015340999947256],[-73.40600899958267,44.01141700005607],[-73.41251000039432,43.982216000018376],[-73.41204800043697,43.977603999882575],[-73.40706899993984,43.96817199993912],[-73.40573599977118,43.955931999895654],[-73.40564600025783,43.94806899971769],[-73.40855400044443,43.93731000006486],[-73.40855400044443,43.93189400006909],[-73.40236399997741,43.919906000117265],[-73.39617900043157,43.90326400021884],[-73.38369399991551,43.89128399982406],[-73.37416199979191,43.87624099980685],[-73.37434400026513,43.87430799973775],[-73.37935499965097,43.86464299991549],[-73.38230899986833,43.856057999747186],[-73.38200400026983,43.8541129998602],[-73.38024900032678,43.85192300020511],[-73.37362700003962,43.8475210002183],[-73.37258900032208,43.845353999755986],[-73.37666300027276,43.839434000084],[-73.38309499969081,43.83648199980899],[-73.3881920001887,43.8326549998341],[-73.39225000024585,43.82482899987162],[-73.39251700020954,43.82134000026343],[-73.389564999642,43.817040000133225],[-73.3807220001548,43.81081900003717],[-73.37819599955962,43.80593000013174],[-73.37679299996908,43.79915799985296],[-73.36405899993103,43.791215000106554],[-73.35815399986933,43.78647499998087],[-73.35536200003368,43.77792700013409],[-73.35076199965323,43.77138699996259],[-73.3546439999833,43.76456399996179],[-73.36994399990121,43.7438549998807],[-73.37072399987588,43.73557000026996],[-73.36991600031212,43.72878900018998],[-73.37061199972288,43.72532900015874],[-73.37775600024187,43.71771299977136],[-73.38588300022681,43.71133700000237],[-73.38816700007435,43.70850900018862],[-73.38876200010111,43.706405000304684],[-73.39275999988378,43.70203799995997],[-73.39551699955933,43.69683099971142],[-73.39833199985954,43.69462500007656],[-73.402194999923,43.69301100023386],[-73.40473900006155,43.69021399995136],[-73.4052429998517,43.6883679998859],[-73.4034750003882,43.68469500019585],[-73.40412700031635,43.68133999997075],[-73.40777699994449,43.6725189998679],[-73.40806200034984,43.66943799973288],[-73.41454599964642,43.65820899985159],[-73.41551300011716,43.652451000108364],[-73.41857399956633,43.648050999924905],[-73.42402699971639,43.64540299997737],[-73.4264629998999,43.64259899968396],[-73.42841899968438,43.635452999691],[-73.4176689999182,43.621687000058195],[-73.42370899969909,43.612356999824435],[-73.42161599964727,43.60302300002168],[-73.4312289999617,43.58828500017004],[-73.42863700014259,43.583994000103],[-73.42038399976097,43.58149499971804],[-73.41696500011149,43.57773100003411],[-73.40391100040628,43.57033100023065],[-73.3981259999952,43.568065000139256],[-73.3957679996295,43.56808699987378],[-73.39516900030311,43.569618999968654],[-73.39167299976243,43.57011999971516],[-73.39189100022064,43.57294899987302],[-73.39079400005356,43.57418300024466],[-73.38493500002265,43.57511400030451],[-73.3832849996616,43.57720000012449],[-73.38271099955125,43.57919599993822],[-73.38525100039014,43.583262999759434],[-73.38246500040226,43.58657799987104],[-73.38625300012266,43.58841099994888],[-73.38690099985287,43.590770000066726],[-73.38213800016412,43.59182399976194],[-73.38171499966649,43.592963000266835],[-73.38348999970101,43.59736600021221],[-73.38160099986369,43.59848799971792],[-73.3802710000681,43.597904999760495],[-73.37736999955418,43.59839799982313],[-73.37763599969296,43.60022800006348],[-73.3734429999166,43.60329200019694],[-73.37246899977318,43.60484799983684],[-73.37316300043244,43.607247999821745],[-73.37638600026331,43.60882400026526],[-73.37422600026434,43.61019700003069],[-73.37603700028386,43.61211700006487],[-73.37559500041797,43.613351000153635],[-73.36984000014414,43.61939200031197],[-73.37248700021485,43.622752000137346],[-73.37188999963995,43.624490000055076],[-73.36890000033588,43.62471099969289],[-73.36556299980387,43.623440999721],[-73.35426999988947,43.626189999765664],[-73.35123200000652,43.622502000066994],[-73.34875300016532,43.62145799968638],[-73.34451000016026,43.62627700009024],[-73.34284200025586,43.62650600031272],[-73.34157799968419,43.62473900020104],[-73.34006799996354,43.624646999690086],[-73.33736499981636,43.62632400017581],[-73.33421800015347,43.62691900000492],[-73.3341870001913,43.627994000297846],[-73.33128999987537,43.62607400000406],[-73.3277020001715,43.62591399992068],[-73.32449199986111,43.62751499986124],[-73.319928000364,43.6273330001784],[-73.31785000038077,43.62849900012817],[-73.31731499973016,43.62708100015794],[-73.31117299984201,43.62409199980578],[-73.3102289998358,43.62422900004851],[-73.30747100033535,43.62799999998722],[-73.3064400002905,43.62833299969151],[-73.30255299993759,43.625708999719805],[-73.30207599991161,43.62310800022768],[-73.3029899997806,43.62052399987906],[-73.30037799987,43.61780300006162],[-73.30113399955522,43.616018999940586],[-73.300850999698,43.61345800031608],[-73.3027720002207,43.60977700002372],[-73.30160700028155,43.60950299970824],[-73.30028499998357,43.6108059997094],[-73.2980200004026,43.610028000024315],[-73.29374200023743,43.60520300011765],[-73.29221599972496,43.60255499976657],[-73.29264599989527,43.60133999974842],[-73.29101899999876,43.59923500002415],[-73.29267900040554,43.597088000282646],[-73.29328000028008,43.59254700027866],[-73.29694400015191,43.587314000064666],[-73.29210899959483,43.58454399980363],[-73.29732400009351,43.5793729997671],[-73.29566799988469,43.57863299984284],[-73.29529200014106,43.576782000008535],[-73.29412800002682,43.57847400001849],[-73.29202099973129,43.5785880000334],[-73.29003999983244,43.5776730003012],[-73.28491200027072,43.57927200014541],[-73.28359199962256,43.57808300015447],[-73.28129600007945,43.57757900018908],[-73.28085800041153,43.57357800011609],[-73.27780700010979,43.57462899993727],[-73.27375300025062,43.57265699974685],[-73.26970000021633,43.571770000142756],[-73.26793199985453,43.57224999974321],[-73.26753199982146,43.57181099978215],[-73.26845200043653,43.57143399990352],[-73.2674580002016,43.57087300019018],[-73.26929000013753,43.570506000011044],[-73.26898800001374,43.569929000033135],[-73.26753900039245,43.56998099979529],[-73.2675279996235,43.56899999999596],[-73.26648900008104,43.569868000129716],[-73.2641630004007,43.569135999724594],[-73.26460199989353,43.56819500022926],[-73.26235800022896,43.56727799991223],[-73.26207799984647,43.565700999830916],[-73.26073899983005,43.56653499977686],[-73.25863099970961,43.564950000044796],[-73.25835000040053,43.563052000114595],[-73.25593000011057,43.561885000182734],[-73.25555500019183,43.55989500007878],[-73.25260199979938,43.55685200011654],[-73.25439500027555,43.55628199982974],[-73.25448999981181,43.55559599974301],[-73.2514410000582,43.5553880002312],[-73.24864099982662,43.55385800016287],[-73.24841999989367,43.55257799968752],[-73.24915999968538,43.55175400011424],[-73.24860700038974,43.551205999823935],[-73.25040800036354,43.55042599972789],[-73.24920599971612,43.54889599999365],[-73.25002800042193,43.54793300020693],[-73.2491889999977,43.546654999770624],[-73.24985599999448,43.54612699970796],[-73.24781499982117,43.54505499985599],[-73.2499360003604,43.54486900017486],[-73.25013300000391,43.54342900019496],[-73.24658600030794,43.5418550002505],[-73.24671000015648,43.54034599968551],[-73.24441399971506,43.53881499977676],[-73.24353099980823,43.53540799998792],[-73.24157900022172,43.53495999977343],[-73.24274400016085,43.53399100014132],[-73.24139099990073,43.532345999690165],[-73.24264700007649,43.53072199993826],[-73.24189200021615,43.529418999984685],[-73.24682099958626,43.52578100018887],[-73.24769799964533,43.52317399981208],[-73.24650199974403,43.5214599997233],[-73.24760099956093,43.520521999924256],[-73.2468440000508,43.51725200002297],[-73.24806800043949,43.515993999988],[-73.24671600000427,43.51533200009596],[-73.25330300013135,43.3612079999019],[-73.25647499990859,43.2600930000494],[-73.25869699983186,43.23055499986359],[-73.26559500030353,43.09592600032061],[-73.26977700020925,43.035975999911614],[-73.27417000000213,42.94902800014892],[-73.27830599987708,42.83755800002334],[-73.2786730002982,42.833409999813064],[-73.28431100039619,42.8349539998973],[-73.28538799957346,42.834093000021575],[-73.28706300004887,42.82013999969839],[-73.28369499955473,42.81385600000146],[-73.28654699966484,42.809484000275475],[-73.28634300034864,42.80806299971701],[-73.29094399965568,42.80192000022538],[-73.2764210002377,42.74601899998954],[-72.80911300027024,42.73658099974878],[-72.45841199973748,42.72693300027202],[-72.45963199992822,42.730785999998886],[-72.46422499973764,42.737308999787906],[-72.46683499999843,42.73959800026918],[-72.46768899959294,42.74153599983372],[-72.473366000049,42.74623499975274],[-72.47537999955979,42.75658800008456],[-72.47695200010304,42.76076899995671],[-72.47936300017217,42.763332999818694],[-72.48531400026461,42.766278000244725],[-72.49054700030663,42.772746999671895],[-72.4953240002391,42.77367000003587],[-72.4977040003461,42.77336499986921],[-72.4989710003925,42.7720989996922],[-72.49958099958954,42.76881100007124],[-72.5015339998993,42.76723900004162],[-72.50650900019846,42.76572099972637],[-72.5083700004467,42.76440099978157],[-72.51307000038626,42.76407299996112],[-72.5154660003868,42.765629000070504],[-72.5164730001422,42.769123000300894],[-72.51552699958785,42.77058799967229],[-72.5092859999655,42.775012999699115],[-72.50838600034021,42.7776910000122],[-72.5087369999695,42.77952199987482],[-72.51223099996203,42.78432900010763],[-72.51625800005702,42.787971999855976],[-72.54151299969786,42.80709400000258],[-72.54242900011498,42.81564699977056],[-72.54658000005853,42.8251990001113],[-72.54735800038338,42.83954900011462],[-72.54880799982956,42.84258600018274],[-72.55243900008945,42.845721999756314],[-72.5571239999604,42.85323600011383],[-72.55427000020046,42.86061399978294],[-72.55556700038409,42.867487999927654],[-72.55541500004811,42.874667000301024],[-72.55280499978734,42.88170900026228],[-72.55262200038754,42.88504300001401],[-72.5407200002027,42.889284999877425],[-72.53337999986515,42.89531200030388],[-72.53133600021711,42.89818800000958],[-72.53159499978487,42.9070990002635],[-72.53035899970062,42.91107399981241],[-72.52880299994922,42.912958999879024],[-72.52449899984478,42.91514800003743],[-72.52431600044501,42.91900099974823],[-72.52707800014342,42.928346999765104],[-72.52628499974995,42.93562499992808],[-72.52694099987608,42.94137800009202],[-72.5285279995896,42.945505000236686],[-72.53214399978089,42.94696199985318],[-72.53418900015214,42.94884700001511],[-72.53380800038563,42.952584999908744],[-72.5317930001516,42.95512600002047],[-72.52645299997944,42.957712000095405],[-72.51836500035256,42.963137000160785],[-72.50647800023633,42.96442600018082],[-72.50406700016717,42.96590600024605],[-72.49218000005092,42.96767599987057],[-72.48707500005543,42.97167200003576],[-72.48163600014907,42.973954999846434],[-72.47933200021004,42.973489000085095],[-72.47631100004553,42.97149800026515],[-72.47371699967826,42.97212400026734],[-72.46535500041502,42.978821999734656],[-72.46169999986569,42.982870999990965],[-72.46181399966852,42.98421599995555],[-72.46431699979917,42.98657400020885],[-72.46541599961607,42.98963299976641],[-72.46457700009016,42.99377600027027],[-72.46251599982538,42.997445000141795],[-72.45870200016572,43.00086300021185],[-72.45629100009656,43.001237000300975],[-72.45220100025237,43.000054999934065],[-72.44940900041672,43.00032200028091],[-72.44504500003782,43.0038850002883],[-72.44325900013266,43.007576999822696],[-72.44339700022492,43.0094619997374],[-72.44506000010644,43.01109399970236],[-72.4580760001768,43.01830399995184],[-72.4626229999555,43.02578800008746],[-72.4630809997149,43.02864899995936],[-72.46120399957313,43.03440199980932],[-72.46038000011585,43.04138300024443],[-72.46108200027273,43.04329800018682],[-72.46622499990306,43.04756999986717],[-72.46784199975383,43.052749999738005],[-72.4628980003151,43.058228000067984],[-72.45548799965735,43.06262200030426],[-72.45148700039994,43.06771100020155],[-72.44434299988094,43.071618000124886],[-72.43566000022732,43.08088699975881],[-72.43398200027718,43.08445000001665],[-72.43488199990246,43.08716599994884],[-72.438375999895,43.09083599969846],[-72.43898699981528,43.09500099981119],[-72.44260300000654,43.0995410003099],[-72.44321399992681,43.102760000089674],[-72.44141299995303,43.10594899985111],[-72.43669799994487,43.10811600012919],[-72.43347799958872,43.110587999838806],[-72.43221200026555,43.115516999806786],[-72.43282200036091,43.12023199998688],[-72.442298000408,43.1293029999771],[-72.44249599987641,43.13182800000703],[-72.44069599972754,43.13366700015112],[-72.44080299985767,43.13662699996571],[-72.44426699971297,43.13780199999096],[-72.44744000021345,43.13703099968339],[-72.45209499994716,43.13857999986562],[-72.45740499998209,43.147537000201936],[-72.45656499973293,43.149467000175065],[-72.45211000001578,43.15322799980817],[-72.45188099968692,43.16548900024508],[-72.45278100021052,43.172767000179654],[-72.45151499998902,43.174490999953534],[-72.44490699994556,43.17810699995344],[-72.4439310001523,43.179778000013876],[-72.44422099968222,43.18264700001824],[-72.44953099971713,43.189002000291715],[-72.45050800023361,43.19261099970304],[-72.43884899972299,43.20118600032667],[-72.43822399955903,43.20291800027882],[-72.43877299955501,43.209104999817754],[-72.44078699996415,43.21367499971533],[-72.44104700025514,43.21819199990273],[-72.43913900015123,43.22338700001665],[-72.43491299986461,43.229514000229365],[-72.43416499967698,43.231909000285086],[-72.43798000005988,43.23910400013568],[-72.4394749997119,43.24413900024974],[-72.43849800009373,43.24900699984372],[-72.43877299955501,43.25195899987671],[-72.4364540004457,43.2569489999794],[-72.4330049997607,43.25921500001631],[-72.42156100023355,43.26337300001676],[-72.42092000017605,43.265524000075054],[-72.41603699993838,43.27023100022736],[-72.4088909997696,43.28196699978101],[-72.4049130000784,43.291982000021406],[-72.40259400007074,43.300855000278816],[-72.40279200043746,43.302442000098075],[-72.39531499983256,43.31269599972285],[-72.39722299993645,43.3170069999926],[-72.40264000010148,43.320469999926075],[-72.40897199996044,43.32788599990314],[-72.41055899967398,43.33112099994842],[-72.40070100003547,43.34604399999115],[-72.39421600001563,43.35114000007638],[-72.38986800042859,43.35657200003193],[-72.39223299956868,43.35793000014108],[-72.40308199996738,43.35774700006864],[-72.40729400001031,43.36041000027998],[-72.41264900025108,43.362279000188245],[-72.4152279996514,43.365605000278045],[-72.41473999975477,43.37008399982457],[-72.41603699993838,43.37645400011089],[-72.41521299958279,43.38028400000894],[-72.41339700043869,43.383480999962515],[-72.40350899976464,43.39158300026663],[-72.4033720003956,43.39603099982795],[-72.40205900031845,43.39865500002304],[-72.4001060000087,43.408612000189976],[-72.39993899960413,43.41513500025706],[-72.3962759995572,43.4269369997841],[-72.39581600014797,43.43748999980196],[-72.39331600039036,43.44506500020303],[-72.39037100039383,43.45090900028759],[-72.39256900002765,43.4668839999829],[-72.38254300015964,43.47591000009179],[-72.37999499982315,43.490032000322806],[-72.38014700015911,43.492229000172735],[-72.38510599966645,43.50069799983877],[-72.39658199987896,43.508433999796026],[-72.39818700003416,43.510420000119574],[-72.39887099974936,43.512653000281766],[-72.39606300002018,43.52084600015765],[-72.39609200033249,43.52341600021261],[-72.39410899988552,43.52753700019231],[-72.39041700042459,43.527560000166986],[-72.38765499982786,43.5296349997411],[-72.384251000247,43.53394899984555],[-72.38069699998002,43.54035500028504],[-72.38149000037349,43.54689299995887],[-72.38071200004865,43.550707999800835],[-72.38298599985043,43.56341800031778],[-72.38133800003752,43.56566099972912],[-72.38071200004865,43.564608000008946],[-72.38014700015911,43.56497399987163],[-72.37982699959367,43.57416800028808],[-72.37082400027289,43.58074199995626],[-72.35828100003053,43.58513899983719],[-72.35622099959066,43.58661099973645],[-72.34964400040765,43.58781699979768],[-72.33333199981314,43.599099999855895],[-72.32832700027507,43.60111400016259],[-72.32841900033657,43.60705799994164],[-72.3331950004441,43.61028499978442],[-72.33514799985554,43.61615899982968],[-72.33482700036349,43.61795199976235],[-72.33278299981714,43.624361000043976],[-72.32916599980098,43.62682500007725],[-72.32951700032856,43.62793899975753],[-72.32738099972073,43.63066299992031],[-72.32976199965263,43.633447000098045],[-72.32913599966373,43.63553000029907],[-72.3228799999728,43.638703999975995],[-72.31595200026219,43.640725999724395],[-72.31469400043663,43.64185799994994],[-72.31381499982943,43.64422799968675],[-72.31488400040742,43.64867600028426],[-72.31363300025454,43.656937999791936],[-72.30673499978286,43.664453000226516],[-72.30554499972936,43.667206999764865],[-72.30314899972882,43.66861900000844],[-72.30273700000018,43.67367699985255],[-72.3013949996107,43.67443199982468],[-72.30142499974794,43.67576000003597],[-72.30267599990081,43.67619500015905],[-72.30253899963346,43.6795059998046],[-72.30601799955738,43.683350999794385],[-72.30513300000072,43.69532099996579],[-72.30177600027554,43.699654999726626],[-72.29970099976705,43.70610899973839],[-72.29217800002968,43.711068000317745],[-72.28174100025795,43.72376300003819],[-72.2756830000354,43.72710500022088],[-72.27110500029457,43.733918000023365],[-72.26446700011388,43.73389499969474],[-72.24665999986735,43.742485999905924],[-72.23417799972435,43.74596499981265],[-72.23094300019791,43.74819200028037],[-72.23069899980045,43.75003899971784],[-72.22247399990621,43.75964399998704],[-72.2185370002229,43.76546499969148],[-72.21035800035943,43.76798999970838],[-72.20522999989939,43.770930000204125],[-72.20527699975504,43.77677900013472],[-72.20393400043899,43.77940399984204],[-72.20553600022113,43.781531999791994],[-72.20553600022113,43.78458400021106],[-72.20434600016762,43.78607199972997],[-72.19865399964297,43.78885699998401],[-72.19618200037276,43.79091699987552],[-72.19375600023503,43.79418200005269],[-72.19099399963827,43.800483999876356],[-72.18572999963409,43.80386400013772],[-72.18405099985905,43.80640399980529],[-72.18344099976369,43.81044799975051],[-72.18894999999024,43.821189999872225],[-72.18879699982936,43.822844999899274],[-72.18363900013041,43.830444000037986],[-72.18244900007691,43.83412100023544],[-72.18356299996242,43.841163000110456],[-72.1830900001344,43.84468000031648],[-72.18803399957314,43.85515499982885],[-72.18511899971382,43.86100700031513],[-72.18461599974857,43.86414300005301],[-72.18183899998155,43.86590500003908],[-72.17541400023619,43.86639299976256],[-72.16790700039236,43.86910899978716],[-72.17358399995008,43.87961499987756],[-72.17314100025929,43.883329999711016],[-72.17210299964344,43.884985999994356],[-72.17056199996064,43.886183999975174],[-72.16300900008606,43.88645099979298],[-72.15972799963056,43.88766400007923],[-72.15859899967643,43.89254699984444],[-72.15716400029885,43.8949500000773],[-72.1505269999431,43.90209899997246],[-72.13606100042652,43.90917099990707],[-72.13241400027312,43.913321000153616],[-72.12542499956483,43.91622000018308],[-72.12045099998889,43.91955500027287],[-72.11814700004986,43.92360599980072],[-72.1180859999505,43.929784999728206],[-72.1169109999656,43.933843999761265],[-72.11927600000399,43.94374699992828],[-72.11834500041657,43.94653199978632],[-72.11651400030556,43.947577000147696],[-72.11037999991504,43.94779799985362],[-72.10574000024994,43.94982900029389],[-72.09899599976403,43.95756400019083],[-72.09919499995567,43.95916600014192],[-72.10114800026541,43.960852000121555],[-72.10067500043738,43.96300400032102],[-72.0909399999242,43.9657800002582],[-72.09194699967959,43.96698600009687],[-72.1059999996426,43.97002200017176],[-72.11085299974305,43.966993999901476],[-72.11437799969772,43.96805399971824],[-72.11460700002658,43.969793999808374],[-72.11277500009065,43.97561500025858],[-72.11317199975069,43.98101599969948],[-72.11204299979654,43.98595200017764],[-72.11285200008355,43.98809600018493],[-72.11663599960599,43.99197200018227],[-72.11698700013359,43.994207000052576],[-72.11253099969318,43.99679399972339],[-72.10921999999877,44.0003559999488],[-72.10412300039917,44.00237100022618],[-72.10363499960421,44.00398799967734],[-72.10577100021207,44.012281000054394],[-72.10276500011616,44.014577999881155],[-72.09980500005102,44.015425000172534],[-72.09693700004739,44.01503500015069],[-72.09354900036007,44.012861000317315],[-72.0934880002607,44.009442999809934],[-72.09168700028692,44.00918400006618],[-72.09052700037064,44.009923999748516],[-72.09097000006143,44.011915000025944],[-72.09534899961064,44.016462000304294],[-72.09594500036062,44.018757999691594],[-72.09542599960352,44.0217569997036],[-72.09402200018808,44.02343500023547],[-72.09150399998882,44.02441200022557],[-72.0854769997284,44.02126100024627],[-72.08266899999923,44.021803000216615],[-72.08164700017521,44.024167999774924],[-72.08134199967837,44.028364000277925],[-72.07667199987605,44.030522999939556],[-72.07481099962781,44.03240700004832],[-72.07914400004455,44.03950200022185],[-72.07935800030481,44.04138699990989],[-72.07831999968894,44.04337800009167],[-72.0760919999179,44.045034000278775],[-72.06611299990556,44.04900900020688],[-72.06190099986263,44.04959600031652],[-72.06203800013,44.051083999952574],[-72.06312199987828,44.05219799985627],[-72.06893599970336,44.054280999872226],[-72.06809600035253,44.057377999777124],[-72.0655940000468,44.0583010002357],[-72.05933800035585,44.05768299985851],[-72.05729299998458,44.058338999741274],[-72.05370699993054,44.064153000207405],[-72.04830499983412,44.069706999930226],[-72.04922100025125,44.07228600030397],[-72.0522730003779,44.074299999777324],[-72.05286800040463,44.07630599985371],[-72.04351399965797,44.07924400008054],[-72.04151500021578,44.07897699989361],[-72.03803600029187,44.07654300029302],[-72.03417499987822,44.077114999847545],[-72.03184099980196,44.078541999858174],[-72.03184099980196,44.08018200017427],[-72.03324500011571,44.081510000315944],[-72.03866200028075,44.08321099997087],[-72.04438300021941,44.085996000138486],[-72.0452839996696,44.087308000041645],[-72.04348299969581,44.08890199996875],[-72.03710499980612,44.08863600024116],[-72.03326000018431,44.09047399987833],[-72.03200800020655,44.09225199991395],[-72.03068099988569,44.09771400007587],[-72.03130600004967,44.10043000014077],[-72.03304599992408,44.101780999701184],[-72.0394549997759,44.10351999973693],[-72.04226300040341,44.10135300013689],[-72.04304099982994,44.09737899988429],[-72.04391000039139,44.096599999929055],[-72.04787999968669,44.096585999724205],[-72.05213500028563,44.10015600009821],[-72.05298999970506,44.104939000200964],[-72.05536999981207,44.110760000281736],[-72.05326400023976,44.11469000017131],[-72.05314299986593,44.1195110001539],[-72.0507469998654,44.12015999996781],[-72.04513100040704,44.12469099987824],[-72.0412559997497,44.125347999906936],[-72.03730300017286,44.12491299981312],[-72.03571700028422,44.12897100000035],[-72.0332590003594,44.13141999972097],[-72.0337940001117,44.1323439999997],[-72.0374400004402,44.13339600024602],[-72.04195700008167,44.13699800007659],[-72.04186599984506,44.14713700027025],[-72.0428269995697,44.15096699986419],[-72.04073699989091,44.154842999994024],[-72.03892099984853,44.156330000290126],[-72.03959200004327,44.15721500001876]]]}},{"type":"Feature","properties":{"state":"CT","name":"Connecticut"},"geometry":{"type":"Polygon","coordinates":[[[-72.99954700018289,41.087107999956814],[-72.24955299998534,41.230526000257804],[-72.14153399976973,41.250098000093395],[-72.08177500022174,41.26223999980564],[-72.01921399989402,41.29059400009348],[-71.99948600002308,41.29579399990656],[-71.92945100036182,41.31038699999655],[-71.9072579999951,41.30448300028953],[-71.90165800043025,41.31268299982366],[-71.89206699985712,41.330075000201894],[-71.87451300022889,41.321867999889555],[-71.8665379996816,41.31918500008151],[-71.85745800036793,41.32078899970279],[-71.8519230002021,41.32466400031034],[-71.84770899961104,41.32960399994813],[-71.83728000023522,41.33506799992923],[-71.82936499996238,41.342432000211026],[-71.83130300020352,41.35129499973616],[-71.83604400015096,41.35398800029879],[-71.83787299971384,41.36014500017307],[-71.83763300041265,41.36549899975345],[-71.83184399980361,41.370343999666694],[-71.83265599956533,41.375849999946745],[-71.83063700003166,41.37877199985332],[-71.83352699977661,41.382264000324696],[-71.83259100016632,41.386384999836146],[-71.83313000011657,41.38783900014888],[-71.838748999948,41.39105399991323],[-71.8422089996053,41.395380000222836],[-71.84106799995561,41.39965800008302],[-71.84155300037752,41.403045999767976],[-71.84359100017777,41.40533100030391],[-71.84235199972045,41.40808400020958],[-71.84242600023862,41.410260000130656],[-71.83969700015216,41.41222199982865],[-71.83410699973474,41.41158200027267],[-71.82790200009742,41.41433400031441],[-71.82538399989815,41.41468700020317],[-71.82387300035259,41.41716399987744],[-71.82032999995627,41.419381999964514],[-71.81690399973579,41.41992700024727],[-71.81290000010533,41.41940400021408],[-71.80681199974556,41.41667300018879],[-71.803253000354,41.417306999850275],[-71.80143899996142,41.41554499974416],[-71.79774499995236,41.416726999672186],[-71.78821299982876,41.62101699970599],[-71.78723899968534,41.65611099995739],[-71.79106599976377,41.77020200027859],[-71.79788300004462,41.93101100014331],[-71.79918799972585,42.008052999761894],[-71.80067099968231,42.02351400030542],[-71.90325099999156,42.024584000153254],[-71.9876800000977,42.026883999701035],[-72.0718260003466,42.027636999679444],[-72.1431509996205,42.0305220000485],[-72.33880900025265,42.03216000004599],[-72.46011899999995,42.03435700006419],[-72.53154899975411,42.034578000228784],[-72.57277799988063,42.030219000113114],[-72.58216299969114,42.02474099975854],[-72.60716899980993,42.025148000156115],[-72.60797800009692,42.0310830001198],[-72.64019099958557,42.03204800023287],[-72.6993299998908,42.03695699988561],[-72.75589400009532,42.03634900028546],[-72.75730099988381,42.033380999723356],[-72.75255300026367,42.03124900023115],[-72.752061999994,42.0290250003208],[-72.7557800002925,42.02473200029745],[-72.75734100006677,42.02097899988133],[-72.75923199955393,42.02107799972665],[-72.75943400011862,42.02216299979437],[-72.76056700027071,42.022650000195206],[-72.76348700015288,42.02118399998345],[-72.76525200014166,42.02236600005444],[-72.76447700018984,42.02087299995016],[-72.76580600016052,42.01956800008805],[-72.76294700037771,42.01968299970212],[-72.76201800044012,42.01769599986618],[-72.76006799960511,42.01731500026448],[-72.75895000041993,42.015469000326206],[-72.76062400017211,42.015690000082515],[-72.76297699961664,42.01346599984035],[-72.76306600020342,42.01198300013291],[-72.76150100023118,42.009302000017016],[-72.76625300004928,42.00787099995701],[-72.7667330004483,42.003266000225935],[-72.81705299975913,41.997685000102855],[-72.8137839998975,42.03674400029586],[-73.03680199991786,42.03929399980414],[-73.42851499994384,42.050476000308045],[-73.487318999615,42.04952500007871],[-73.48961500005642,42.00009199990941],[-73.49659899984353,41.92179700012422],[-73.49830399955783,41.89250900031861],[-73.50531199963437,41.82393999996024],[-73.51096099960301,41.75874900008019],[-73.51678500037215,41.68758099997477],[-73.52104099989769,41.619773000155305],[-73.53250399969141,41.5000609999934],[-73.53633400014292,41.446632000130506],[-73.54146900027567,41.404394000053685],[-73.54342500006014,41.376621999757425],[-73.54908800027248,41.32513400007198],[-73.5498790001178,41.30152199983394],[-73.5509620000412,41.295420999998456],[-73.48269499984343,41.21277200025087],[-73.65167299970629,41.1360960001335],[-73.72777499981095,41.10069600029421],[-73.72338200001806,41.09443699980385],[-73.7186750004058,41.089995999785],[-73.68247299955868,41.04469699972167],[-73.65525499956236,41.012246000096084],[-73.65606499967427,41.00892299991338],[-73.66026800039468,41.000484000005784],[-73.65930900031987,40.99717099967489],[-73.65958499960608,40.99413999996615],[-73.6572279999636,40.990914000128235],[-73.6596709998198,40.98790900031883],[-73.65677100002911,40.98450899983635],[-73.61288499978615,40.95094299982573],[-73.3745600001752,41.00106000025231],[-73.24955700024373,41.0258660000926],[-72.99954700018289,41.087107999956814]]]}},{"type":"Feature","properties":{"state":"DE","name":"Delaware"},"geometry":{"type":"Polygon","coordinates":[[[-75.51099300040924,39.675350999884955],[-75.50916300012314,39.6920799997054],[-75.50987399960253,39.693915000008744],[-75.50653600014391,39.69726299996247],[-75.4963119999092,39.700955999902384],[-75.49391300043392,39.706842000337595],[-75.49147499970228,39.7097239998767],[-75.49182700005478,39.7108390002628],[-75.4884560000859,39.71465899990322],[-75.48534200003496,39.71589800010322],[-75.48218399960311,39.71375900025938],[-75.47936099980531,39.71370599996031],[-75.47643800044841,39.71619900015685],[-75.47629699998309,39.72401200023603],[-75.47716900001929,39.724995000245215],[-75.47507199976948,39.72948799989812],[-75.47569299973551,39.733657999804166],[-75.46801699983729,39.7458110000175],[-75.46355000042455,39.75701399971619],[-75.4639210001453,39.76076300034258],[-75.46219799998933,39.763197000181016],[-75.45943999959056,39.765810999691546],[-75.45233899962759,39.76901300002234],[-75.44929499989686,39.774435999842225],[-75.45068800033995,39.77506399988425],[-75.4382999999083,39.78440199979942],[-75.40541399967677,39.79639600027121],[-75.4282749998652,39.80937900007968],[-75.45288199977581,39.820224999776265],[-75.48103899975544,39.829319000251445],[-75.50590299958402,39.83481400033859],[-75.53397699972298,39.83844900005091],[-75.56187400030994,39.8395100000068],[-75.59008700036607,39.83803500010533],[-75.61812899981969,39.83396500016286],[-75.64280400040067,39.82808500013194],[-75.66579000026256,39.820284000113176],[-75.68774799955435,39.81034100014652],[-75.70781199988424,39.79863300003857],[-75.72940500020135,39.782309000323544],[-75.74749399958186,39.76423800018959],[-75.76264999955976,39.743764000230826],[-75.77378600001364,39.72220000018924],[-75.7885960003851,39.72219899970666],[-75.78863499984486,39.64956800009284],[-75.69367000023277,38.46007999979123],[-75.56339400007633,38.45564900004066],[-75.41088000024563,38.45229699973865],[-75.23211499999104,38.45122199981172],[-74.98628199981302,38.45163199977536],[-74.98618399990372,38.46630100020324],[-74.98512799974452,38.47385100025155],[-74.98419999963184,38.4970940001043],[-74.98517100030053,38.52817100029974],[-74.9935190002184,38.61250099973518],[-74.99726799958074,38.62511100004647],[-75.00196800041863,38.631682999933396],[-75.00274500002025,38.66623499989726],[-75.0021359997498,38.67591000034415],[-75.00275099986804,38.68327399984047],[-75.00899400003853,38.71197299988781],[-75.01421200001192,38.745036000043726],[-75.01315400020292,38.767573000062406],[-75.01338900037955,38.772346999991655],[-75.01736600024583,38.78663899970396],[-75.01512300040618,38.78865700033517],[-75.01610900024518,38.79053000025501],[-75.13465300009608,38.99757200013736],[-75.13846099990796,39.00269700033436],[-75.1684620004174,39.05617899999779],[-75.19167099986205,39.078999999694084],[-75.2190749996312,39.11594699986457],[-75.24901699969111,39.15894499991496],[-75.32102099955566,39.2513790001993],[-75.38112999980633,39.30084500023566],[-75.44475099959291,39.35508900031892],[-75.46943600021966,39.373147000146325],[-75.4813600001458,39.38755499996983],[-75.56053799976824,39.45564499965932],[-75.56358599969694,39.483048000257796],[-75.55908999997187,39.495805999785276],[-75.5379340003961,39.49698199999339],[-75.52786099977412,39.49813900032798],[-75.52697399966931,39.49916800007501],[-75.52936800002003,39.50122900026301],[-75.530141000322,39.50537300023811],[-75.52974100028892,39.51204000015811],[-75.52744700039564,39.515968000273396],[-75.52739399979387,39.51744299967272],[-75.52830500018813,39.51821900002523],[-75.52665400000217,39.526638000274986],[-75.52678700007156,39.5314400000264],[-75.52767500000125,39.53527699988457],[-75.53157499987468,39.536824999847866],[-75.53401400043121,39.540701999701156],[-75.53234200032887,39.54327999988897],[-75.51906799961732,39.55543400028515],[-75.51195999998167,39.56729000003944],[-75.51277000009357,39.57828999994772],[-75.51474699979444,39.5808840001613],[-75.51963599987988,39.58332800007079],[-75.52769300044294,39.584112000286524],[-75.53049299977619,39.58679999995122],[-75.53139999997248,39.58881800013755],[-75.53364100016232,39.589269999914805],[-75.53694099998609,39.59187199992194],[-75.53750300040087,39.59362700025183],[-75.54214600043902,39.594519000261904],[-75.55021800017238,39.60070799974643],[-75.55351200014837,39.60181900000794],[-75.55339199959946,39.60266500030758],[-75.55737100001389,39.60911499975596],[-75.55656000007706,39.61153400010526],[-75.55945499984486,39.62231400007502],[-75.55877299977948,39.62998699985212],[-75.55732699963295,39.6325909997925],[-75.55414399998504,39.635690000016154],[-75.54853400037446,39.63776999996294],[-75.54197800020953,39.645425000022485],[-75.53352399998646,39.64755700023611],[-75.52709500004313,39.65381500003841],[-75.52616699993045,39.655620999952454],[-75.52729000003681,39.65607800031233],[-75.52673600001793,39.656819999955964],[-75.52557299972861,39.656599000219266],[-75.52180900029765,39.661015999737764],[-75.51574799970204,39.66605400014251],[-75.51219000013542,39.67176700024588],[-75.51099300040924,39.675350999884955]]]}},{"type":"Feature","properties":{"state":"OH","name":"Ohio"},"geometry":{"type":"Polygon","coordinates":[[[-80.51899099992654,40.63880100014802],[-80.51870499969628,41.24981100001099],[-80.51985100026717,42.32713200000673],[-80.99982499960231,42.25240399971944],[-81.00557099965533,42.252291999835855],[-81.01943899967041,42.25004599979806],[-81.0261410003235,42.25004599979806],[-81.10695500006331,42.23726900004046],[-81.24983300001333,42.216414999905176],[-81.37483699976968,42.15466999988522],[-81.49518099976947,42.09640199978441],[-81.62484699983055,42.029618999982894],[-81.62484699983055,42.03073199982363],[-81.68644700043363,42.00003700018726],[-81.70920200031684,42.00003700018726],[-82.39834800029688,41.676524000030255],[-82.68111900001746,41.67632799986298],[-82.76387199982327,41.71728999997308],[-83.06931200011167,41.86421699976892],[-83.07365200020111,41.87504500020281],[-83.11246000021274,41.959410000268015],[-83.12492300008917,41.95121799970429],[-83.24992799967042,41.85787500020427],[-83.30500700026867,41.815279000254776],[-83.37521799965705,41.764841000140464],[-83.4158509999319,41.73379400011398],[-83.68544400009873,41.72662199974156],[-83.75977000034395,41.72365400005766],[-84.03737300031983,41.71611200002431],[-84.19231699958794,41.71101000030181],[-84.47593299958052,41.70381299969234],[-84.71839099959172,41.69897100027678],[-84.80597200028193,41.69611800009349],[-84.8038879995526,41.40862399974499],[-84.80332900040919,40.9980299997319],[-84.80214400037855,40.7491619998223],[-84.80267999995577,40.51830299982864],[-84.80423499988225,40.40344100003571],[-84.80364499987836,40.312139000272744],[-84.81126399987518,39.99286999984206],[-84.8141870001304,39.813686999768855],[-84.81488500008933,39.567547000140756],[-84.81571199991966,39.478507000061356],[-84.81869600027426,39.352036999975304],[-84.82010200023782,39.25140999977798],[-84.82015499994128,39.10541900031541],[-84.81254799964002,39.10693599972576],[-84.81067899989417,39.109203999824544],[-84.79411600012783,39.112875000013595],[-84.78776800037535,39.11531299988185],[-84.78334600027014,39.118842000123415],[-84.77060200018633,39.135099000186734],[-84.76227600000976,39.14218600012143],[-84.75340099983718,39.1471139997282],[-84.74335099967973,39.14758500022647],[-84.72842900005361,39.14317900019916],[-84.7185239996611,39.13685999969997],[-84.71117599982594,39.12950200007286],[-84.68935400007828,39.10319199983267],[-84.68647799967871,39.10110900014527],[-84.67858199967247,39.09841800024808],[-84.67316799988046,39.09763300010785],[-84.66543799955558,39.097774000122456],[-84.65453999965138,39.09402599977791],[-84.64962999964953,39.091037999751265],[-84.64254200010537,39.08439700030184],[-84.63253200013088,39.076634000120386],[-84.6189529998208,39.07337600003356],[-84.60748199963115,39.07336900025415],[-84.6017470003471,39.07421100031908],[-84.59489099970821,39.07731499988701],[-84.57190599967123,39.082429999815595],[-84.56414299973436,39.087816000303334],[-84.55669399961687,39.09594100024896],[-84.55165800011663,39.09930599991474],[-84.54671299995469,39.099963999850424],[-84.54227300030614,39.09954100024814],[-84.52562599997589,39.09247800006209],[-84.51974900040162,39.092357999881024],[-84.5108569996123,39.09374300003603],[-84.50408500043562,39.09600599988752],[-84.49702499958222,39.10035799976478],[-84.49378800040596,39.10306599978592],[-84.48914199999476,39.10991999979289],[-84.4852439997712,39.11369999987877],[-84.48051100021966,39.117536000162055],[-84.47579700003641,39.11993800017462],[-84.47100699968516,39.12159699981973],[-84.46455500017562,39.12201599987081],[-84.45897999982684,39.12144000012681],[-84.45253400016507,39.11923900009999],[-84.44756600043692,39.11615999978458],[-84.44321999960137,39.112173999836955],[-84.43733999965406,39.10448199973702],[-84.4351599995636,39.10036199990123],[-84.43373500023176,39.09491899988838],[-84.4349550004225,39.0924540000422],[-84.43546500006042,39.08703299972403],[-84.43371799961501,39.08422499991152],[-84.43413600008977,39.08060700034162],[-84.43333299965055,39.07803700014881],[-84.43366599973648,39.07388199988191],[-84.432731999776,39.066833999870795],[-84.43056099990638,39.058739999902286],[-84.42386800037241,39.052860000008316],[-84.42856400011401,39.05557900015252],[-84.42638900004641,39.05313400010749],[-84.41248699969614,39.046967000087236],[-84.40805399972028,39.04593399967382],[-84.40273700001266,39.04562999967384],[-84.40068099977074,39.04646500026236],[-84.39058399975764,39.04446799984411],[-84.38640699987481,39.04526199994308],[-84.37691300028436,39.04416300003016],[-84.36072100023877,39.04156699965513],[-84.3475989998632,39.03758000020145],[-84.33575600012786,39.03249900019942],[-84.3266199998394,39.02726199986142],[-84.31383499974768,39.01658800030154],[-84.30607400035895,39.00775300028295],[-84.30075299955506,38.99792799997068],[-84.29773200028887,38.989742999896514],[-84.29819599989605,38.98635000025843],[-84.29579599969756,38.96920899978208],[-84.28877699975037,38.95564399966273],[-84.27845299995653,38.94361499987965],[-84.26973799961753,38.93627700007814],[-84.26044499986853,38.92471500024908],[-84.25703899973956,38.922649000053106],[-84.24572499990876,38.90654300019395],[-84.23433999993286,38.893265000060666],[-84.23289600033445,38.886763999973226],[-84.23156700036375,38.87251300014922],[-84.23370300007329,38.85402399986224],[-84.23354300023973,38.8456030001326],[-84.23186399956639,38.83271999992358],[-84.23021999995142,38.82656099998542],[-84.22529800025401,38.817461000338355],[-84.22150499961243,38.81310300010015],[-84.21311499986176,38.80583500031143],[-84.20587900017959,38.802685000143214],[-84.19800400008972,38.80090099981325],[-84.15636400005948,38.795052999977216],[-84.14721199987748,38.792861000081615],[-84.13326699986949,38.789028000331925],[-84.11052000038221,38.781152000225894],[-84.11178599970539,38.78091599970772],[-84.10886300034848,38.77933200012305],[-84.09246000041568,38.7744219997931],[-84.07077900023504,38.770413999805214],[-84.05031599969696,38.7714900001133],[-84.04375299985935,38.770670000089716],[-84.0184260002485,38.77622099990597],[-84.00627800001634,38.78019399965846],[-83.99577699977218,38.78184900006281],[-83.97809500009743,38.78736300013092],[-83.96236699965903,38.787521000045665],[-83.9506989998259,38.78571499978021],[-83.94320700005069,38.783175999799475],[-83.93164999964732,38.77616699994455],[-83.92643000002408,38.774097000250165],[-83.9263039996274,38.77347699979496],[-83.92865899962005,38.772330000083535],[-83.92566099992005,38.77120799999165],[-83.88752499992808,38.76577199995368],[-83.86940700023524,38.761300999917815],[-83.8583159999872,38.756325000311094],[-83.85249899978906,38.75183899987784],[-83.84889099999371,38.747476999682746],[-83.84484899983009,38.738022000135956],[-83.84155599967903,38.72391900028356],[-83.83920400005942,38.720021999817185],[-83.83675899965509,38.71771800022875],[-83.82188999973239,38.70953699965195],[-83.80103899975512,38.70534900025364],[-83.79207200041937,38.70230100003798],[-83.78776900013985,38.69991800022741],[-83.78446299956998,38.69672300011988],[-83.7793459998789,38.682713000029324],[-83.77573200023576,38.66671299983386],[-83.7723190004341,38.65848400021436],[-83.76911999999434,38.6550750001899],[-83.7631959996661,38.652241000310966],[-83.74825399994847,38.64927000029343],[-83.7208619998749,38.646673999856695],[-83.71360799975105,38.64176799967741],[-83.71092300004553,38.64165499997618],[-83.70776299996383,38.63982299982352],[-83.70389099967953,38.6395249998079],[-83.68603699957733,38.631866999897966],[-83.66889300002792,38.62656200034412],[-83.65562300041263,38.62831699967976],[-83.65042399980749,38.630469000252795],[-83.64784200003412,38.632404000187265],[-83.6446509999903,38.636889000103395],[-83.64159399984078,38.644067000076426],[-83.63881600024882,38.6536890003384],[-83.63833300037506,38.659490000126766],[-83.63621199983582,38.66792800014199],[-83.63206099989225,38.673903000065934],[-83.62552999984169,38.67887599970664],[-83.61151600023675,38.68465299967928],[-83.60497299959229,38.68472100004451],[-83.6018610000895,38.68398099981342],[-83.59908199977431,38.68595900014001],[-83.59268200014331,38.68855199966723],[-83.56920699966157,38.69294300019435],[-83.54522400009002,38.69992800033721],[-83.53367699973242,38.70218099980564],[-83.52114100006105,38.70307900007102],[-83.50870699959863,38.700796999911944],[-83.49363600000956,38.694518000308484],[-83.48552400009326,38.68947899989886],[-83.47141300040391,38.67749900013804],[-83.46771000017401,38.67534800024088],[-83.45707000001268,38.67396699975282],[-83.4453989998065,38.66999000009942],[-83.41855499990402,38.66811600032837],[-83.41748000037656,38.66773200012348],[-83.41981699992753,38.6671280001418],[-83.41405699963082,38.666122999708975],[-83.40982100019676,38.66679400012176],[-83.3775729996497,38.661808999716364],[-83.36780000040001,38.65913000016255],[-83.35783599955796,38.65487900006742],[-83.35487600039113,38.65272900003968],[-83.33576500028826,38.64318900009131],[-83.3275660003333,38.63767499966516],[-83.3220529999088,38.62981100002638],[-83.3206500003183,38.62454300015845],[-83.319955999659,38.615268999660245],[-83.31785299956144,38.60975600001039],[-83.31519999964294,38.60647300001995],[-83.3092820000608,38.60167899997564],[-83.30521899998078,38.59941100029294],[-83.29903699990969,38.59737399985915],[-83.2931810002518,38.59671399977152],[-83.28758900018458,38.59853700002176],[-83.26852599976229,38.61510900012647],[-83.26765499955101,38.61830500023001],[-83.26426299966575,38.62140099986406],[-83.26080399983333,38.62282399999139],[-83.25454099957135,38.62349699981013],[-83.2516290000851,38.62590800030406],[-83.24566399974897,38.628564000093924],[-83.2405470000579,38.62867600005818],[-83.23088699988779,38.62710399989414],[-83.21414500002126,38.61921599993975],[-83.20436400037565,38.616774999691735],[-83.19391800038308,38.6169750001988],[-83.17877400010076,38.6191879997805],[-83.15364400013343,38.6188389998361],[-83.14338200026387,38.62451999968147],[-83.1347539999635,38.63201300025846],[-83.1266930001008,38.644393000300184],[-83.12206699978108,38.66009799974556],[-83.11837699997,38.66551399982732],[-83.11238400004476,38.67162300010311],[-83.10326199999999,38.67699800021565],[-83.08456900037187,38.68080100032367],[-83.0628730001226,38.689306999893596],[-83.05867000030052,38.69263999974872],[-83.05401800004154,38.695068000225206],[-83.0427450002186,38.70762000019888],[-83.03782099997306,38.71729400002934],[-83.0304949998792,38.725839000156476],[-83.0213150001081,38.72860400005271],[-83.0188089996044,38.72795099971525],[-83.0087839995613,38.729993999899584],[-82.99880100024933,38.72927499970569],[-82.98149100012026,38.72599600030324],[-82.97737100013885,38.726191999810325],[-82.9707789999889,38.72853400000056],[-82.97148899964337,38.72719999979526],[-82.96123000014687,38.73380199991914],[-82.93467800032242,38.74666400028646],[-82.9209190000873,38.75091699972174],[-82.90720800043104,38.75332900010755],[-82.89648200005598,38.756394999745346],[-82.89043200022935,38.75625999972419],[-82.88544000021174,38.75484200001581],[-82.88479300030646,38.75399599995921],[-82.8855089998087,38.75292600017526],[-82.88366400035233,38.75195299978114],[-82.87954000017292,38.751297999809054],[-82.87411299996215,38.745175000167215],[-82.87176899984016,38.73942699989018],[-82.87016600023308,38.733320999809656],[-82.86988400020078,38.727271999850664],[-82.87676500005573,38.697737999699584],[-82.87749300015186,38.68946500022369],[-82.87576199959997,38.684168999915016],[-82.86514999992603,38.672234000158575],[-82.86038300003933,38.66288199974273],[-82.85661299986228,38.64764599982768],[-82.85687700035123,38.645423999923445],[-82.85767999989213,38.645819000207446],[-82.85677199987094,38.64050699991554],[-82.85736900044584,38.63159999997409],[-82.85445500041143,38.6137690002865],[-82.84739299990822,38.59532799970394],[-82.84247200003573,38.5889099998251],[-82.82121400035268,38.57339300030434],[-82.80904400037922,38.56712799977252],[-82.79587099995,38.5618099998867],[-82.78816999993741,38.55972200015578],[-82.78150099979459,38.55923199983575],[-82.76671200023783,38.56060700028954],[-82.72790500005111,38.55887099984414],[-82.7222789996487,38.556205999768544],[-82.71995200014345,38.553990999990475],[-82.69828500020648,38.543770000003654],[-82.68941800042984,38.53618999995261],[-82.67563599973018,38.51558100032034],[-82.65359499969941,38.493842999958815],[-82.63731099959229,38.48434599975831],[-82.61862899983485,38.477213999944],[-82.61080800017167,38.47195300019804],[-82.60364600010932,38.45922299975889],[-82.60343100002419,38.453800000173025],[-82.60097200027445,38.439107000077755],[-82.59705300013448,38.42743699991895],[-82.59340900035413,38.42188000016797],[-82.59348200014905,38.418251999733044],[-82.5888030001259,38.41363400033072],[-82.58337799956493,38.40996999978641],[-82.57789400035105,38.40727999981106],[-82.57057099973193,38.40496000033288],[-82.55010800009218,38.40343400016663],[-82.53823400039472,38.40408100024364],[-82.51850999982346,38.4080779997946],[-82.48619699987738,38.4181780001308],[-82.43127499963795,38.43088300006991],[-82.40488199982218,38.43934699978533],[-82.3897459999358,38.43435500031064],[-82.38177299993663,38.434783000149515],[-82.36476900012933,38.438339000154784],[-82.34064000006958,38.44094800001682],[-82.33033499964401,38.44449999978934],[-82.32399899958712,38.44926800032475],[-82.31811100014218,38.45787599965459],[-82.31393500008427,38.4680839996612],[-82.31063899956014,38.48317200034192],[-82.30635100024755,38.490691999925524],[-82.3042230000356,38.496308000330146],[-82.30307099961695,38.504384000027365],[-82.30397100014055,38.517682999929484],[-82.30287099960042,38.52318299979146],[-82.29567099990324,38.53848300018018],[-82.29337100016218,38.556983000215055],[-82.29387099975436,38.57268300013166],[-82.29177100002984,38.5747829998925],[-82.29187099958897,38.575482999749035],[-82.2934709997213,38.57428300033366],[-82.29127100043766,38.57898299994785],[-82.28727000028192,38.58278299986016],[-82.28017000014388,38.58758300018557],[-82.27427000010508,38.59368300015625],[-82.27146999987349,38.59538299989334],[-82.2650700002425,38.59738299978971],[-82.26336999965274,38.5968830003007],[-82.2620699999944,38.59818299987187],[-82.24665899974838,38.59856900018724],[-82.24566899971141,38.59818299987187],[-82.24796900035078,38.59728300003012],[-82.24526899967832,38.59658299991842],[-82.2421689998711,38.59698299991545],[-82.22716799970392,38.593783000016174],[-82.22146799968165,38.591284000190385],[-82.21656799972556,38.59198400001637],[-82.21459000019978,38.591484000134955],[-82.201004000217,38.59205199988852],[-82.193823999713,38.59309599991812],[-82.1887670002964,38.594983999899426],[-82.18116699966782,38.59978399968998],[-82.17726699979443,38.60378399967148],[-82.17526699962902,38.60708399975461],[-82.17506699961247,38.60898399971042],[-82.17316600007958,38.61238399992664],[-82.17206600043778,38.61858399970003],[-82.17246700029577,38.628783999757765],[-82.1790669999433,38.64888300013282],[-82.18556700003174,38.65958300019168],[-82.18606699962392,38.66678300009669],[-82.19086700002092,38.680383000022296],[-82.19016700041216,38.68738200020092],[-82.18506700043953,38.699181999804644],[-82.18246700022449,38.70878199985668],[-82.18456699994901,38.715882000167404],[-82.19128499959733,38.727203999994906],[-82.19383299993383,38.73565300032507],[-82.193098000165,38.73771800023092],[-82.19256800043557,38.73818199982437],[-82.19166799991199,38.73738199989989],[-82.19136800033633,38.72978200009176],[-82.18686800041331,38.72228199981362],[-82.18796800005512,38.73308200024363],[-82.18966799974658,38.73738199989989],[-82.19326800004431,38.741182000308115],[-82.19560600031853,38.75244099977977],[-82.19888199985284,38.757724999769366],[-82.20153700031946,38.76037200020081],[-82.20714100008227,38.763943000316615],[-82.21661399975632,38.76835000019492],[-82.21964400014167,38.7722830001105],[-82.22124099990094,38.777362999837464],[-82.22156599959095,38.78718700008842],[-82.21726900005753,38.795679999718686],[-82.2114379996157,38.801220000024635],[-82.1975400003617,38.8095390002783],[-82.19117199961943,38.815136999669726],[-82.18077500003066,38.81696199998773],[-82.16359799997099,38.82342400014309],[-82.15649100016023,38.82878999982219],[-82.14797699966269,38.83646900031583],[-82.14546699985934,38.83968000021753],[-82.14253299973346,38.84747499970009],[-82.13922399968887,38.865020000194164],[-82.14136699996942,38.87528000000351],[-82.14536700030023,38.88417900007163],[-82.14316700011828,38.898079000317],[-82.14006700031105,38.90117899994304],[-82.1388670002118,38.90077899979318],[-82.13616599971442,38.90167900010747],[-82.13756599983022,38.901879000026284],[-82.13596599969789,38.904878999713034],[-82.1315660002323,38.906779000311936],[-82.13006599965908,38.90837899967456],[-82.12996600009998,38.90737900001741],[-82.12936600005034,38.90787899985926],[-82.12866600044161,38.91067900001764],[-82.11326600006626,38.93057900034664],[-82.11116600034174,38.93657900006008],[-82.11236600044099,38.93177899966805],[-82.11166699975884,38.932578999816045],[-82.11056499956888,38.93527899999098],[-82.11086599986777,38.940378999815564],[-82.10906499989399,38.945579000128504],[-82.10056499964016,38.9556779999445],[-82.09486499961788,38.96457799966909],[-82.0929649999099,38.971377999844265],[-82.09156499979412,38.97377800011688],[-82.09016499967832,38.975277999928956],[-82.0831649999977,38.97917800033099],[-82.06886400033758,38.98487699973452],[-82.05156300042933,38.994377999932],[-82.04566300039053,39.00377799991279],[-82.04206200026789,39.01677799967643],[-82.03774899994261,39.02386499999854],[-82.02926200010758,39.027877999720104],[-82.02188400013516,39.029491000096364],[-82.0107069996734,39.02981800016449],[-82.00449899966303,39.02889200034573],[-81.99586100021524,39.023278000288535],[-81.99136100029223,39.01837800013209],[-81.98426100015418,39.00667799980983],[-81.9829609995975,39.002977999962745],[-81.9820319996599,38.99569799982373],[-81.97937100024382,38.993192999763735],[-81.97387000041319,38.99241300007499],[-81.96776899963461,38.99295499991257],[-81.96083199970319,38.99427499981573],[-81.95926000005825,38.995226999701416],[-81.95144699989268,38.99603200025346],[-81.94171700030068,38.993234000217605],[-81.93318600008472,38.98766000020862],[-81.91821500005476,38.9665950000879],[-81.91244300006247,38.95434300021455],[-81.90059500030428,38.937670999728965],[-81.89846999956708,38.929602999875755],[-81.90090999994854,38.92433799968697],[-81.90834099962439,38.91740300016988],[-81.91193599989927,38.9155640000436],[-81.91775700029537,38.910603999799115],[-81.9190910002889,38.90847000011636],[-81.91665900030335,38.909262000033955],[-81.92667000010273,38.901310999651834],[-81.9282159998084,38.896572000101166],[-81.92799900007343,38.89349199982787],[-81.92696600037875,38.89160200007959],[-81.91589799969695,38.8842700000616],[-81.91031200037581,38.879294000016245],[-81.90297000038842,38.876089999838115],[-81.895112000017,38.873967999762456],[-81.8892329998946,38.87427899993293],[-81.87485699989139,38.88117400007177],[-81.85892099993883,38.89018999971822],[-81.85597099991944,38.8927339998786],[-81.84865300022149,38.901406999984935],[-81.84531200038985,38.91008799997792],[-81.8460699997249,38.91319199975623],[-81.8444860003844,38.928746000098634],[-81.83443899970169,38.941426999758036],[-81.8343619997088,38.94049000029089],[-81.83313999986825,38.94105099982702],[-81.83151600034479,38.94369700018725],[-81.82735399963225,38.9458980000064],[-81.81969199997774,38.94701499968267],[-81.81423499962972,38.94616799983924],[-81.8111569995638,38.944721000080136],[-81.80613699995709,38.94211200019879],[-81.79337199995688,38.9302030001975],[-81.78564699965484,38.9261919996649],[-81.77410500021843,38.92296399995275],[-81.76622500010568,38.92294699965665],[-81.76265800031824,38.92412300029907],[-81.75999500035401,38.925829000093536],[-81.75705799985508,38.93122799998307],[-81.75613099956729,38.93354600031326],[-81.75697500001439,38.937153999785764],[-81.75797799957184,38.9378720001314],[-81.75791300017282,38.93681199980354],[-81.76101600035311,38.93800300018781],[-81.76256000040893,38.94092700013359],[-81.76766700005426,38.9468649998317],[-81.77884500034094,38.95589199974077],[-81.7807359998281,38.95897499974265],[-81.78181999957638,38.964935000107744],[-81.77988300005849,38.972773000039986],[-81.77573399976474,38.98073700000176],[-81.7767229999768,38.98514200017465],[-81.7740619996624,38.99368200005309],[-81.77197500035666,38.99684500016414],[-81.76718800037847,39.0001150003019],[-81.76515300005295,39.00257899976018],[-81.7639529999537,39.00857899978862],[-81.76425300042767,39.01527900002049],[-81.76775300026799,39.020678999982316],[-81.77285400006555,39.026178999734014],[-81.77785399958077,39.02927900011028],[-81.78505400017625,39.035878999882755],[-81.80035499991907,39.044978000182454],[-81.80805500010673,39.05377700003039],[-81.8123540001883,39.061279000003545],[-81.8138539998632,39.068678999663646],[-81.8138539998632,39.07967799970112],[-81.81065399959854,39.08327800010296],[-81.80665400016603,39.08407799980507],[-81.79815399991219,39.08287799998762],[-81.79135500007304,39.07997799966142],[-81.78575499960988,39.078577999858005],[-81.77555499966459,39.078377000012075],[-81.76075400041228,39.08407699988863],[-81.75195399968447,39.0901770001408],[-81.74605399964565,39.09697799992747],[-81.74365299962227,39.10307799973369],[-81.7423529999639,39.111276999899054],[-81.742752999997,39.11447700016831],[-81.74215299994738,39.1167770000581],[-81.74456800021447,39.12681599995454],[-81.74519400020336,39.138239000095986],[-81.7442679997405,39.1394049999005],[-81.7443949999621,39.143739999832924],[-81.74311700004505,39.14132500032242],[-81.74276499969255,39.142669000325974],[-81.74367699991171,39.14690899992174],[-81.74580599994856,39.14993599991527],[-81.75179200020108,39.166388999699166],[-81.75424099990505,39.17107900027734],[-81.75628200007836,39.17699300013308],[-81.75617999997111,39.18045999965494],[-81.75389299975052,39.18383600019825],[-81.75120600039517,39.18604299984476],[-81.74148500012568,39.18920000031519],[-81.73687399987458,39.1926280000212],[-81.73450999966109,39.196145000336514],[-81.73267699990026,39.20548100003701],[-81.72562199996807,39.21590500004718],[-81.71162799955628,39.219227999680726],[-81.70090799992731,39.220843999963236],[-81.69421899969299,39.22436300030237],[-81.69191499975398,39.227034999821136],[-81.69106700000722,39.23013899965923],[-81.6919790002264,39.23535499965425],[-81.69572400028909,39.24285900034687],[-81.69676399965644,39.246810999921706],[-81.6966199997164,39.25613899983969],[-81.69295599984456,39.262138999999934],[-81.69319600004408,39.26074700032357],[-81.69257199970501,39.26100299970014],[-81.69206000041724,39.26322700023901],[-81.69049100024705,39.26508300033198],[-81.68361299986685,39.27094700034406],[-81.67759499982728,39.27417099996627],[-81.67018699971764,39.27596299991911],[-81.6561379999526,39.27735499988043],[-81.64533799995769,39.2773389999421],[-81.62218499969123,39.273674999890375],[-81.6117200003304,39.27569099993374],[-81.60581600009363,39.27585100013482],[-81.59516000003877,39.273386999917456],[-81.5855590003182,39.26874699969276],[-81.57388999976186,39.26706399998467],[-81.5702469998064,39.26767499965904],[-81.5673470000157,39.27067499966315],[-81.56524700029118,39.276175000014035],[-81.56504700027466,39.29387399981051],[-81.56014700031855,39.31787399968239],[-81.55964699982803,39.330773999897794],[-81.55754700010351,39.338773999765],[-81.5423459999198,39.352874000112685],[-81.53684599991408,39.35497400001379],[-81.53447000000502,39.358234000032695],[-81.5243090004178,39.361610000157434],[-81.50318899992871,39.37324200027262],[-81.48904399990421,39.38407400014962],[-81.47318699959435,39.40016900010706],[-81.46773500016752,39.403778999787335],[-81.45614299960407,39.40927400000249],[-81.44654299970841,39.410373999996764],[-81.43564200032947,39.408474000275596],[-81.42870600022295,39.40541299994032],[-81.41270599979798,39.39461800033601],[-81.40668899958332,39.388089999988495],[-81.400744000237,39.36922100014679],[-81.39588299974062,39.35555299985071],[-81.39379399988677,39.35170599984329],[-81.38455600038935,39.34344899987275],[-81.37596099970096,39.34169699969437],[-81.35691099969746,39.34317799987194],[-81.34492700039516,39.34679399986775],[-81.33057399995818,39.35618600030353],[-81.31959700041128,39.3612920000046],[-81.30177000007326,39.372227999677946],[-81.2953749995668,39.37529199975903],[-81.28140399961957,39.37925900018896],[-81.27567199981026,39.383788999861615],[-81.27029200035344,39.38604699993576],[-81.25978600008642,39.38669900029545],[-81.25038000035951,39.39010600029397],[-81.24435899994688,39.390410000118656],[-81.23547600027672,39.38908100031149],[-81.22358099976456,39.38606200022545],[-81.21731500002785,39.387590000115885],[-81.21306399962685,39.39065600019021],[-81.21165400036364,39.392977000085146],[-81.21087000019101,39.397112000302954],[-81.21143300043072,39.40203099992227],[-81.20823099961791,39.407146999982515],[-81.20007500021897,39.41563300023734],[-81.19071399979961,39.42356200017396],[-81.1851450001969,39.43147900009808],[-81.17993399989619,39.43512100003481],[-81.1675930002185,39.440064000299536],[-81.15253400032499,39.44317500028384],[-81.13813400003237,39.44377500002733],[-81.1325339995692,39.446275000086644],[-81.1247329999975,39.453374999722],[-81.11523299966098,39.46647499966954],[-81.1153330001184,39.46537500031199],[-81.11473300006877,39.46557499991233],[-81.10083400009155,39.48717600004357],[-81.09193600035277,39.4965730001102],[-81.08431800018087,39.5027690000823],[-81.08162099988145,39.5040919997277],[-81.0749919999216,39.51048500010776],[-81.07102500010106,39.51560800028121],[-81.05598600029904,39.52589599985728],[-81.04490199972368,39.53630000006747],[-81.02685600000088,39.547496999993534],[-81.0239000001337,39.552312999983606],[-81.02005499961356,39.555409999993906],[-81.0112430000885,39.5603000000152],[-81.00822699994687,39.563139999844616],[-80.99369500030805,39.571253000155025],[-80.98773199962174,39.57726200009945],[-80.97866400000365,39.58351699978444],[-80.97348299984016,39.588446000020205],[-80.94910799973313,39.603345000300095],[-80.93593500020224,39.6132270000293],[-80.92834600034264,39.616553999780585],[-80.91761999996758,39.61870299983452],[-80.90624699968724,39.61843099979985],[-80.89651399972219,39.6167569999683],[-80.89220799996792,39.61675600003359],[-80.88036000020973,39.620706000313156],[-80.87543099994132,39.6283609999286],[-80.87338999976802,39.63467300026658],[-80.87104900001907,39.63885399969482],[-80.86980100023926,39.64689500017434],[-80.86664600018045,39.65261599978263],[-80.86522400032334,39.66550900009785],[-80.86666999957157,39.67848699999784],[-80.86624799979718,39.67938400006791],[-80.86583699989345,39.67863400010687],[-80.86531600038487,39.68053899971733],[-80.86633200036107,39.681594000186706],[-80.86632999981295,39.68316700011598],[-80.86369799981087,39.69172399981505],[-80.86002499971818,39.69468599974814],[-80.8519999998405,39.69855999969018],[-80.84154700017523,39.70022899972244],[-80.83388200014767,39.70349700012953],[-80.83187100011159,39.70565500016326],[-80.82976399981605,39.71183899977976],[-80.82972299980818,39.71404100030542],[-80.83155100044446,39.719475000122955],[-80.83659699999043,39.72392499986807],[-80.84301300041326,39.733203999780336],[-80.84744800003897,39.738091000050154],[-80.84568399987509,39.737852999768336],[-80.84596000005962,39.738666999786155],[-80.84815799969343,39.74046099969829],[-80.8527379999824,39.74104000028574],[-80.85603799980616,39.7440490003264],[-80.8564210001208,39.74535500032251],[-80.8592859997514,39.74697699996007],[-80.86533899995108,39.75325099968056],[-80.86819199988611,39.758636999657824],[-80.86857000017788,39.762398999703144],[-80.87032199974786,39.763184000261205],[-80.8690920004097,39.76636399989179],[-80.86632899998804,39.771737999740765],[-80.86304800043085,39.775196999844994],[-80.85298099965664,39.780239999655095],[-80.85169299969385,39.78208499966289],[-80.83531099967746,39.79069000024613],[-80.82607900002782,39.79858399969854],[-80.82218099980426,39.81170799989811],[-80.82318500008492,39.81617700019594],[-80.822479999555,39.82497099976858],[-80.82622799999075,39.83580200031602],[-80.82570999995689,39.8355080001269],[-80.82544200016828,39.836788000171325],[-80.82696399958449,39.84165600000031],[-80.82612400023366,39.844238000080594],[-80.82127899963085,39.84998200010877],[-80.81642999972837,39.853032000090025],[-80.80980099976851,39.85484000032655],[-80.80311699955708,39.858220999713865],[-80.79989799992414,39.858911999827356],[-80.80032700026955,39.85968200022577],[-80.79847100004419,39.860052999853465],[-80.79313099987203,39.86375099985743],[-80.79076099981076,39.86728000033102],[-80.79015599973829,39.87225200013386],[-80.79399000038774,39.882782999671775],[-80.80292099973849,39.892524000310765],[-80.80917399995471,39.90393599984049],[-80.80904500008327,39.91125200005685],[-80.80677600030435,39.91630800000023],[-80.80419299980775,39.91848799983259],[-80.79968500038714,39.91957999995442],[-80.795254999886,39.919693999875605],[-80.7870380003877,39.91835500020485],[-80.78080500026297,39.9161040001465],[-80.77080100013627,39.91035000030311],[-80.76339899987443,39.908618999677294],[-80.75859799965252,39.909478999861975],[-80.75611299996352,39.91340200029893],[-80.7556819999683,39.916716999673284],[-80.756357000361,39.92017299974876],[-80.76131400021849,39.93014399987749],[-80.76410699987908,39.945213999714824],[-80.76427500010855,39.94996300023588],[-80.76298700014577,39.95378499993577],[-80.75792200033322,39.959707000221705],[-80.74013900037613,39.970794999666836],[-80.74103399997854,39.97315200014193],[-80.73883799999456,39.981685999840956],[-80.7388830002004,39.985583000198915],[-80.74175899970163,40.00031999972436],[-80.74216999960538,40.008575000080356],[-80.7407839997333,40.01507600034231],[-80.73773199960664,40.022056999903526],[-80.73715099982358,40.028537999893786],[-80.73193399967509,40.03700099997908],[-80.73102400000406,40.044291000142756],[-80.73332700011818,40.058635000012345],[-80.73816500015,40.06653400013552],[-80.73789599963817,40.07039900014142],[-80.7389400001018,40.07158699992222],[-80.7392360003778,40.07462300023384],[-80.73818100004353,40.07860699979428],[-80.73130000018858,40.086429999688825],[-80.72493900001734,40.09082500017261],[-80.71359099985133,40.09675300005439],[-80.70954500038809,40.100301999937706],[-80.70709499996089,40.11110300020336],[-80.71067000014426,40.125549999999045],[-80.7101660003541,40.138315000009136],[-80.70734799968086,40.14503399991033],[-80.7056110001795,40.15347599979991],[-80.69045699985145,40.17440700010775],[-80.68608099977699,40.181636999910694],[-80.67258199983284,40.19240100014114],[-80.66808299973475,40.199689000309334],[-80.6654049997019,40.21166400009378],[-80.66440299996938,40.2126699998179],[-80.66370500001045,40.21758499973323],[-80.66429800038739,40.21917800015088],[-80.6615399999886,40.22981199981211],[-80.65210099975144,40.24497499988239],[-80.64460300012844,40.25127599988342],[-80.6372019996915,40.25506899989794],[-80.63710299995729,40.25427399972047],[-80.62250799967099,40.261765000320075],[-80.619297000434,40.26516999973805],[-80.61620900032234,40.272270999766356],[-80.61679299958011,40.28527799988778],[-80.61488600019945,40.29197100030368],[-80.6065829995891,40.30388700003589],[-80.60289500032613,40.307068999748836],[-80.59989500007802,40.31766599967421],[-80.60289500032613,40.32786800002146],[-80.61079600035525,40.34086800021706],[-80.61279499979743,40.34766900033221],[-80.61179499971473,40.35516899981456],[-80.6086959997324,40.36196900010627],[-80.60758699986975,40.36955999966418],[-80.60968599976937,40.37494999969436],[-80.61910200044032,40.38186199985886],[-80.63038299976084,40.38604499994891],[-80.6306189997624,40.38530200001543],[-80.63139200006438,40.385696000072635],[-80.63273199990573,40.390504999761994],[-80.6321960003285,40.39366699983988],[-80.61610100036731,40.40099599991566],[-80.61519499999592,40.399867000239745],[-80.61232500034247,40.40276199969442],[-80.61254499955217,40.405379999742316],[-80.61425099998971,40.408710000293404],[-80.6125470001003,40.41167299997498],[-80.61231899959637,40.42696799998091],[-80.61287599998829,40.42946600033928],[-80.61219499974781,40.434838000193835],[-80.60938100017084,40.441070000221416],[-80.60474700035353,40.446628000256524],[-80.60427000032755,40.449664999953164],[-80.59810400014996,40.45839100021042],[-80.59595300037182,40.46335400009851],[-80.5946639996858,40.471389000140256],[-80.59540500020074,40.475315999917136],[-80.59919399974605,40.48256599985627],[-80.6024500000872,40.48422600006074],[-80.6087379995652,40.48961100002178],[-80.61365000011519,40.495748000289325],[-80.61573099957313,40.49901000007746],[-80.61526699996595,40.49958599986456],[-80.61360300025952,40.498593999774094],[-80.61544299969304,40.50188700008282],[-80.6180029997251,40.502048999701444],[-80.61957100007038,40.50856100014094],[-80.62113900041565,40.50995300007925],[-80.62091500010968,40.513712999898615],[-80.62206699963002,40.51702500023012],[-80.62219300002673,40.520505000031335],[-80.62750700025961,40.535792999871354],[-80.62945899984614,40.53651299971747],[-80.63048300021829,40.53792099999488],[-80.63310699982445,40.53870499967427],[-80.65243600038549,40.56254400022308],[-80.65598800010434,40.565727999928505],[-80.66437200000723,40.57001600020182],[-80.66265999972191,40.569951999925955],[-80.6649960003463,40.5732799999782],[-80.66691699997068,40.573664000040715],[-80.66790899965747,40.58294400031514],[-80.66589199977363,40.58772800030009],[-80.66354000015403,40.590768000031034],[-80.65339600028524,40.597791999760375],[-80.65480399989863,40.59609600029938],[-80.65171599978697,40.597743999878155],[-80.64496299997855,40.603648000299046],[-80.63966600036241,40.61115399991682],[-80.63680699968128,40.61296199994134],[-80.63435499960427,40.61609499967106],[-80.62717099980063,40.619936000164],[-80.61947399998601,40.62064000011284],[-80.60387600014225,40.62506400030379],[-80.59876399957574,40.6252629996649],[-80.59204900030046,40.62249599968339],[-80.59110500029425,40.62103999992421],[-80.58359199970432,40.61550199976183],[-80.5767040001767,40.614222999669046],[-80.57183199980969,40.615484000146836],[-80.56761399991899,40.61767799992264],[-80.56069000040634,40.62370800026756],[-80.55112599959737,40.62884700026309],[-80.54589199973044,40.629701999892674],[-80.5327369997429,40.635590000320896],[-80.52566000006937,40.63606799970109],[-80.5219169996565,40.6369920000191],[-80.51899099992654,40.63880100014802]]]}},{"type":"Feature","properties":{"state":"MA","name":"Massachusetts"},"geometry":{"type":"Polygon","coordinates":[[[-71.25514699964198,42.73655400023374],[-71.26787300018245,42.72602600000637],[-71.27894900036188,42.711350000114756],[-71.294636999719,42.697041999738616],[-71.69650500038276,42.70572200027061],[-72.80911300027024,42.73658099974878],[-73.26482700002443,42.74585099972671],[-73.38360100002909,42.42566300021374],[-73.50820999977523,42.08613399972491],[-73.49701800014317,42.0496240001605],[-73.42851499994384,42.050476000308045],[-73.03680199991786,42.03929399980414],[-72.8137839998975,42.03674400029586],[-72.81705299975913,41.997685000102855],[-72.7667330004483,42.003266000225935],[-72.76625300004928,42.00787099995701],[-72.76150100023118,42.009302000017016],[-72.76306600020342,42.01198300013291],[-72.76297699961664,42.01346599984035],[-72.76062400017211,42.015690000082515],[-72.75969600005944,42.01511000022669],[-72.75895000041993,42.015469000326206],[-72.76006799960511,42.01731500026448],[-72.76201800044012,42.01769599986618],[-72.76294700037771,42.01968299970212],[-72.76580600016052,42.01956800008805],[-72.76447700018984,42.02087299995016],[-72.76525200014166,42.02236600005444],[-72.76348700015288,42.02118399998345],[-72.76056700027071,42.022650000195206],[-72.75943400011862,42.02216299979437],[-72.75923199955393,42.02107799972665],[-72.75734100006677,42.02097899988133],[-72.7557800002925,42.02473200029745],[-72.752061999994,42.0290250003208],[-72.75255300026367,42.03124900023115],[-72.75730099988381,42.033380999723356],[-72.75589400009532,42.03634900028546],[-72.6993299998908,42.03695699988561],[-72.64019099958557,42.03204800023287],[-72.60797800009692,42.0310830001198],[-72.60716899980993,42.025148000156115],[-72.58216299969114,42.02474099975854],[-72.57277799988063,42.030219000113114],[-72.53154899975411,42.034578000228784],[-72.46011899999995,42.03435700006419],[-72.33880900025265,42.03216000004599],[-72.1431509996205,42.0305220000485],[-72.0718260003466,42.027636999679444],[-71.9876800000977,42.026883999701035],[-71.90325099999156,42.024584000153254],[-71.80067099968231,42.02351400030542],[-71.79918799972585,42.008052999761894],[-71.77142699958134,42.00948100008278],[-71.52770200042205,42.015094999964624],[-71.49825900012945,42.01727199988229],[-71.3814009997263,42.0187979997801],[-71.38146299965057,41.89354600001753],[-71.33878699955261,41.89859300001877],[-71.34088999965017,41.88180400016222],[-71.33403999975737,41.86260399999971],[-71.34255000005695,41.84465599971396],[-71.33541700030695,41.83564500019505],[-71.34519799995256,41.82767600010971],[-71.34754500044761,41.82324600013131],[-71.33933200024896,41.80852700022873],[-71.33967500038062,41.80633999983568],[-71.33908799985147,41.80578300020699],[-71.34120099999478,41.799774000272855],[-71.3398419998869,41.79774800026549],[-71.34048100029456,41.79703300001129],[-71.33464499982988,41.79483500015642],[-71.33219600012589,41.790976999802666],[-71.33274299957375,41.7901599996962],[-71.3294569999937,41.78832700008242],[-71.33039099995415,41.785381000220305],[-71.3298029996001,41.78203800019491],[-71.32909600031867,41.7827189998617],[-71.3284719999796,41.7806940001221],[-71.26106699977227,41.75208200018372],[-71.2262540000686,41.71255299995715],[-71.19547900033056,41.67509000022768],[-71.1757840000716,41.67149300010397],[-71.17611999963228,41.66824799991862],[-71.13255700032782,41.66036300023152],[-71.13530700033067,41.62848800000227],[-71.14018499964716,41.62386899971188],[-71.14195800003183,41.612532999683964],[-71.14030799967081,41.604849999987174],[-71.13834600003855,41.60367600029008],[-71.13161999999431,41.59371599989452],[-71.12243699985015,41.52207500030118],[-71.11987400034337,41.494604000320095],[-71.1211160002754,41.49278700008756],[-71.08857099962744,41.431314999762186],[-71.08503800017516,41.43346700020873],[-71.07240399969619,41.42557000002438],[-71.0534509997771,41.41695899996075],[-71.03360400008047,41.414085000185636],[-71.03811400004923,41.405452999686794],[-71.03991800039607,41.39825899996903],[-71.03721100005092,41.38890800005436],[-71.03270100008216,41.38027300007018],[-71.02610300008445,41.37169299967534],[-71.01479900029936,41.362019999807885],[-70.9994800001149,41.35410300024931],[-70.99074800005745,41.35128900012414],[-70.97052100041924,41.34918699995328],[-70.95575200005568,41.3501609998456],[-70.93866399968445,41.353986000286135],[-70.91839900041141,41.363033000073116],[-70.8960169998988,41.37014800019951],[-70.90186599988398,41.361770000280885],[-70.90373899982777,41.35508000006002],[-70.90381499999575,41.34672699995781],[-70.90100499971844,41.33461300016776],[-70.89772199961311,41.32741100011186],[-70.8844720000893,41.310162000040854],[-70.87002699959082,41.29706799994866],[-70.87447499963531,41.294967999925284],[-70.87818200006316,41.29214699974826],[-70.8856830000592,41.285066000257956],[-70.89033699996801,41.27736199993487],[-70.89359499995899,41.26799400027655],[-70.89420300040452,41.259439000267136],[-70.89245699978402,41.250112000213406],[-70.89054100018252,41.24309100020124],[-70.88497300040473,41.23378400003525],[-70.87732699974542,41.22414399978005],[-70.86634299962749,41.21539700006565],[-70.84774600025885,41.20581400009508],[-70.82364499978821,41.200648999818185],[-70.80594999969468,41.19874199974897],[-70.78358200032407,41.20121899995307],[-70.76783700016722,41.206489999841516],[-70.74947300042709,41.22017299987451],[-70.7443070003322,41.226029999885704],[-70.73475299956898,41.24626000013046],[-70.73366700017088,41.25011599986124],[-70.73484299998067,41.25923099999235],[-70.72163399956645,41.265861000060475],[-70.716499000332,41.26945200010747],[-70.71106299990039,41.27485699980904],[-70.70736200021864,41.28021800011797],[-70.70310599979479,41.28904000026538],[-70.69287400006245,41.28963899985701],[-70.68501999988898,41.29317599979951],[-70.65508700004992,41.29616499994299],[-70.60667199957163,41.299410000134074],[-70.57184799999729,41.300093999733605],[-70.51219900005414,41.2983130000821],[-70.49330800005932,41.279974999726306],[-70.47563499970707,41.27021999973255],[-70.45985100009048,41.26525300015181],[-70.4447579998618,41.26551300021921],[-70.42907499962924,41.268651000012596],[-70.41449299976172,41.27395299968185],[-70.40873300036331,41.277293999821815],[-70.39677699975178,41.273014000033214],[-70.37446600028258,41.26945799982833],[-70.35755399963844,41.27259599974276],[-70.34408300018171,41.27614600004654],[-70.33509000000836,41.27277899972282],[-70.31429799958232,41.26053199987948],[-70.29448400039601,41.246498999838586],[-70.28573600044506,41.242346000054624],[-70.23998200028116,41.22846300020307],[-70.21701700033567,41.21817599966451],[-70.17885100020646,41.204530999762035],[-70.13585500044132,41.19464900024619],[-70.10968400038341,41.18980299994938],[-70.07266599957659,41.191633999784315],[-70.05164700026815,41.19090799973593],[-70.03970499990032,41.18819199968723],[-70.02570200016602,41.1871019999871],[-70.01248299970605,41.187052999986186],[-69.99945699958992,41.188305000331056],[-69.97318199977491,41.193544999824184],[-69.95358600014848,41.19967199996319],[-69.94200799982873,41.20452000015556],[-69.9309529995657,41.21054299979777],[-69.91584199979366,41.22093899978936],[-69.91031900022172,41.22684899980805],[-69.8990100004138,41.245538000241524],[-69.89447199995762,41.25924000030685],[-69.89220900002648,41.27132299977177],[-69.89295899986394,41.28364299971544],[-69.8948850004095,41.29037200026292],[-69.9100930002659,41.31726299968095],[-69.9264400001222,41.3387940000498],[-69.92983700003036,41.345323000088754],[-69.94380100030489,41.36671699974946],[-69.96963400025402,41.40351100013025],[-69.98177499991519,41.41520799966954],[-70.0064670002146,41.43389800016319],[-70.02590200018257,41.44107900006128],[-70.04427199977049,41.44380100009852],[-70.06517399980139,41.442687000053425],[-70.07884699982279,41.43801499980649],[-70.09441200005458,41.43081000025903],[-70.1058189997718,41.419865999691474],[-70.11273399996192,41.408125999900214],[-70.1165409999489,41.39513200027849],[-70.11643999966655,41.38616499976571],[-70.11132799999835,41.370389000087],[-70.09784400012282,41.353583999864654],[-70.11009500028713,41.35359199996437],[-70.11933500033268,41.35263800002488],[-70.13794000009726,41.34637100018911],[-70.14869900008428,41.34521599991978],[-70.15999199999867,41.352242000244246],[-70.17490600012722,41.357290000114446],[-70.19838300025879,41.35902499972874],[-70.20829699997381,41.358024999733075],[-70.21511500007955,41.36027500002971],[-70.22162199984068,41.371769000334154],[-70.23814199994932,41.386204999772616],[-70.24768900014153,41.389890999693996],[-70.26728300011816,41.39342599999152],[-70.28321400004783,41.392885000095184],[-70.30243800012859,41.38962500001188],[-70.32359299987947,41.39160700009978],[-70.3382890004481,41.388550000217755],[-70.35308499967756,41.3814549999708],[-70.36769800040554,41.371426999703914],[-70.37011199994943,41.36876899972821],[-70.38344900041017,41.36993299996047],[-70.38069299966122,41.38536099973349],[-70.38080700036234,41.41199600021507],[-70.38587399982471,41.43372100007348],[-70.39289199994698,41.44548000023978],[-70.40592800010886,41.457013000083855],[-70.42108699956147,41.46441599983755],[-70.43644900030199,41.46891900027624],[-70.44800699963193,41.46935500025894],[-70.4639500001555,41.468000000276376],[-70.48968900039331,41.462976999927726],[-70.49165799969826,41.47100899974375],[-70.49494199962851,41.479632000227596],[-70.49947199968875,41.488232999719585],[-70.50418199967406,41.494857999676775],[-70.50860299995436,41.49896499984115],[-70.49820899984032,41.50256499980461],[-70.48974000044693,41.50185600015254],[-70.4664359996694,41.50615999968139],[-70.4485670003969,41.51309299975788],[-70.44013099971717,41.517478999700046],[-70.42389600001387,41.52873199990041],[-70.4050510000498,41.54619499994812],[-70.39516400009896,41.556722000293554],[-70.36420600006284,41.56219599999248],[-70.34633699989203,41.5684529996758],[-70.33154900016018,41.56789800016135],[-70.32021400041297,41.56894600030039],[-70.3112539998516,41.57106199980687],[-70.28996500020642,41.56163900016183],[-70.27889800024782,41.55931599982745],[-70.267428999708,41.558372999881875],[-70.24946300035113,41.56014599985545],[-70.24109199996873,41.56211000012571],[-70.22555799969908,41.56856099989176],[-70.22028199999933,41.572336999871865],[-70.20804000005585,41.58415000006347],[-70.18149999992697,41.593546999693345],[-70.17060200002278,41.59558799986448],[-70.16035699987165,41.59936999990629],[-70.13849099974307,41.59869200004058],[-70.12695199978138,41.600202999939164],[-70.1093680000159,41.60559099977889],[-70.09377199982198,41.60832400021102],[-70.07793399977872,41.61252800008509],[-70.06856900005971,41.61069699990041],[-70.06804600000298,41.602953999822084],[-70.0633519999112,41.59017299988579],[-70.06857200043275,41.585219999675466],[-70.07358600019165,41.57770800000789],[-70.08031600043387,41.56445400015246],[-70.10202900040157,41.55635200007176],[-70.10952000035186,41.551481999928164],[-70.11671900022414,41.54499300008047],[-70.12255899998848,41.53783300009322],[-70.1267919999478,41.53087799991279],[-70.12855399956352,41.52473200014841],[-70.1287639996258,41.51769200025938],[-70.12667700032009,41.503698000041595],[-70.12259499997349,41.49449899995598],[-70.1143940003687,41.48408299977197],[-70.10150799999467,41.474443999858664],[-70.08490400022043,41.46749300028061],[-70.07374199982728,41.465020000307334],[-70.05543699963837,41.464109999866395],[-70.04031300034586,41.465959999788055],[-70.02367699988625,41.47194799968611],[-70.01386199990543,41.477438999974595],[-69.99945800031315,41.49052699994892],[-69.99816899962713,41.493398999687365],[-69.98830599996575,41.49449599969316],[-69.97128899973963,41.498872000060466],[-69.95817200028523,41.50465999993321],[-69.94661300023205,41.512152000201745],[-69.93640099969288,41.52193600031961],[-69.92899400030647,41.53215199999615],[-69.9246319995774,41.54464599984455],[-69.92134500017242,41.56228199974484],[-69.92151699970157,41.57090000031026],[-69.91619699962091,41.58428900003929],[-69.91539900010287,41.58924300019492],[-69.90754599975433,41.596033000207086],[-69.89856199980181,41.606096000187904],[-69.89166199968031,41.61718600010071],[-69.88901200013487,41.625195999813336],[-69.88448500044768,41.630303000233916],[-69.87445899968135,41.64502600009279],[-69.87106400032134,41.65256700011409],[-69.8681250001726,41.65679099971215],[-69.86287600023704,41.67315300024138],[-69.86209799991218,41.68497099986242],[-69.86053999961264,41.69232599984617],[-69.85895000042437,41.70691599979195],[-69.85913000034942,41.73649999975626],[-69.8600579995638,41.75850299996173],[-69.86236599970078,41.76631800006814],[-69.86251100036405,41.77352200027794],[-69.86559500027775,41.790979999687984],[-69.86557500018627,41.80767099980234],[-69.86652500004027,41.81701099973051],[-69.86949900034911,41.82662699978812],[-69.87237900004833,41.8315860002394],[-69.87314999980217,41.83864799988164],[-69.88001800013662,41.861978000272444],[-69.89530499963574,41.90675300003654],[-69.90240200029908,41.92214599992754],[-69.9091779996737,41.942062000111335],[-69.91770600041495,41.959246999731256],[-69.92910899993421,41.97847599981154],[-69.94064500042116,41.99234499974856],[-69.94820999999133,42.00010599967334],[-69.96948199991806,42.02925400025819],[-69.9962789999649,42.059687000053096],[-70.01159099957839,42.073377999887924],[-70.04030199957688,42.0916340002055],[-70.06709799979882,42.10532699979471],[-70.12069100006754,42.125101000256315],[-70.13569399988454,42.12734900018194],[-70.15067599978515,42.13146500003464],[-70.17254199991375,42.134515000135266],[-70.18447400023581,42.13383700009102],[-70.1953999997291,42.13154900014282],[-70.20622099964041,42.13305400013493],[-70.22917499971526,42.13118899984665],[-70.24947199967366,42.12692599989179],[-70.27743000035997,42.114345000049525],[-70.37447399978018,42.1215499996952],[-70.41145400005385,42.12509900013075],[-70.60838100038221,42.13847900005962],[-70.64294600038878,42.178184999782374],[-70.6363299999494,42.20290300005667],[-70.6363299999494,42.21638599999784],[-70.64011299964693,42.228371999944464],[-70.64862200012159,42.23736000001761],[-70.66280999980383,42.24485099994432],[-70.68406099981416,42.253836000176186],[-70.68870399985231,42.263468000063604],[-70.68902500024268,42.272390000253324],[-70.6903929996731,42.2789989998625],[-70.65872300033267,42.375097999906515],[-70.65200499978604,42.392938999978895],[-70.64000600041511,42.431659999826174],[-70.61733900039545,42.50009900018348],[-70.6062899999802,42.53122000026482],[-70.58270900009155,42.553003999710064],[-70.56698900004908,42.56078300027398],[-70.54537399999066,42.57011900005886],[-70.52179300010201,42.5934590003015],[-70.51196800007546,42.60590700032805],[-70.5021430000489,42.624578999720114],[-70.5021430000489,42.635471000144165],[-70.51393399990567,42.68059400024674],[-70.52965499977309,42.7070479999741],[-70.5493059996511,42.72416400009981],[-70.59057199958754,42.73350000018581],[-70.62594300040637,42.73972399985762],[-70.64166400027376,42.73972300031748],[-70.66131400032687,42.73660999975247],[-70.68293000021019,42.72883000017155],[-70.70258000026332,42.72416199985789],[-70.71432400026443,42.731911000126566],[-70.71695999956616,42.74351700022021],[-70.71927000025129,42.75009499979276],[-70.72584800015751,42.75901999983424],[-70.7280449999664,42.76788700008942],[-70.73064699983127,42.77333799989019],[-70.73183900043291,42.778356999795996],[-70.7372249997375,42.7879559998839],[-70.73478000023148,42.79559100009578],[-70.73365499957698,42.80365900005825],[-70.7348739999428,42.82447699990263],[-70.73903800030517,42.83581800019123],[-70.74552199960175,42.84444299999096],[-70.74626200029178,42.850166000264785],[-70.74882999982145,42.85883099975284],[-70.73864199957171,42.86925500012796],[-70.73500500036238,42.87468500021481],[-70.79249500013148,42.87329099990939],[-70.82023799983433,42.871786999801124],[-70.82969299996502,42.86872499992364],[-70.83672500033101,42.864679999735536],[-70.84771799977145,42.860866999724095],[-70.88560199986836,42.88283399989744],[-70.90353299996345,42.886778000316056],[-70.91463099988418,42.886647999970165],[-70.92959400041653,42.88503199993913],[-70.9670180002059,42.86880000016689],[-71.03120100040726,42.8590869998415],[-71.0449199995611,42.8486669999432],[-71.05400499979596,42.83328199971637],[-71.06441599962844,42.80627499979891],[-71.13280500002493,42.8214759998798],[-71.16664699995823,42.808881000230166],[-71.18613999965251,42.79093500010305],[-71.18178600021767,42.73734100016633],[-71.22382999958064,42.74648399979196],[-71.23743200035526,42.74489499994652],[-71.24542600027081,42.74254599973771],[-71.25514699964198,42.73655400023374]]]}},{"type":"Feature","properties":{"state":"MD","name":"Maryland"},"geometry":{"type":"Polygon","coordinates":[[[-75.69367000023277,38.46007999979123],[-75.78870199979201,39.65048600022364],[-75.7885960003851,39.72219899970666],[-76.13575500034646,39.72113099977792],[-76.5513599997074,39.72137700025724],[-76.58387600004306,39.72130199974904],[-76.59546199986043,39.720449000123864],[-76.60142700019657,39.72129900033509],[-76.70636099977524,39.7211940000348],[-76.9364119999865,39.720707000105314],[-76.99090300023069,39.71979899992485],[-77.50680999990114,39.71987000000226],[-77.87471899955743,39.722217000099405],[-78.31513900013978,39.722877000200135],[-78.34594200036521,39.72200300019292],[-78.35349699988961,39.722583000156604],[-78.46156799998374,39.72286899987238],[-79.04554799968321,39.72288300027257],[-79.47666200009778,39.72107800030686],[-79.47656099981543,39.64273799967418],[-79.47776400028775,39.64228199992867],[-79.47886599957937,39.53168900032661],[-79.482366000318,39.53168900032661],[-79.48435300006462,39.345044000229834],[-79.48437200033119,39.34429999990489],[-79.48607200002265,39.34429999990489],[-79.48765100023856,39.27993299984695],[-79.4872739997717,39.265204999809775],[-79.48587399965591,39.2649050003253],[-79.48687499956353,39.20589600010885],[-79.48323400015623,39.20570099968443],[-79.48072000015492,39.20447199965795],[-79.47666799994556,39.203896999775964],[-79.47321499996092,39.20210699991805],[-79.4722140000533,39.20325499998634],[-79.4697929999384,39.20373400013469],[-79.47004700038163,39.20456300007711],[-79.4693979999282,39.20449700009081],[-79.4687490003731,39.20634800004251],[-79.46960399979251,39.207216000043665],[-79.46812099983606,39.20761199971095],[-79.46738699989214,39.208765000076916],[-79.460555000441,39.211555999921835],[-79.45534499996519,39.21105200004057],[-79.45528800006377,39.21019000001333],[-79.4533039997919,39.21046999965472],[-79.45221800039378,39.21266200020713],[-79.4507839999428,39.212765999983574],[-79.45054399974329,39.214002000069584],[-79.44854699995093,39.214429999819],[-79.44742399984457,39.21568199994024],[-79.44411300015015,39.21665999973239],[-79.44208000037278,39.216352999781584],[-79.44170600027897,39.21696799985072],[-79.44064699974672,39.21650600021052],[-79.43651599989462,39.21955399973897],[-79.43298400026728,39.22388700034381],[-79.43122299957815,39.22452000001789],[-79.43008199992845,39.22349700005087],[-79.42911600018094,39.22363999999231],[-79.42766699966134,39.224912000203574],[-79.42571300042502,39.22531400027896],[-79.42405399984312,39.227398000076604],[-79.42522100033041,39.2344770002367],[-79.42393400019253,39.23408599977283],[-79.4206800003995,39.23542400011994],[-79.42092499972358,39.23806600006388],[-79.42026100009986,39.23888299984404],[-79.4175739998462,39.2398260002272],[-79.41510000002785,39.23963800006754],[-79.41425999977871,39.240395000082906],[-79.41221699995559,39.240193000256546],[-79.41211999987122,39.241230999723214],[-79.40947799982338,39.24279600012762],[-79.40833499962555,39.24506999989593],[-79.40945199988413,39.246199000263054],[-79.40586099980722,39.24734700012849],[-79.40345099956298,39.25012999996263],[-79.39966500039073,39.25150499977041],[-79.39838800029857,39.253407999906884],[-79.39955999991042,39.255041999838184],[-79.39798200041771,39.25631600029072],[-79.39623199959925,39.256080000053785],[-79.39500399991091,39.257074000005],[-79.39328499995287,39.26162700026279],[-79.39025799994059,39.2613639998134],[-79.38737599969326,39.263548999767586],[-79.3873380000584,39.267820000145136],[-79.38562400012327,39.26824200012126],[-79.38185700031926,39.26686500008244],[-79.37880900039058,39.27181799989773],[-79.37601400018187,39.27321700023267],[-79.36171400034667,39.274840000312686],[-79.35752499986997,39.27630500008953],[-79.35608700011933,39.27799599992436],[-79.35416499977171,39.27788100007808],[-79.35229600002589,39.28020200031566],[-79.35130799963875,39.28507100029776],[-79.34669100043817,39.28448399994212],[-79.34491499968044,39.28496900030365],[-79.34365600002997,39.287117999661],[-79.34738900039709,39.291102000131694],[-79.34708600044839,39.29301799997101],[-79.3460110000226,39.29395999973075],[-79.34037499957445,39.29367100000817],[-79.33808700042725,39.29676900009328],[-79.33264699979767,39.30012999986733],[-79.32941700029413,39.299910999786846],[-79.32624600034177,39.30107700002257],[-79.32126500019481,39.30000499975293],[-79.3170470003041,39.30403800021571],[-79.31394400012383,39.304706000031686],[-79.30343100018409,39.29962299993313],[-79.29754600021391,39.299985999843926],[-79.2927580004108,39.298902999981166],[-79.29039500002223,39.299452000328316],[-79.28979199959956,39.3008200000689],[-79.2901609996705,39.30351600014677],[-79.28388400006315,39.30984399978222],[-79.28355600000009,39.31281199982308],[-79.28422600036993,39.31548200024023],[-79.28274599988818,39.31799100000837],[-79.28213199959487,39.323273000335035],[-79.27541700031959,39.327183999890856],[-79.270425000302,39.32888200030712],[-79.2692429997461,39.33059500018803],[-79.26949399981625,39.33517500009061],[-79.2686800004047,39.33616300026961],[-79.26672100024717,39.336272000041795],[-79.26017400030308,39.334296999753505],[-79.25384999994176,39.337143999743866],[-79.25435700010495,39.33920400033578],[-79.25677499984678,39.34064399995131],[-79.25735399998001,39.34190699998841],[-79.25713300004709,39.34323600022963],[-79.25428799960967,39.34579300001464],[-79.2534800000459,39.34789599977202],[-79.25372500026828,39.34994400007129],[-79.25686799973322,39.35539299983333],[-79.25630799986655,39.357227000321664],[-79.2506010001716,39.35547199966193],[-79.24906600033661,39.35585400015795],[-79.24701599994248,39.35787500028812],[-79.24260999973079,39.35941500033703],[-79.23496300014489,39.35867699990448],[-79.23291899959855,39.35962199967646],[-79.2318320003755,39.36420199995675],[-79.23095500031646,39.36490499996295],[-79.22094399961874,39.363144999932885],[-79.21428000039711,39.36348200001514],[-79.21328299978913,39.36499800001173],[-79.21258499983021,39.37024800015205],[-79.20701700005242,39.37400400002271],[-79.20244400033448,39.37880199976095],[-79.19769099979317,39.38837299986582],[-79.19330300002315,39.38863199971678],[-79.1889069998572,39.386017999829384],[-79.1855690003986,39.38520799988976],[-79.1829640001607,39.38547800021991],[-79.17695899964158,39.389027999946336],[-79.1766359996014,39.38974100005873],[-79.18112800002682,39.39439399999931],[-79.17918399993789,39.396494999897826],[-79.17677000039401,39.39663699976117],[-79.17456900038715,39.39537900033493],[-79.17174599969104,39.39151300032621],[-79.16606499993534,39.387442999662106],[-79.16457199993314,39.38717999978267],[-79.16227100036716,39.38812900028754],[-79.1614779999737,39.39090200008875],[-79.16544800016729,39.395472000054774],[-79.16670500016794,39.400942999967164],[-79.16451199965867,39.40567899971551],[-79.16057599980027,39.40781599970998],[-79.159415999884,39.409543000061944],[-79.15899599975943,39.41144100026264],[-79.16030499963863,39.41592299979957],[-79.15946600011272,39.417036000182364],[-79.15535000032926,39.41829899980025],[-79.1512410002185,39.4169679996554],[-79.1495590000704,39.41372700034351],[-79.14918099977861,39.40882199980281],[-79.14997900019496,39.40607700005725],[-79.14897900011226,39.4050390001582],[-79.14673399972447,39.404539999801415],[-79.1437510000931,39.405202000179884],[-79.14113800035759,39.408682000074144],[-79.14250099976513,39.41473299982546],[-79.1418429999892,39.417097999727346],[-79.13649899961908,39.41888699991754],[-79.1298260001766,39.41730300006884],[-79.12744199987165,39.41817700005865],[-79.12713700027312,39.42180800024516],[-79.12940400040222,39.42663700031699],[-79.12904700002686,39.42954200006776],[-79.12403599974266,39.43320400024074],[-79.11273199995762,39.43085399975298],[-79.11082100037898,39.43185400011195],[-79.11067300024096,39.43304600020088],[-79.11212000021243,39.435510999935154],[-79.11686000033494,39.438857999958486],[-79.11601199968987,39.44140100009489],[-79.11388799967592,39.4435209999922],[-79.10777799957484,39.445896000124385],[-79.10414600038835,39.448509999745966],[-79.10281599969446,39.450482000043586],[-79.10241999985934,39.45320600009508],[-79.1030090000383,39.45484699987942],[-79.101805999566,39.4571650002247],[-79.10331500036004,39.457800999840714],[-79.10832999994388,39.45712400007732],[-79.10787899985716,39.4612209997106],[-79.10517400006016,39.463011999688625],[-79.09631200030637,39.46242099998015],[-79.09517099975837,39.46308600008837],[-79.09454200029475,39.46484900005493],[-79.0972780000539,39.4684560000428],[-79.1007849995669,39.46882200009742],[-79.10442000002476,39.47076499967135],[-79.10549200007748,39.47394399998477],[-79.1023830000494,39.47639400030024],[-79.0999600002847,39.476948999698386],[-79.09113000031797,39.47251999977989],[-79.08301699967843,39.47147299973415],[-79.07291399981753,39.47385699974717],[-79.069315000243,39.47396700009317],[-79.06784800018008,39.47567999966695],[-79.068033000128,39.47900800018692],[-79.06634199975908,39.47997099980588],[-79.0642239995929,39.47844200014877],[-79.0609770003709,39.47187699983639],[-79.05690400024514,39.47067199985062],[-79.05496500017908,39.47228799993443],[-79.0527480002787,39.48167799970223],[-79.0500800002916,39.483214000185384],[-79.04702499979189,39.483346000296066],[-79.04443200014786,39.47979500007563],[-79.03702300021334,39.47665299973836],[-79.03541999970795,39.46949299993627],[-79.0337190001916,39.46697999981766],[-79.03087600030231,39.46525399982047],[-79.02727299963153,39.46497199995037],[-79.01803099993619,39.46765600010618],[-79.01092400012543,39.461121000314655],[-79.0032480002272,39.45869600028156],[-78.99966399982299,39.45639000020478],[-78.99841100002028,39.45643799986598],[-78.98998899958426,39.45235000027234],[-78.98380499986332,39.45095800023923],[-78.9777349999452,39.44833299992476],[-78.97419599974683,39.445261999928896],[-78.969433999883,39.44325899965726],[-78.96888900008496,39.441392000124964],[-78.96568100032269,39.43847000021851],[-78.95657299962332,39.44033100007154],[-78.95552599968494,39.44156999993042],[-78.95595300038052,39.44783900015992],[-78.96054500036504,39.45103599986191],[-78.95506000042793,39.45341799972166],[-78.95429299997375,39.454703000279984],[-78.95896199995114,39.45975800015395],[-78.9589100000726,39.46283800020067],[-78.95754000009406,39.46390300016204],[-78.95200599975315,39.464050999681554],[-78.95241699965688,39.46358300005004],[-78.9461450000724,39.466264000303255],[-78.94249200007121,39.46894999983648],[-78.94008699984985,39.47140500033077],[-78.9385200002278,39.4745720002742],[-78.94099900006901,39.47674099982054],[-78.94253899992687,39.48062999968994],[-78.93429800013912,39.486283999742994],[-78.92692299964148,39.487296999847345],[-78.91672000022145,39.48631999997363],[-78.9143710000766,39.49058300030251],[-78.91324399977228,39.49459399969821],[-78.90985000023716,39.495833999674836],[-78.90776700023108,39.4978390000781],[-78.90408099971962,39.50407199970839],[-78.90405200030563,39.507777000184824],[-78.90551299962245,39.51154500002729],[-78.90382200015183,39.51258299996255],[-78.89700700041915,39.512307000339575],[-78.89324499973971,39.512547000164304],[-78.89239100014518,39.51327900001862],[-78.89113699961926,39.51821700008365],[-78.89342999968764,39.522033999899776],[-78.89310199962458,39.523995999687614],[-78.89119799971861,39.5249849999561],[-78.88891600041923,39.524912000155695],[-78.88705199979793,39.5229639999366],[-78.87874400006304,39.52127400011548],[-78.87514899978817,39.52266500005218],[-78.8693569997044,39.53179299990101],[-78.87137899961112,39.5356839997518],[-78.87068700039829,39.538766999727194],[-78.86143099956092,39.540964999888104],[-78.85205499997124,39.55097199965374],[-78.85093100003998,39.555647000082025],[-78.85097600024581,39.56010999996077],[-78.84722699998515,39.5625079998301],[-78.84326000016462,39.562784000058315],[-78.83924200029045,39.56700799997734],[-78.82945900009669,39.564993999715604],[-78.82776600007796,39.563341000056745],[-78.82193299998629,39.56062100033161],[-78.8176409995774,39.561387999736056],[-78.81584600034974,39.56288099999057],[-78.81322199984525,39.56720800010034],[-78.81485299993972,39.57128700018469],[-78.81990500023178,39.57633299970162],[-78.82157200031128,39.57690900026198],[-78.82485200004353,39.576516999987376],[-78.82620500030367,39.577335000229894],[-78.82648599961277,39.58301899985736],[-78.82572200042992,39.58917700016022],[-78.82446200005622,39.59031799966318],[-78.81933199994634,39.589889000303984],[-78.81786499988341,39.59185999985306],[-78.81839899981078,39.59405900009549],[-78.81187100013328,39.59799399996704],[-78.8120779998225,39.60037400008718],[-78.809028000244,39.60818199985541],[-78.80157499992853,39.60676299980787],[-78.79982300035854,39.605035000136425],[-78.79786099982796,39.60501099971236],[-78.79646200043541,39.60590199975409],[-78.79524700026754,39.608920999735645],[-78.7957850003929,39.61340200007086],[-78.8016440004238,39.62767700022256],[-78.800933999871,39.6288570002198],[-78.79748300043451,39.629312000163644],[-78.7967019997366,39.63212300024351],[-78.79409700039702,39.63455899977083],[-78.79528200042763,39.63676599990071],[-78.79077099973564,39.63827499997215],[-78.78474500019847,39.636791000028914],[-78.78119500012944,39.63684599986402],[-78.7760030000953,39.64526199983883],[-78.76899300036892,39.64630700026695],[-78.7664070003976,39.64843199977227],[-78.76482499980862,39.646786000034986],[-78.76475299983859,39.64470700031266],[-78.76849200005351,39.63931500002602],[-78.77114099977403,39.63838500000567],[-78.77263499960114,39.636884999821184],[-78.77815800007141,39.625343999786736],[-78.77797700032144,39.62231900003881],[-78.77068200018972,39.62092600003047],[-78.76911300001953,39.61941500023681],[-78.76670799979817,39.61984200030581],[-78.76343700028671,39.61882699990259],[-78.74959600003581,39.626264000037814],[-78.74676700039024,39.62672199980037],[-78.7367959998755,39.62218699976634],[-78.73436999973774,39.61930299999812],[-78.73313399965348,39.614715000103736],[-78.73857900030592,39.60986000026506],[-78.74257999956335,39.60924499995773],[-78.74703099998088,39.60561200029991],[-78.74894400010766,39.60597400007474],[-78.75001100013752,39.60914599976235],[-78.75121700008454,39.609961000197295],[-78.76076400027674,39.610085000008525],[-78.76776300013248,39.608791999667424],[-78.77078199974885,39.60621900034553],[-78.77708400036886,39.603895000223986],[-78.77802199962896,39.60128499997172],[-78.77430000003082,39.59734300005463],[-78.77030999974573,39.595001000084444],[-78.7673360003352,39.58783899996774],[-78.76076699975148,39.582701999701065],[-78.75698599970377,39.58084900023126],[-78.75105300005302,39.581804999742985],[-78.74633200019706,39.57977800019539],[-78.7430979995972,39.58099699999292],[-78.74272500022661,39.58302100000878],[-78.74024100036254,39.586406000181164],[-78.73353399968657,39.586529999939195],[-78.73159399979562,39.57460999971544],[-78.72710200026852,39.569132999832064],[-78.72458900009211,39.56391899984586],[-78.71457800029272,39.5628170000648],[-78.712921000259,39.56208899969516],[-78.71164400016684,39.559625000341384],[-78.70745999971301,39.55583900013833],[-78.69502399960078,39.55383499978318],[-78.69170700005857,39.55104899982812],[-78.69168399959403,39.54904800029465],[-78.68980300015261,39.54595600022098],[-78.68118999992087,39.54381299980333],[-78.67558100013521,39.54020700017062],[-78.66790900043493,39.54020100016726],[-78.66382299989039,39.53685200013305],[-78.65348599967777,39.53457099982229],[-78.64401800002658,39.53616399982915],[-78.63029800014951,39.53712999999502],[-78.62872999980422,39.53788699968235],[-78.62865100016151,39.53939000013436],[-78.62310099992708,39.539695000095094],[-78.61517999980646,39.537837999733775],[-78.60999500034333,39.535489999901614],[-78.6068750004446,39.535205999964546],[-78.60530000042662,39.53283499976114],[-78.60342099973674,39.53200699998745],[-78.60164800025036,39.532380999707364],[-78.59641799968307,39.535884999846026],[-78.591633000253,39.53689100029546],[-78.59000200015855,39.535815000265295],[-78.59219800014253,39.531696999926346],[-78.587606000158,39.52772100003079],[-78.57859899974096,39.52673100007819],[-78.57265000019666,39.522400999916144],[-78.56539199987488,39.51932699967246],[-78.55837399975259,39.52135299982936],[-78.55412800027278,39.52168200022397],[-78.54692000017971,39.52084099998241],[-78.53636399968396,39.52321599984062],[-78.53007000035817,39.52301200008778],[-78.52826799966117,39.524701999884336],[-78.52308599967274,39.52485399979448],[-78.51502800018311,39.52314400015935],[-78.50327900015913,39.518582000242105],[-78.49991900006088,39.519051999775996],[-78.49000299979775,39.5176499997814],[-78.48389400041988,39.5195520002268],[-78.48076799977507,39.518977000056275],[-78.4740119995936,39.516041999775005],[-78.47078000044021,39.516059999810444],[-78.46724999956434,39.517220999864925],[-78.46272299987716,39.520777000082596],[-78.46117200014862,39.52391200007175],[-78.4607269999097,39.528578000021646],[-78.46296899992446,39.533397999713124],[-78.46236700022502,39.53636200009785],[-78.45800399967102,39.53834899997121],[-78.4501880000307,39.538011000316736],[-78.44852199977615,39.54036599972452],[-78.44856500033217,39.54209000019567],[-78.4499190004172,39.54338499971758],[-78.4559459997793,39.544405000077255],[-78.46053399956585,39.546188999699],[-78.46194600027553,39.548950000191056],[-78.46111699989704,39.55083299987809],[-78.45798299975463,39.551431999740856],[-78.45035999955984,39.549829999880174],[-78.44608399994283,39.54648699985041],[-78.4400630004285,39.539257999772175],[-78.43785800022368,39.538515999824334],[-78.4352139996277,39.54016999979521],[-78.43462500034705,39.542188999915034],[-78.43655400036737,39.54824899974647],[-78.43911400039943,39.550791000040626],[-78.43771699975836,39.5533659996695],[-78.43571699959297,39.55358499981445],[-78.43151200012105,39.55228399982665],[-78.42623700024622,39.545959999891586],[-78.42452900015886,39.545180000188495],[-78.41948000023984,39.5456020000578],[-78.41701899994199,39.54856000023078],[-78.4192090000782,39.55183199989723],[-78.4263200000869,39.559221999884215],[-78.43739700009124,39.56313699979568],[-78.44112100023753,39.56608499981618],[-78.4493770000939,39.57027800009082],[-78.45427899969982,39.57408200027977],[-78.45803999965604,39.579707999892904],[-78.45811199962606,39.58405000000252],[-78.45677199978473,39.58760799988636],[-78.45040800013875,39.59055100033523],[-78.44349799997148,39.59133099999927],[-78.4260880002833,39.58613699970306],[-78.41829900040717,39.580931999720164],[-78.40738300006132,39.578607000205736],[-78.39971300001086,39.58070199991651],[-78.39590199982595,39.583285999833656],[-78.3948440000169,39.58515200015276],[-78.39620300012481,39.589279999769325],[-78.39888399963239,39.59159200007993],[-78.41161699984553,39.59744199982016],[-78.42177599978294,39.60420699973399],[-78.42548599968553,39.60767199994947],[-78.43213499973689,39.615363000161736],[-78.43354700044655,39.61820700010848],[-78.43329899985112,39.62069899978538],[-78.43013899976943,39.623415999691424],[-78.42478000022902,39.6245409998157],[-78.42050700008673,39.62407299978256],[-78.39693799989365,39.61606300029439],[-78.3964550000199,39.616436000120515],[-78.39145399978146,39.612475999787016],[-78.38394100008983,39.60898099981428],[-78.37854200036645,39.60796299983489],[-78.37561099971532,39.60830700014121],[-78.37323900000423,39.609403999723575],[-78.37204200027804,39.61186899992307],[-78.38335500028393,39.62291300022504],[-78.38236299969883,39.6277929998477],[-78.38062299982441,39.62921900021315],[-78.37378100032753,39.63037300010179],[-78.36912300022077,39.6295520000386],[-78.36494700016284,39.626969000251],[-78.36050999998902,39.625433999982555],[-78.35550600027584,39.62611099974077],[-78.35356899985962,39.62819199965607],[-78.35345699970664,39.630568999662216],[-78.35636999991611,39.63453600026701],[-78.35860699990799,39.6355509999373],[-78.35925399981329,39.637208000253395],[-78.35801299970615,39.639783000032715],[-78.35532299997774,39.64066299973503],[-78.33523699990656,39.637359000257156],[-78.31564200010502,39.63127900029727],[-78.31085699977665,39.6306090001256],[-78.286029999758,39.621192000031684],[-78.26608799962685,39.61905499996139],[-78.26465300024927,39.61970200032392],[-78.26286300014614,39.6224790000735],[-78.26233800043958,39.63049499985107],[-78.25406699961631,39.64018399974972],[-78.24644500014475,39.64494100010641],[-78.2381070002726,39.652151999938475],[-78.22721100001826,39.65708500022011],[-78.22382499998075,39.66053899965787],[-78.22346400030573,39.662081000047564],[-78.22425299960292,39.663513999873196],[-78.22665399962634,39.66480799967087],[-78.23299999972897,39.67066199977609],[-78.23334200003573,39.672046000237316],[-78.23256799990882,39.67358299995763],[-78.22707899977377,39.6762470001244],[-78.21931199963895,39.67566699988553],[-78.20554900010414,39.676038000286106],[-78.20220400007454,39.67685600021533],[-78.1960250003765,39.682669000128456],[-78.19522199993726,39.68487599989648],[-78.19100800024452,39.69029999986772],[-78.18275800023594,39.69510999969192],[-78.17654199982964,39.695979000213],[-78.16265399972308,39.69391799992222],[-78.15430099978232,39.6906230002654],[-78.13981500017427,39.68981599967879],[-78.13151999995983,39.68678800020646],[-78.10531399974181,39.68168199970271],[-78.09704399964173,39.67821599972462],[-78.08952000007949,39.67144499998517],[-78.08318499984749,39.671528000122954],[-78.08055600021845,39.670501999873274],[-78.07633699960452,39.66817600010411],[-78.06279400017776,39.656661999912686],[-78.05421100008326,39.650986000091756],[-78.04814899966273,39.64350499978162],[-78.03732100007875,39.636983000131],[-78.03029499956054,39.62789300013192],[-78.02349900009442,39.621698999697216],[-78.01010899993022,39.603043999751975],[-78.00261200013213,39.600554000236286],[-77.99955699963243,39.60100200031441],[-77.98521699961425,39.59930300004818],[-77.97761199986114,39.59960800028142],[-77.97317899988526,39.6013170001806],[-77.96939299981469,39.60588400018132],[-77.96715800037094,39.607108999995425],[-77.96095799985817,39.608877999739626],[-77.95504000027603,39.60807799991626],[-77.9513429998939,39.605735000192894],[-77.95056899976701,39.603836000012215],[-77.95227600002946,39.59567499982474],[-77.9510330002725,39.58952799985338],[-77.94961999973793,39.586872000053674],[-77.94610200035427,39.58479200034106],[-77.94235599956836,39.584853000258086],[-77.93911400036922,39.58700100010778],[-77.93733500013674,39.59015499979681],[-77.93603700012821,39.59674700011921],[-77.93529300013853,39.60535799975636],[-77.9358610004011,39.60936500019348],[-77.93873500025252,39.61288799990029],[-77.94285799970868,39.61376599990285],[-77.94478900027711,39.61556599969028],[-77.94397300031743,39.6176299997271],[-77.9410850002223,39.61903499985276],[-77.93607499976304,39.61898599980437],[-77.93275999987065,39.61760899997629],[-77.92835399965895,39.61363000000706],[-77.92608300023022,39.60816899978506],[-77.92378400031407,39.60528099967731],[-77.922174000136,39.60566000003092],[-77.92271999975895,39.60471100028535],[-77.91907299960555,39.603410000311094],[-77.90074800022346,39.600485999804256],[-77.89197299961,39.59775599974852],[-77.8853610002669,39.59767699979473],[-77.88256500023328,39.598878000342836],[-77.8811509998738,39.60097900003948],[-77.88117599998814,39.606369000069364],[-77.88299000038073,39.609520000219],[-77.88699700038424,39.61359999991271],[-77.88650600011457,39.61494399982841],[-77.88491600002797,39.61583300017158],[-77.87426499999599,39.614078999889465],[-77.86392899960828,39.60879900001524],[-77.85355999960859,39.60712499979427],[-77.8418809999048,39.6070139998161],[-77.83740199989818,39.60568699982175],[-77.8322070003893,39.60144500017612],[-77.82968499999207,39.591083000138845],[-77.83087300039575,39.58119699991716],[-77.83335200023699,39.57115199986669],[-77.83608700017122,39.566662000313634],[-77.84322099974615,39.56446399976557],[-77.85680099988112,39.564663000306695],[-77.87854800018403,39.563408000228826],[-77.88691799984322,39.55996999973341],[-77.8885640000063,39.558198000213324],[-77.88873600043374,39.555409999993906],[-77.88602300024081,39.551688000245115],[-77.87164600041271,39.54428099978273],[-77.8652750001957,39.53841199992982],[-77.86450600009168,39.534536999806875],[-77.86635300009621,39.522065999970835],[-77.86613800001105,39.51839900007209],[-77.86475399978879,39.5158699998944],[-77.86117600013068,39.514292999731055],[-77.84943700015243,39.515595000171515],[-77.84194500037722,39.51842799983581],[-77.8406759997827,39.52089599974089],[-77.84056000033004,39.52914199966457],[-77.83908499987119,39.531060999772485],[-77.83696099985721,39.53211200024192],[-77.8322700001385,39.532340000247665],[-77.8262920002819,39.52987200032629],[-77.82473900000524,39.52848400009766],[-77.8234979998981,39.52378500022029],[-77.82579299961628,39.51671000004293],[-77.84660000011093,39.50455899975573],[-77.84784600024093,39.50182000022906],[-77.8453780002704,39.49810900015331],[-77.82756500017607,39.49308599993149],[-77.82397900012204,39.49379899971653],[-77.81936100019824,39.493548000185804],[-77.8028910003183,39.48946000029831],[-77.79699700012728,39.48948700027969],[-77.79156999991649,39.49095800021271],[-77.78554000018134,39.49736300028726],[-77.78215300031893,39.499036000193236],[-77.77090899991002,39.498935000140705],[-77.76634000039003,39.49623799969786],[-77.76554100014877,39.493427000168325],[-77.76727799965013,39.491271000158626],[-77.77201100009997,39.48930199965772],[-77.78780999978518,39.48546300001722],[-77.79395199967333,39.48257099993989],[-77.79719600031889,39.48013899979483],[-77.79815299984558,39.47752099996919],[-77.79800399988268,39.47523199989229],[-77.79538399957616,39.47124700027752],[-77.788480000155,39.467260999862106],[-77.78030200011645,39.4646580001867],[-77.77760499981703,39.46225300020315],[-77.778334999563,39.46094100034649],[-77.78060099986719,39.459843999870685],[-77.79267399975627,39.462064000316],[-77.7980060004308,39.46076900004981],[-77.7990969998518,39.45878199992327],[-77.79826900019654,39.45613100024798],[-77.7937590002278,39.45200800026278],[-77.7861209999644,39.447440000032564],[-77.78526499982173,39.44540300004472],[-77.78823900013059,39.44295000017471],[-77.80091100024438,39.440674000243625],[-77.80326899971176,39.43798999965949],[-77.80156999984523,39.43494299970688],[-77.79431599972138,39.430925000125505],[-77.78633199985158,39.428876000261255],[-77.78143400044362,39.429214999792364],[-77.77439899970459,39.427796999717586],[-77.7636830002736,39.42834799995412],[-77.75903400038766,39.42707199992646],[-77.75418799995991,39.424242999824834],[-77.75284399992063,39.42287600034387],[-77.74640300028175,39.40936900023232],[-77.7410000003604,39.40359099969971],[-77.73840699981807,39.39897599970949],[-77.73586900042561,39.391171999910384],[-77.73660900021733,39.38714800013626],[-77.73930300014369,39.38556000011854],[-77.74917599985083,39.38435299970621],[-77.75148300016289,39.38336399993805],[-77.75297699999001,39.38167899989774],[-77.75230900016834,39.37739800010635],[-77.743640999685,39.36466299979329],[-77.74351000016374,39.36003499982746],[-77.74470100004216,39.35586899998931],[-77.74759599980997,39.35132699975191],[-77.7501030001386,39.34929899973124],[-77.75642499995179,39.34688699971469],[-77.7596290004144,39.34477500022436],[-77.76100299969261,39.3409819999336],[-77.75923900042707,39.3369360000187],[-77.75572799981778,39.333938000008835],[-77.75107800010694,39.33311699998777],[-77.74160999955745,39.32894399966161],[-77.73469199989259,39.32706599971633],[-77.72768499964096,39.32211400026355],[-77.72484000010185,39.32143200028042],[-77.71579400022507,39.32081999973161],[-77.70767399991283,39.32172800014626],[-77.69887400008334,39.31896300028329],[-77.69300800037972,39.318437000103884],[-77.68649999989537,39.320198999761935],[-77.681722000138,39.32388800021799],[-77.67546700027195,39.32436000032254],[-77.66507999983061,39.316804999801526],[-77.65551900029303,39.313509999765614],[-77.6508989998211,39.31084600017651],[-77.64408400008838,39.30875000012064],[-77.63092499990287,39.307718999654334],[-77.62826899961135,39.30608900005249],[-77.61591000039031,39.30254799983351],[-77.61129599976617,39.30340599979011],[-77.61003100026792,39.30286300017902],[-77.61066700030254,39.302593999859816],[-77.60873099971123,39.3024460002718],[-77.60626600011372,39.30375999989125],[-77.59919199991495,39.30188499967804],[-77.5926199998565,39.30120100000081],[-77.58816900033729,39.30175100000349],[-77.57922499966944,39.30507999998754],[-77.56709300022912,39.306234000267615],[-77.56324799970899,39.303769000241594],[-77.56182800040004,39.3014689998089],[-77.56277499988097,39.29446899977193],[-77.56169399960741,39.292865999983974],[-77.56194800005062,39.290164999705],[-77.56069000022507,39.28595999989432],[-77.55721499960079,39.282732000225316],[-77.55415599980145,39.28143100020659],[-77.55083199968823,39.2756880000047],[-77.54550099973692,39.271292000080045],[-77.54350200029472,39.26729200003088],[-77.54084000015541,39.26526900019202],[-77.53097099974794,39.26110199995281],[-77.52062400038785,39.258413000309275],[-77.51066799994175,39.25325600022603],[-77.49857300031135,39.25161000005161],[-77.49053800038793,39.24911200016985],[-77.48473100023554,39.24605200017031],[-77.48113500013577,39.24185300001224],[-77.47110500006978,39.23430299994164],[-77.45949699961281,39.227723999769786],[-77.45763899973764,39.224595000059466],[-77.45889800028642,39.22013399984879],[-77.4613119998303,39.21766000011453],[-77.46987800020636,39.212216999751945],[-77.47328500016026,39.20905399981991],[-77.47494300001891,39.20625399973221],[-77.47515700027915,39.2054890002008],[-77.47447600003869,39.20549400021569],[-77.47599499998016,39.2018269996531],[-77.47491500042982,39.196318000126475],[-77.47691600042015,39.191491999857234],[-77.48120200008292,39.18790900034363],[-77.4850790003901,39.18625600007805],[-77.504919000414,39.18228699987774],[-77.5075310003246,39.18140200017561],[-77.51030600044182,39.17927399988747],[-77.51860400013098,39.16773999969477],[-77.52137199967719,39.161654000171005],[-77.52464100043714,39.149382000099486],[-77.5273219999447,39.14696100006849],[-77.527680000145,39.144657999976864],[-77.52711400043056,39.13651899976864],[-77.52517500036451,39.12926600001517],[-77.52066799987048,39.12143499970913],[-77.515887999565,39.118651999994384],[-77.49070099969623,39.11175100031435],[-77.48540099970704,39.10930999982106],[-77.47895000002242,39.103410000266855],[-77.47349000019969,39.09404399991523],[-77.46865999966546,39.089389000071385],[-77.468823999697,39.085346000225464],[-77.46147300038709,39.07542600029567],[-77.45472899990119,39.07280700015795],[-77.43483799982366,39.07020199995296],[-77.42073399980703,39.06632899987529],[-77.41612500010406,39.06645399983082],[-77.40544599958467,39.06452400011363],[-77.39835399984254,39.06465699991646],[-77.38579399988174,39.06213200032837],[-77.38000599999592,39.06262700024594],[-77.36826700001767,39.061568000263],[-77.36228900016107,39.062560000096674],[-77.34014400037324,39.06290899975049],[-77.33424400033442,39.06133000034045],[-77.33355100039839,39.059390000168044],[-77.32682100015619,39.0573520001479],[-77.31973000023896,39.053383999784806],[-77.31830300035901,39.05358299965706],[-77.31280900020106,39.05175599993835],[-77.30850500009662,39.05223499975025],[-77.30466200012464,39.051370000174245],[-77.29190899981998,39.04584899986068],[-77.27503700025714,39.03428400018716],[-77.25474600014653,39.02973299980363],[-77.24656800010797,39.02495999996067],[-77.24493899966333,39.02151599972633],[-77.24537999970428,39.017531000017186],[-77.24694499967651,39.014769999815385],[-77.25117900035907,39.011888999821636],[-77.2532589999921,39.00915799993006],[-77.25532399955654,39.004875999924984],[-77.2557510002521,39.00174899986305],[-77.25294000014988,38.99545099994894],[-77.24998000008473,38.99464499998292],[-77.24861400030413,38.99262399976577],[-77.24502999989993,38.98268400010231],[-77.23995000001877,38.98075399970999],[-77.23519599965253,38.976080000250604],[-77.23232799964889,38.979288000094414],[-77.22995000009003,38.97970900028319],[-77.22638300030256,38.9741050000855],[-77.22374899975235,38.972119999666674],[-77.21876400030574,38.971541000263464],[-77.21152000022765,38.96934399977396],[-77.20813800038812,38.97024700028906],[-77.20267900039028,38.96767700018214],[-77.19777400041131,38.96673999988405],[-77.19409399974762,38.968228000168274],[-77.18876600016935,38.9674790002888],[-77.18144699974818,38.96878800002789],[-77.17511700043738,38.96817200028799],[-77.16980200037959,38.96631500007514],[-77.16469499983594,38.96774800015725],[-77.1588700001402,38.965852999660086],[-77.1487730001271,38.96503599989751],[-77.14508099976783,38.963145999953504],[-77.13599999973096,38.95436499965201],[-77.12865400044392,38.9413980002227],[-77.11975900017987,38.934343000278616],[-77.04088199995799,38.99584500030949],[-76.90939300018182,38.89285200026212],[-77.03936600038958,38.79158999988148],[-77.03954700013954,38.79048500010044],[-77.04046500020648,38.79040499975551],[-77.04025000012132,38.785215999746356],[-77.04136200035701,38.7854149996579],[-77.04226799983007,38.741155000035505],[-77.04347799997508,38.73924099977358],[-77.04158999996267,38.73681700022977],[-77.04146899958883,38.72584700000716],[-77.04372200037255,38.71919000020124],[-77.04334400008078,38.71844000018867],[-77.04619600019089,38.71443099995305],[-77.05352200028474,38.709803999975556],[-77.07143300028835,38.709980999813745],[-77.07315700026925,38.710811000223046],[-77.07430399976673,38.71290199988928],[-77.07923200021024,38.713052000087686],[-77.08079999965719,38.711125000313],[-77.08003700029926,38.70892399994597],[-77.08760699989229,38.70567099980333],[-77.08798500018406,38.70470700033758],[-77.0889609999773,38.70508400013519],[-77.09827200016798,38.69905300016018],[-77.10376499960267,38.69785999989506],[-77.12263200020638,38.685255999818416],[-77.12731799990225,38.67860200012893],[-77.13243899979128,38.674142999824205],[-77.13642300022856,38.65022600034473],[-77.13629299963391,38.647231000283796],[-77.13293199971078,38.644714999840104],[-77.13350699964604,38.64252499976241],[-77.12968200011572,38.634703999859774],[-77.16636500028848,38.62510599967789],[-77.18027199976329,38.62324599979031],[-77.1826100000375,38.621792000113054],[-77.18964300022841,38.62054300011601],[-77.1914869998599,38.619174999853236],[-77.19698100001784,38.6195399998846],[-77.20017899973435,38.618929000245686],[-77.20196899983748,38.61767500003854],[-77.20369600019141,38.61817200014346],[-77.24636200024364,38.59344100015755],[-77.24690299984371,38.58941599999551],[-77.25570299967322,38.56331800032743],[-77.25702999999407,38.56119699994428],[-77.25645400023389,38.56058699979966],[-77.2612489997097,38.55935799965508],[-77.26197299960788,38.556333999931674],[-77.27294800040329,38.55124399977225],[-77.27612199983035,38.54741999996227],[-77.27655399965049,38.54626299967027],[-77.27572299962218,38.54318099975958],[-77.27633899956534,38.53944500033749],[-77.27897399994048,38.536509999775845],[-77.27899900005482,38.533983000048536],[-77.28012899983386,38.53390699980716],[-77.27979300027319,38.53284100003635],[-77.28271499980521,38.5276910002633],[-77.28291399999682,38.525558000268866],[-77.28729400026924,38.52146300003598],[-77.28747199964616,38.52090500008239],[-77.28500600022376,38.5202770002029],[-77.28530900017245,38.51969499973143],[-77.28712100001688,38.5204009998522],[-77.28973799995035,38.518055999853296],[-77.29540600018557,38.509238999878455],[-77.29577600008142,38.50738400022582],[-77.30308399973362,38.49918800032105],[-77.30963800024871,38.49563600002913],[-77.3114469997201,38.48874300027061],[-77.3156210001282,38.48057199969339],[-77.31531599963137,38.47854900029292],[-77.31661000034025,38.47772900021575],[-77.31854199983529,38.474437000131466],[-77.31792800044028,38.473122999865986],[-77.31863600044494,38.4729630002566],[-77.31899000044726,38.46808999985675],[-77.32039999971047,38.43522099998837],[-77.32256300008251,38.434621000114355],[-77.32300900014634,38.43345399987089],[-77.32210600014801,38.42894400008198],[-77.31878600023275,38.417671000274936],[-77.31503500032228,38.411207000351155],[-77.31207699990695,38.401757999765394],[-77.31044499998758,38.400101000262346],[-77.31083599979982,38.39688200027709],[-77.30493800030916,38.37527100022615],[-77.29679200005765,38.37050000004807],[-77.2937829995887,38.36535699984447],[-77.28819499971944,38.359384999930434],[-77.28856499961528,38.357394999840146],[-77.28726400013201,38.35309199969392],[-77.28840700032985,38.351401000255265],[-77.28379600007875,38.342855000262475],[-77.27658100031297,38.33788100031221],[-77.26529500007126,38.333163999740115],[-77.24714899989101,38.33152300001071],[-77.2400710003926,38.331597000207736],[-77.23520800024642,38.33253600001077],[-77.20469399972598,38.34109599982758],[-77.19049500017312,38.34103699992746],[-77.17933899962773,38.34191400004789],[-77.17044699973674,38.34479499991238],[-77.16321899955217,38.34582299982208],[-77.15836700017496,38.34850200027274],[-77.15138400021277,38.35447800028596],[-77.145768999681,38.36146299978695],[-77.13822400020236,38.36791599964826],[-77.12469900031896,38.36675999982932],[-77.10487400036365,38.36974599977286],[-77.09812200038014,38.368825999983095],[-77.09353399969527,38.367297000294826],[-77.09008900010654,38.36727500008384],[-77.08423799957323,38.368738999667144],[-77.07688999973806,38.37276300028068],[-77.07055000038152,38.37815099968128],[-77.0612290001451,38.38886100023767],[-77.05870599992298,38.393985999783666],[-77.05342000017748,38.39881300012781],[-77.04369399988515,38.40102199975788],[-77.04150499957385,38.400691999771816],[-77.02898200032128,38.38989199985145],[-77.02593000019463,38.3882289996745],[-77.02110100038364,38.38321599983025],[-77.01801900011975,38.38160100030223],[-77.01146399977974,38.37442499965466],[-77.0145800003788,38.37273900019829],[-77.0159109999993,38.37102399981751],[-77.01447099970055,38.362216999717894],[-77.01464800015087,38.354043000192284],[-77.01680700032495,38.341687999987116],[-77.01612299971141,38.339543000163566],[-77.0143479996769,38.337723000171486],[-77.01505300020683,38.335244999820546],[-77.01452699977706,38.332633999875824],[-77.03068299983762,38.31162200019015],[-77.02876499968798,38.31138200006059],[-77.0281310002015,38.305316999818544],[-77.02350800025482,38.30145500027764],[-77.01829399958105,38.30030299997537],[-77.01644900012465,38.2988370001844],[-77.01459000042456,38.296075999977226],[-77.01066399971359,38.292766999902256],[-77.00870899975402,38.288960999893725],[-77.00160299976817,38.28174299998164],[-77.00090200033453,38.28000400033383],[-76.99086899989553,38.273638999972995],[-76.98897300038549,38.27441300000892],[-76.98134599999274,38.27454199968295],[-76.97080600028885,38.2656510000363],[-76.96769300006282,38.26173899996692],[-76.96208599992697,38.25696400011916],[-76.96087599978199,38.253419000343456],[-76.96136899970149,38.25308700000101],[-76.9606509996511,38.24946800019289],[-76.95739400038335,38.24229800007678],[-76.95692300020515,38.23747200029578],[-76.95809900001495,38.23405800026823],[-76.96225099978344,38.229888000156826],[-76.9490199996279,38.20841799971564],[-76.93683799995885,38.202384999922124],[-76.91617699995238,38.19973500003349],[-76.91436699975777,38.198155000111356],[-76.9111299996832,38.197357000269605],[-76.90136400010618,38.18962100023931],[-76.8905370003471,38.18326499996818],[-76.88101000024638,38.175199000251055],[-76.87674399977678,38.17301900024704],[-76.87115199970955,38.17144699997616],[-76.85883600014623,38.17099899974659],[-76.85717099971656,38.16872900027867],[-76.85426099988013,38.16730199971191],[-76.84765399966157,38.166631999829505],[-76.83936799966799,38.163608999821626],[-76.82428399966014,38.16364600004163],[-76.79988699981179,38.16893299970028],[-76.79632800042027,38.16824200019242],[-76.78823300022238,38.16925500022197],[-76.7745769999194,38.167143999769586],[-76.77141000016502,38.1679110002909],[-76.76397299974307,38.16779099984873],[-76.75141699998024,38.16468900002581],[-76.69026599981403,38.16054899982673],[-76.63597200011165,38.1525599998867],[-76.62916300022673,38.15348300024442],[-76.62512799973582,38.1514469998639],[-76.62132999996967,38.15063800010422],[-76.60543000000213,38.148933000097145],[-76.60497200024273,38.14798999975017],[-76.61038400038491,38.148516000256066],[-76.60172099992445,38.12512900023025],[-76.60204700033769,38.12379500008211],[-76.59987399991991,38.114441000026225],[-76.60046700029685,38.113087999779154],[-76.59615599962139,38.106676000249685],[-76.5880799996901,38.102208000180696],[-76.58156799990608,38.095908999895265],[-76.5636219997424,38.08784499990657],[-76.55662899973446,38.085873000076546],[-76.541938000087,38.07676499968761],[-76.53645700034784,38.07490300014254],[-76.53524899985268,38.0729469997852],[-76.53560000038027,38.06746499987779],[-76.53419100004363,38.0635389999172],[-76.52635799978658,38.05310799974666],[-76.51616000038943,38.044919999813416],[-76.516608999928,38.026782999900526],[-76.5053870001587,38.022092000115585],[-76.49197600007813,38.017714000125636],[-76.48089400005091,38.01527699966723],[-76.47488699988199,38.015392000082294],[-76.47339700025283,38.0162319999187],[-76.46500800032709,38.01322000030328],[-76.44217100042809,37.98958400010852],[-76.43698799971648,37.98605900015796],[-76.4338999996048,37.98184700007821],[-76.42545999962542,37.97687099982065],[-76.4129339999998,37.96633199995898],[-76.38901199962932,37.958349999964064],[-76.35932499983755,37.95227300021153],[-76.34977900036856,37.949427999889814],[-76.33337200023783,37.94295599993091],[-76.26181199988898,37.90878599984167],[-76.25440299995444,37.9026679997223],[-76.24790600023906,37.89486899984037],[-76.2407769997887,37.890625999936994],[-76.23730999956034,37.88970699973053],[-76.23657200031677,37.8901460001092],[-76.23645799961562,37.886604999729734],[-76.12466099972536,37.92870799990045],[-76.0520209998262,37.953577999979046],[-75.99333799963055,37.95348700006331],[-75.94369299981409,37.946132999695166],[-75.95267199974374,37.90682699975086],[-75.88293900020626,37.91133500000944],[-75.8012400000115,37.912174000344],[-75.76164199997943,37.941365999764386],[-75.70463400025922,37.95469799995367],[-75.6913210000879,37.955496000035744],[-75.66529999981779,37.94951100026231],[-75.65568099965557,37.94543299979535],[-75.64770000015882,37.94696300029594],[-75.64822800023842,37.96677099985753],[-75.64472500002506,37.96977499984144],[-75.64181600001353,37.975973999822195],[-75.63822199956357,37.97939499989824],[-75.63573500022476,37.97953400030592],[-75.63200799970542,37.97601799988599],[-75.62953200023725,37.975962999979146],[-75.62885299964661,37.97779499990651],[-75.63371199959482,37.98305500031145],[-75.63383200014373,37.984517000154504],[-75.63086799988062,37.98781600032202],[-75.62561100044746,37.98979800029144],[-75.62444899998306,37.9941949998984],[-75.45764000033999,38.00860600012465],[-75.3977639997178,38.013062999667305],[-75.24960900024313,38.026715000081225],[-75.1664349995895,38.027834000070314],[-75.15686599965598,38.0407970003303],[-75.13520000044225,38.074469000135615],[-75.12462499967994,38.09390100000776],[-75.08781299963574,38.18935600021897],[-75.07140300003027,38.22593199991089],[-75.05792900020049,38.250112999794126],[-75.04145699977242,38.28700899973378],[-75.03129500036027,38.29473699966347],[-75.02413800032083,38.30334699970297],[-75.02080499998678,38.30975599977982],[-75.01909500024959,38.321424999975875],[-74.99962500012154,38.37166800021313],[-74.99962500012154,38.382970999917596],[-74.99334699979096,38.406447000228184],[-74.98794499969453,38.43662900000268],[-74.98628199981302,38.45163199977536],[-75.23211499999104,38.45122199981172],[-75.41088000024563,38.45229699973865],[-75.56339400007633,38.45564900004066],[-75.69367000023277,38.46007999979123]]]}},{"type":"Feature","properties":{"state":"RI","name":"Rhode Island"},"geometry":{"type":"MultiPolygon","coordinates":[[[[-71.19547900033056,41.67509000022768],[-71.2262540000686,41.71255299995715],[-71.26106699977227,41.75208200018372],[-71.3284719999796,41.7806940001221],[-71.32909600031867,41.7827189998617],[-71.3298029996001,41.78203800019491],[-71.33039099995415,41.785381000220305],[-71.3294569999937,41.78832700008242],[-71.33274299957375,41.7901599996962],[-71.33219600012589,41.790976999802666],[-71.33464499982988,41.79483500015642],[-71.34048100029456,41.79703300001129],[-71.3398419998869,41.79774800026549],[-71.34120099999478,41.799774000272855],[-71.33908799985147,41.80578300020699],[-71.33967500038062,41.80633999983568],[-71.33933200024896,41.80852700022873],[-71.34754500044761,41.82324600013131],[-71.34519799995256,41.82767600010971],[-71.33541700030695,41.83564500019505],[-71.34255000005695,41.84465599971396],[-71.33403999975737,41.86260399999971],[-71.34088999965017,41.88180400016222],[-71.33878699955261,41.89859300001877],[-71.38146299965057,41.89354600001753],[-71.3814009997263,42.0187979997801],[-71.49825900012945,42.01727199988229],[-71.52770200042205,42.015094999964624],[-71.77142699958134,42.00948100008278],[-71.79918799972585,42.008052999761894],[-71.79788300004462,41.93101100014331],[-71.79106599976377,41.77020200027859],[-71.78723899968534,41.65611099995739],[-71.79248500014614,41.519771999716674],[-71.79774499995236,41.416726999672186],[-71.80143899996142,41.41554499974416],[-71.80368400034921,41.41742799994414],[-71.80681199974556,41.41667300018879],[-71.81215000026786,41.41921300015666],[-71.81808799994151,41.41985200030671],[-71.82032999995627,41.419381999964514],[-71.82373100006237,41.41728199976941],[-71.82538399989815,41.41468700020317],[-71.82790200009742,41.41433400031441],[-71.83410699973474,41.41158200027267],[-71.839257999761,41.41238999985472],[-71.84242600023862,41.410260000130656],[-71.84235199972045,41.40808400020958],[-71.84359100017777,41.40533100030391],[-71.84155300037752,41.403045999767976],[-71.84106799995561,41.39965800008302],[-71.8422089996053,41.395380000222836],[-71.838748999948,41.39105399991323],[-71.83313000011657,41.38783900014888],[-71.83259100016632,41.386384999836146],[-71.83352699977661,41.382264000324696],[-71.83063700003166,41.37877199985332],[-71.83265599956533,41.375849999946745],[-71.83184399980361,41.370343999666694],[-71.83763300041265,41.36549899975345],[-71.83787299971384,41.36014500017307],[-71.83604400015096,41.35398800029879],[-71.83130300020352,41.35129499973616],[-71.82936499996238,41.342432000211026],[-71.83728000023522,41.33506799992923],[-71.84770899961104,41.32960399994813],[-71.8519230002021,41.32466400031034],[-71.85745800036793,41.32078899970279],[-71.8665379996816,41.31918500008151],[-71.87451300022889,41.321867999889555],[-71.89206699985712,41.330075000201894],[-71.90165800043025,41.31268299982366],[-71.9072579999951,41.30448300028953],[-71.79097200005245,41.18410100019588],[-71.79148000004056,41.272164999947044],[-71.778429999635,41.275111000238574],[-71.76581199994789,41.274244999759375],[-71.73955999969908,41.27544900026621],[-71.72896899994156,41.27796400020888],[-71.71999400020988,41.281148999875995],[-71.70574399970506,41.28073899996945],[-71.69504300034266,41.282646999748664],[-71.67259499970783,41.28907900023823],[-71.65956500029206,41.296652999797416],[-71.65152299979762,41.29836199974172],[-71.6321880002871,41.304841999805205],[-71.62450399999294,41.30599699997379],[-71.59815100036013,41.31259400010257],[-71.58506699961937,41.31677500022323],[-71.57525300036178,41.32095500016777],[-71.54385099991163,41.31259799997134],[-71.52659400038432,41.30880399999204],[-71.50661000042038,41.30735599982846],[-71.4948050003199,41.3073549997809],[-71.47987600012274,41.31259899993852],[-71.37449499975699,41.33901099976836],[-71.2499599996307,41.37771300026311],[-71.11932199997432,41.41332100003987],[-71.08857099962744,41.431314999762186],[-71.1211160002754,41.49278700008756],[-71.11987400034337,41.494604000320095],[-71.12243699985015,41.52207500030118],[-71.13161999999431,41.59371599989452],[-71.13834600003855,41.60367600029008],[-71.14030799967081,41.604849999987174],[-71.14195800003183,41.612532999683964],[-71.14018499964716,41.62386899971188],[-71.13530700033067,41.62848800000227],[-71.13255700032782,41.66036300023152],[-71.17611999963228,41.66824799991862],[-71.1757840000716,41.67149300010397],[-71.19547900033056,41.67509000022768]]],[[[-71.67880699991616,41.15891199997699],[-71.67830200030109,41.14890400015563],[-71.6760920000734,41.14150199995672],[-71.67264400011162,41.134291999751014],[-71.66834500003006,41.12825000002734],[-71.64984900004544,41.114143000111035],[-71.64034399968602,41.108432999773456],[-71.63030100009958,41.1034550000648],[-71.61886099987208,41.09909099983389],[-71.61167299987049,41.09741299970218],[-71.59351300034484,41.09583399969442],[-71.56929999972122,41.09718200016429],[-71.55315999955415,41.10007899976122],[-71.53584100010258,41.1016640001612],[-71.52816799967908,41.10311399969285],[-71.51753799956349,41.10707700022277],[-71.50809300037685,41.11161499966445],[-71.50188700001628,41.115541000050854],[-71.49143199980287,41.12510399989068],[-71.47956200030339,41.14805499993281],[-71.47702400001263,41.15565700003088],[-71.47692500027844,41.16815699967173],[-71.47860300022856,41.17579199967164],[-71.48271599963897,41.18625299969707],[-71.48984400026443,41.19469799996996],[-71.48588400011658,41.20472699993528],[-71.484582999735,41.21748600003259],[-71.48649699968668,41.22692699971605],[-71.48932200003262,41.23517100003071],[-71.49219599988402,41.24087599966914],[-71.51635000005813,41.27154899995491],[-71.53597900019483,41.28617999991561],[-71.5575690001389,41.29401800018583],[-71.57065499963116,41.29401800018583],[-71.59159099999724,41.289317000207895],[-71.60925699977847,41.281999000334835],[-71.62450399999294,41.27412900006069],[-71.63496800042718,41.26368199983054],[-71.64084400017653,41.25010100016758],[-71.64200599974264,41.245313000193065],[-71.64301400022127,41.231323000281385],[-71.64937799986724,41.22398600004026],[-71.65456099968056,41.21546499975291],[-71.66376800011415,41.206604999792134],[-71.66785799995833,41.20062600031921],[-71.67049099978533,41.1945029999276],[-71.67880699991616,41.15891199997699]]]]}}]}